time,dcse.flange.phi,dcse.airGapDC.pin_ep.i,dcse.inertiaRotor.wˍt,loadInertia.w,dcse.la.iˍt,dcse.la.i,loadInertia.phi
0,0,0,-0,0,50000,0,0
1e-06,4.419565078e-18,0.04998675234,5.302353901e-05,1.767685496e-11,49973.50702,0.04998675234,4.419565078e-18
1.413863882e-05,1.758720814e-13,0.7042898549,0.01052596044,4.970056399e-08,49626.72638,0.7042898549,1.758720814e-13
7.251873541e-05,1.194921991e-10,3.557139677,0.2685101491,6.553197771e-06,48114.7159,3.557139677,1.194921991e-10
0.0001579047619,2.614889526e-09,7.573890334,1.217297957,6.542025186e-05,45985.83655,7.573890334,2.614889526e-09
0.0002589194162,1.831684438e-08,12.0969751,3.105363482,0.0002772888383,43588.59252,12.0969751,1.831684438e-08
0.0003886107168,8.93053036e-08,17.56012484,6.54355965,0.0008918456579,40693.08398,17.56012484,8.93053036e-08
0.0005423594912,3.233272206e-07,23.56850228,11.78753068,0.002286885311,37508.52223,23.56850228,3.233272206e-07
0.0007262835635,9.839779642e-07,30.14161895,19.27933333,0.005126953623,34024.45006,30.14161895,9.839779642e-07
0.0009391090914,2.583680686e-06,36.98935759,29.03437153,0.01025238252,30394.43335,36.98935759,2.583680686e-06
0.001183749698,6.078846815e-06,43.96303756,41.0141971,0.01881036026,26696.9578,43.96303756,6.078846815e-06
0.001460230281,1.302310738e-05,50.82858956,54.82452848,0.03205971781,23055.66051,50.82858956,1.302310738e-05
0.00176996344,2.582722016e-05,57.41377234,69.95050806,0.05139988003,19561.30714,57.41377234,2.582722016e-05
0.00211303509,4.789269431e-05,63.54895438,85.69892696,0.07813569717,16303.24869,63.54895438,4.789269431e-05
0.002489481651,8.375944579e-05,69.11122412,101.3574093,0.1134011651,13346.10434,69.11122412,8.375944579e-05
0.00289808391,0.0001389861514,74.01214755,116.2422405,0.1579325595,10736.35478,74.01214755,0.0001389861514
0.003336819837,0.000219919279,78.2119158,129.808536,0.2119969429,8494.906658,78.2119158,0.000219919279
0.003802770782,0.0003332432599,81.71526853,141.6977748,0.2753461257,6619.288009,81.71526853,0.0003332432599
0.004292722508,0.0004855827452,84.56666361,151.758806,0.3473299543,5086.172602,84.56666361,0.0004855827452
0.004803359877,0.0006831092766,86.83639682,160.0138741,0.4270189707,3858.677867,86.83639682,0.0006831092766
0.005331528001,0.0009312931637,88.60762387,166.6074292,0.5133520712,2893.170027,88.60762387,0.0009312931637
0.0058742566,0.001234712034,89.96516318,171.750732,0.6052363628,2145.143184,89.96516318,0.001234712034
0.006428863521,0.001597011157,90.98845615,175.6789049,0.7016340095,1572.907316,90.98845615,0.001597011157
0.006992864175,0.002020842918,91.74738005,178.6203785,0.8015898443,1139.791492,91.74738005,0.002020842918
0.007563988339,0.002507908883,92.3008896,180.780475,0.9042549384,814.8558296,92.3008896,0.002507908883
0.008140078217,0.003058933136,92.69707909,182.3338793,1.008874116,572.8656826,92.69707909,0.003058933136
0.00871899811,0.003673611456,92.97422892,183.4236796,1.114765814,393.7480062,92.97422892,0.003673611456
0.009298481139,0.004350441883,93.1622292,184.1638472,1.221285676,261.8528697,93.1622292,0.004350441883
0.009877964168,0.005089107413,93.28443164,184.6446918,1.328155522,164.8772737,93.28443164,0.005089107413
0.0104574472,0.005889771409,93.35826652,184.9342479,1.43524577,93.60877985,93.35826652,0.005889771409
0.01103693023,0.006752532509,93.39656455,185.082918,1.542460908,41.26181573,93.39656455,0.006752532509
0.01161641326,0.007677441674,93.40876881,185.1279645,1.649730636,2.83919758,93.40876881,0.007677441674
0.01219589629,0.008664514797,93.40182781,185.0968917,1.757003278,-25.33855667,93.40182781,0.008664514797
0.01277537931,0.009713742009,93.38085342,185.0099768,1.864240898,-45.98018762,93.38085342,0.009713742009
0.0133876178,0.01088976834,93.34759305,184.8739487,1.97747145,-61.7995364,93.34759305,0.01088976834
0.01401785757,0.01217275461,93.30477209,184.6997247,2.093932995,-73.42377438,93.30477209,0.01217275461
0.01468164231,0.01360335067,93.25300922,184.4896611,2.216465391,-82.01617075,93.25300922,0.01360335067
0.01537903998,0.01519395379,93.19351286,184.2485541,2.345044976,-88.20572255,93.19351286,0.01519395379
0.01611891383,0.01697939685,93.12651955,183.9772747,2.481266104,-92.57935278,93.12651955,0.01697939685
0.01690585243,0.01898893624,93.05240125,183.6772542,2.625927491,-95.55923436,93.05240125,0.01898893624
0.01774776072,0.02126478376,92.97106272,183.3480372,2.780428769,-97.49244142,92.97106272,0.02126478376
0.01865202966,0.02385395239,92.88232512,182.9888304,2.946062617,-98.64640227,92.88232512,0.02385395239
0.01962802113,0.02681637621,92.78571913,182.5976619,3.124467462,-99.23047115,92.78571913,0.02681637621
0.02068591007,0.0302238116,92.68062106,182.1719281,3.317410403,-99.40364342,92.68062106,0.0302238116
0.02183722722,0.03416383795,92.56622221,181.7082653,3.52688113,-99.28425398,92.56622221,0.03416383795
0.02309390827,0.03873935069,92.44164369,181.2030099,3.754912853,-98.95760938,92.44164369,0.03873935069
0.02446619704,0.0440626213,92.30616109,180.6531063,4.003198145,-98.48359909,92.30616109,0.0440626213
0.02595921567,0.05024059645,92.15955067,180.0575128,4.272471612,-97.90405063,92.15955067,0.05024059645
0.02756998324,0.05735586452,92.0023753,179.4183711,4.561987173,-97.24896875,92.0023753,0.05735586452
0.02928740265,0.06545497621,91.83596583,178.7409466,4.869541456,-96.54065271,91.83596583,0.06545497621
0.0310964938,0.07455652579,91.66198973,178.0318884,5.192258046,-95.79540258,91.66198973,0.07455652579
0.03298273364,0.08466664344,91.4820248,177.2975016,5.527375488,-95.02459317,91.4820248,0.08466664344
0.03493375705,0.0957876438,91.29740032,176.5430994,5.872550283,-94.23608311,91.29740032,0.0957876438
0.03693927948,0.1079196968,91.1092122,175.7730617,6.22583835,-93.43553988,91.1092122,0.1079196968
0.0389908754,0.1210619701,90.91835123,174.9909477,6.585650392,-92.6272098,90.91835123,0.1210619701
0.04108141736,0.1352113584,90.72556161,174.1997317,6.950648274,-91.81446635,90.72556161,0.1352113584
0.04320496628,0.1503635727,90.53145583,173.4018623,7.319721736,-91.00000316,90.53145583,0.1503635727
0.0453565318,0.1665131722,90.33654104,172.5993673,7.691942839,-90.18600108,90.33654104,0.1665131722
0.04753194137,0.183654067,90.14123456,171.7939162,8.066539987,-89.37421942,90.14123456,0.183654067
0.04972770871,0.2017798055,89.94587885,170.9868794,8.44287234,-88.56607279,89.94587885,0.2017798055
0.05194093091,0.2208838745,89.75075353,170.1793761,8.820409614,-87.76268967,89.75075353,0.2208838745
0.05416919547,0.2409598957,89.55608585,169.3723163,9.198714018,-86.96496273,89.55608585,0.2409598957
0.0564105015,0.2620017699,89.36205965,168.5664359,9.577425004,-86.17359058,89.36205965,0.2620017699
0.05866319229,0.2840037706,89.16882281,167.7623273,9.956246263,-85.38911286,89.16882281,0.2840037706
0.06092589785,0.3069605968,88.97649366,166.9604644,10.33493473,-84.61193946,88.97649366,0.3069605968
0.06319748657,0.330867397,88.7851662,166.1612236,10.71329138,-83.84237472,88.7851662,0.330867397
0.06547702384,0.3557197641,88.59491455,165.3649017,11.09115338,-83.08063767,88.59491455,0.3557197641
0.06776373911,0.3815137335,88.40579656,164.5717302,11.46838788,-82.32687812,88.40579656,0.3815137335
0.07005699613,0.4082457445,88.21785683,163.7818877,11.84488644,-81.58119053,88.21785683,0.4082457445
0.07235627038,0.4359126226,88.03112914,162.9955093,12.22056081,-80.84362472,88.03112914,0.4359126226
0.07466112923,0.4645115427,87.84563849,162.2126951,12.59533927,-80.1141949,87.84563849,0.4645115427
0.07697121603,0.4940399995,87.66140275,161.4335167,12.96916366,-79.39288686,87.66140275,0.4940399995
0.07928623628,0.5244957689,87.478434,160.6580225,13.34198685,-78.67966404,87.478434,0.5244957689
0.0816059469,0.5558768792,87.29673968,159.8862426,13.7137708,-77.97447222,87.29673968,0.5558768792
0.08393014675,0.5881815757,87.11632345,159.118192,14.08448483,-77.27724348,87.11632345,0.5881815757
0.08625867001,0.6214083054,86.93718593,158.3538736,14.45410438,-76.58789914,86.93718593,0.6214083054
0.08859137909,0.6555556789,86.7593253,157.593281,14.82260979,-75.90635245,86.7593253,0.6555556789
0.09092816025,0.6906224569,86.58273779,156.8363998,15.18998549,-75.23251052,86.58273779,0.6906224569
0.09326891886,0.7266075224,86.40741807,156.08321,15.55621916,-74.56627608,86.40741807,0.7266075224
0.09561357642,0.7635098688,86.2333596,155.3336866,15.9213012,-73.90754862,86.2333596,0.7635098688
0.09796206761,0.8013285822,86.06055482,154.5878011,16.2852242,-73.25622557,86.06055482,0.8013285822
0.09858089633,0.8114359339,86.01527447,154.392061,16.38082699,-73.08599541,86.01527447,0.8114359339
0.0990859671,0.8197290964,85.97839586,154.2325492,16.45876561,-72.94748462,85.97839586,0.8197290964
0.09991598363,0.8334432414,85.91794244,153.9708908,16.58667255,-72.72068869,85.91794244,0.8334432414
0.09998643815,0.8346122296,85.91281961,153.9487077,16.59751971,-72.70148475,85.91281961,0.8346122296
0.1000111889,0.8350230778,85.91102344,153.9409272,16.60132996,-72.16255098,85.91102344,0.8350230778
0.1000228259,0.8352162776,85.9101869,153.9372982,16.60312135,-71.60945346,85.9101869,0.8352162776
0.1001301282,0.8369987171,85.90277016,153.9049162,16.61963742,-66.68193797,85.90277016,0.8369987171
0.1003099569,0.8399898936,85.891474,153.8547752,16.64730936,-59.08276827,85.891474,0.8399898936
0.1005194915,0.8434814582,85.87993948,153.8022754,16.67954166,-51.17428142,85.87993948,0.8434814582
0.1007784606,0.8478060995,85.86781952,153.7451578,16.71936411,-42.64127689,85.86781952,0.8478060995
0.1010713546,0.8527096961,85.85656855,153.6894852,16.76438679,-34.41811266,85.85656855,0.8527096961
0.1014013872,0.858250859,85.84652652,153.6363207,16.8151003,-26.68372999,85.84652652,0.858250859
0.1017596265,0.8642845458,85.83824164,153.5880947,16.87012996,-19.80791469,85.83824164,0.8642845458
0.1021430318,0.87076393,85.83182699,153.5453573,16.92900799,-13.87366215,85.83182699,0.87076393
0.1025448146,0.8775781072,85.8272862,153.5084519,16.99069223,-8.921952857,85.8272862,0.8775781072
0.102959515,0.8846373536,85.82445598,153.4770503,17.05434553,-4.889155122,85.82445598,0.8846373536
0.1033797734,0.891818138,85.82310263,153.4506693,17.11883984,-1.681699113,85.82310263,0.891818138
0.1038000318,0.8990260244,85.82294544,153.4285677,17.18332399,0.8315872906,85.82294544,0.8990260244
0.1042202902,0.9062610091,85.82372558,153.4098022,17.24779959,2.801153952,85.82372558,0.9062610091
0.1046707068,0.9140452655,85.82537281,153.3925575,17.31689393,4.441825125,85.82537281,0.9140452655
0.1051480773,0.9223293172,85.82782516,153.3767559,17.39011516,5.771385298,85.82782516,0.9223293172
0.1056571761,0.9312024793,85.83104809,153.3620052,17.46819524,6.837706824,85.83104809,0.9312024793
0.1061997599,0.9407030123,85.83499762,153.3480316,17.55140312,7.676807778,85.83499762,0.9407030123
0.1067798919,0.9509109466,85.83965005,153.3345103,17.64036123,8.32629535,85.83965005,0.9509109466
0.1074010844,0.9618985913,85.8449844,153.3211499,17.73560729,8.819074518,85.8449844,0.9618985913
0.1080680729,0.9737621404,85.85099653,153.3076491,17.83786619,9.185454549,85.85099653,0.9737621404
0.1087861583,0.986610776,85.85769461,153.2937128,17.94794914,9.451974719,85.85769461,0.986610776
0.1095619671,1.000581084,85.86510638,153.2790359,18.06687005,9.641643228,85.86510638,1.000581084
0.1104035474,1.015840084,85.87328042,153.2632987,18.19586003,9.773809145,85.87328042,1.015840084
0.111321019,1.032598772,85.88229242,153.2461495,18.3364669,9.864369231,85.88229242,1.032598772
0.1123271318,1.051124886,85.89225057,153.2271866,18.49064029,9.926018278,85.89225057,1.051124886
0.1134382514,1.07176478,85.90330501,153.2059276,18.66088224,9.968623551,85.90330501,1.07176478
0.1146756994,1.094973947,85.9156611,153.1817673,18.85045172,9.999647147,85.9156611,1.094973947
0.1160676876,1.121361948,85.92959866,153.1539149,19.06365963,10.02460144,85.92959866,1.121361948
0.1176519051,1.151755106,85.94549842,153.1213041,19.30626304,10.04751317,85.94549842,1.151755106
0.119478462,1.187274502,85.96387277,153.0824757,19.58591255,10.07137648,85.96387277,1.187274502
0.1216095662,1.229361709,85.98536486,153.0355001,19.91209753,10.09853771,85.98536486,1.229361709
0.1241035208,1.279497442,86.01059024,152.9782423,20.29369022,10.13083539,86.01059024,1.279497442
0.1269662633,1.33821981,86.03964677,152.9094983,20.73152991,10.16919977,86.03964677,1.33821981
0.1301351623,1.404683556,86.07194157,152.8296675,21.21595922,10.21346788,86.07194157,1.404683556
0.1335506773,1.478038244,86.10691035,152.7392684,21.73779813,10.26333824,86.10691035,1.478038244
0.1371730728,1.557783033,86.14418768,152.6385047,22.29089919,10.31866997,86.14418768,1.557783033
0.1409686268,1.643488554,86.183467,152.5275823,22.87003809,10.37932647,86.183467,1.643488554
0.144907347,1.734750045,86.22447693,152.4067619,23.47056551,10.44515068,86.22447693,1.734750045
0.1489621387,1.831170832,86.26697236,152.2763749,24.08828089,10.51595648,86.26697236,1.831170832
0.1531088897,1.932367778,86.31073501,152.1368087,24.71944589,10.59153539,86.31073501,1.932367778
0.1573268139,2.037985414,86.35557716,151.9884781,25.36083682,10.67167097,86.35557716,2.037985414
0.1615979013,2.147689595,86.401336,151.8318235,26.00966065,10.75613836,86.401336,2.147689595
0.1659070392,2.261177963,86.44787533,151.6672859,26.66357273,10.8447165,86.44787533,2.261177963
0.1702415578,2.378175948,86.49508115,151.4953028,27.320607,10.93718923,86.49508115,2.378175948
0.1745910092,2.498438015,86.54285983,151.3162979,27.97914149,11.0333499,86.54285983,2.498438015
0.1789468367,2.621745225,86.59113502,151.1306773,28.6378472,11.13300265,86.59113502,2.621745225
0.1833026641,2.747919862,86.63985153,150.938801,29.29573071,11.23597715,86.63985153,2.747919862
0.1876584915,2.876958286,86.68902376,150.7407721,29.952765,11.34224123,86.68902376,2.876958286
0.1920143189,3.00885674,86.73866596,150.5366943,30.6089235,11.45176249,86.73866596,3.00885674
0.1963701463,3.143611353,86.78879225,150.3266721,31.26418009,11.56450828,86.78879225,3.143611353
0.2007259738,3.281218139,86.8394166,150.1108106,31.9185091,11.68044572,86.8394166,3.281218139
0.2050818012,3.421673004,86.89055285,149.8892153,32.57188533,11.79954171,86.89055285,3.421673004
0.2094376286,3.564971742,86.94221468,149.6619924,33.22428404,11.92176299,86.94221468,3.564971742
0.213793456,3.711110044,86.99441563,149.4292488,33.87568094,12.04707609,86.99441563,3.711110044
0.2181492834,3.860083493,87.04716909,149.1910914,34.52605222,12.17544742,87.04716909,3.860083493
0.2225051108,4.01188757,87.10048832,148.947628,35.17537453,12.30684322,87.10048832,4.01188757
0.2268609383,4.166517658,87.15438641,148.6989666,35.82362499,12.44122964,87.15438641,4.166517658
0.2312167657,4.323969038,87.20887632,148.4452156,36.47078121,12.5785727,87.20887632,4.323969038
0.2355725931,4.484236895,87.26397085,148.1864837,37.11682124,12.71883834,87.26397085,4.484236895
0.2399284205,4.647316321,87.31968265,147.92288,37.76172363,12.86199243,87.31968265,4.647316321
0.2442842479,4.813202315,87.37602424,147.6545137,38.4054674,13.00800076,87.37602424,4.813202315
0.2486400754,4.981889785,87.43300796,147.3814944,39.04803204,13.15682911,87.43300796,4.981889785
0.2529959028,5.153373551,87.49064604,147.1039317,39.68939751,13.30844318,87.49064604,5.153373551
0.2573517302,5.327648347,87.54895053,146.8219355,40.32954428,13.46280868,87.54895053,5.327648347
0.2617075576,5.504708823,87.60793334,146.535616,40.96845326,13.61989132,87.60793334,5.504708823
0.266063385,5.684549547,87.66760622,146.245083,41.60610587,13.77965679,87.66760622,5.684549547
0.2704192125,5.867165006,87.7279808,145.9504469,42.24248399,13.94207081,87.7279808,5.867165006
0.2747750399,6.052549611,87.78906854,145.6518177,42.87756999,14.10709913,87.78906854,6.052549611
0.2791308673,6.240697695,87.85088074,145.3493057,43.51134671,14.27470754,87.85088074,6.240697695
0.2834866947,6.43160352,87.91342857,145.0430209,44.14379749,14.44486188,87.91342857,6.43160352
0.2878425221,6.625261274,87.97672304,144.7330736,44.77490613,14.61752804,87.97672304,6.625261274
0.2921983495,6.821665076,88.04077503,144.4195736,45.40465691,14.79267199,88.04077503,6.821665076
0.296554177,7.020808979,88.10559525,144.1026307,46.03303461,14.97025978,88.10559525,7.020808979
0.3009100044,7.22268697,88.17119428,143.7823548,46.66002445,15.15025754,88.17119428,7.22268697
0.3052658318,7.427292971,88.23758253,143.4588553,47.28561217,15.33263151,88.23758253,7.427292971
0.3096216592,7.634620846,88.30477028,143.1322414,47.90978396,15.51734802,88.30477028,7.634620846
0.3139774866,7.844664397,88.37276767,142.8026223,48.53252649,15.70437351,88.37276767,7.844664397
0.3183333141,8.057417371,88.44158468,142.4701066,49.15382691,15.89367457,88.44158468,8.057417371
0.3226891415,8.272873459,88.51123114,142.1348028,49.77367284,16.08521789,88.51123114,8.272873459
0.3270449689,8.4910263,88.58171676,141.7968192,50.39205236,16.27897028,88.58171676,8.4910263
0.3314007963,8.71186948,88.65305108,141.4562633,51.00895405,16.47489873,88.65305108,8.71186948
0.3357566237,8.935396539,88.72524351,141.1132428,51.62436693,16.67297034,88.72524351,8.935396539
0.3401124512,9.161600969,88.79830332,140.7678644,52.23828049,16.87315238,88.79830332,9.161600969
0.3444682786,9.390476217,88.87223962,140.4202349,52.8506847,17.07541228,88.87223962,9.390476217
0.348824106,9.622015687,88.9470614,140.0704602,53.46156999,17.27971761,88.9470614,9.622015687
0.3531799334,9.856212743,89.02277749,139.718646,54.07092724,17.48603612,89.02277749,9.856212743
0.3575357608,10.09306071,89.0993966,139.3648974,54.6787478,17.69433573,89.0993966,10.09306071
0.3618915883,10.33255288,89.17692728,139.009319,55.28502347,17.90458454,89.17692728,10.33255288
0.3662474157,10.5746825,89.25537796,138.6520148,55.8897465,18.11675081,89.25537796,10.5746825
0.3706032431,10.81944279,89.33475691,138.2930882,56.49290961,18.33080298,89.33475691,10.81944279
0.3749590705,11.06682695,89.41507229,137.9326422,57.09450595,18.54670971,89.41507229,11.06682695
0.3793148979,11.31682814,89.4963321,137.5707788,57.69452912,18.7644398,89.4963321,11.31682814
0.3836707253,11.56943948,89.57854423,137.2075997,58.29297318,18.98396227,89.57854423,11.56943948
0.3880265528,11.8246541,89.6617164,136.8432059,58.88983261,19.20524632,89.6617164,11.8246541
0.3923823802,12.08246507,89.74585623,136.4776976,59.48510234,19.42826133,89.74585623,12.08246507
0.3967382076,12.34286546,89.83097119,136.1111743,60.07877773,19.65297692,89.83097119,12.34286546
0.401094035,12.60584832,89.91706862,135.7437348,60.67085458,19.87936285,89.91706862,12.60584832
0.4054498624,12.87140668,90.00415574,135.3754773,61.2613291,20.10738911,90.00415574,12.87140668
0.4098056899,13.13953355,90.09223961,135.006499,61.85019796,20.33702588,90.09223961,13.13953355
0.4141615173,13.41022192,90.1813272,134.6368966,62.43745822,20.56824356,90.1813272,13.41022192
0.4185173447,13.68346479,90.27142532,134.2667657,63.02310737,20.80101271,90.27142532,13.68346479
0.4228731721,13.95925514,90.36254067,133.8962015,63.60714331,21.03530413,90.36254067,13.95925514
0.4272289995,14.23758593,90.45467981,133.5252979,64.18956436,21.27108879,90.45467981,14.23758593
0.431584827,14.51845012,90.54784919,133.1541483,64.77036926,21.50833789,90.54784919,14.51845012
0.4359406544,14.80184068,90.64205513,132.7828452,65.34955712,21.7470228,90.64205513,14.80184068
0.4402964818,15.08775056,90.73730381,132.41148,65.92712748,21.98711512,90.73730381,15.08775056
0.4446523092,15.37617271,90.8336013,132.0401436,66.50308027,22.22858662,90.8336013,15.37617271
0.4490081366,15.66710009,90.93095356,131.6689257,67.07741581,22.4714093,90.93095356,15.66710009
0.453363964,15.96052566,91.0293664,131.2979152,67.65013481,22.71555533,91.0293664,15.96052566
0.4577197915,16.25644237,91.12884554,130.9272,68.22123836,22.96099709,91.12884554,16.25644237
0.4620756189,16.55484319,91.22939654,130.5568672,68.79072794,23.20770716,91.22939654,16.55484319
0.4664314463,16.85572111,91.33102489,130.1870028,69.3586054,23.4556583,91.33102489,16.85572111
0.4707872737,17.15906909,91.43373592,129.8176921,69.92487298,23.70482349,91.43373592,17.15906909
0.4751431011,17.46488013,91.53753487,129.449019,70.48953325,23.95517587,91.53753487,17.46488013
0.4794989286,17.77314724,91.64242685,129.0810669,71.0525892,24.20668879,91.64242685,17.77314724
0.483854756,18.08386344,91.74841686,128.7139179,71.61404412,24.45933579,91.74841686,18.08386344
0.4882105834,18.39702175,91.85550977,128.3476531,72.1739017,24.71309058,91.85550977,18.39702175
0.4925664108,18.71261524,91.96371036,127.9823528,72.73216597,24.96792706,91.96371036,18.71261524
0.4969222382,19.03063697,92.07302328,127.6180961,73.2888413,25.22381933,92.07302328,19.03063697
0.5012780657,19.35108003,92.18345308,127.2549611,73.84393241,25.48074164,92.18345308,19.35108003
0.5056338931,19.67393753,92.29500419,126.893025,74.39744434,25.73866844,92.29500419,19.67393753
0.5099897205,19.9992026,92.40768092,126.5323637,74.94938249,25.99757436,92.40768092,19.9992026
0.5143455479,20.32686841,92.52148749,126.1730523,75.49975258,26.25743418,92.52148749,20.32686841
0.5187013753,20.65692812,92.63642799,125.8151648,76.04856064,26.51822288,92.63642799,20.65692812
0.5230572027,20.98937496,92.75250642,125.4587739,76.59581304,26.77991557,92.75250642,20.98937496
0.5274130302,21.32420216,92.86972667,125.1039517,77.14151645,27.04248757,92.86972667,21.32420216
0.5317688576,21.66140298,92.9880925,124.7507686,77.68567787,27.30591433,92.9880925,21.66140298
0.536124685,22.00097074,93.1076076,124.3992946,78.22830457,27.57017147,93.1076076,22.00097074
0.5404805124,22.34289875,93.22827551,124.049598,78.76940416,27.83523477,93.22827551,22.34289875
0.5448363398,22.68718039,93.35009971,123.7017465,79.30898453,28.10108018,93.35009971,22.68718039
0.5491921673,23.03380906,93.47308355,123.3558064,79.84705386,28.36768377,93.47308355,23.03380906
0.5535479947,23.38277819,93.59723027,123.011843,80.38362061,28.63502179,93.59723027,23.38277819
0.5579038221,23.73408125,93.72254303,122.6699206,80.91869354,28.90307063,93.72254303,23.73408125
0.5622596495,24.08771176,93.84902486,122.3301021,81.45228167,29.1718068,93.84902486,24.08771176
0.5666154769,24.44366327,93.97667872,121.9924497,81.98439431,29.44120698,93.97667872,24.44366327
0.5709713044,24.80192937,94.10550745,121.6570241,82.51504102,29.71124799,94.10550745,24.80192937
0.5753271318,25.16250371,94.23551378,121.3238852,83.04423163,29.98190676,94.23551378,25.16250371
0.5796829592,25.52537996,94.36670036,120.9930916,83.57197624,30.25316038,94.36670036,25.52537996
0.5840387866,25.89055184,94.49906973,120.6647009,84.09828517,30.52498606,94.49906973,25.89055184
0.588394614,26.25801312,94.63262432,120.3387694,84.62316903,30.79736113,94.63262432,26.25801312
0.5927504415,26.62775762,94.76736649,120.0153525,85.14663865,31.07026306,94.76736649,26.62775762
0.5971062689,26.99977921,94.90329848,119.6945045,85.66870509,31.34366943,94.90329848,26.99977921
0.6014620963,27.37407179,95.04042245,119.3762782,86.18937966,31.61755795,95.04042245,27.37407179
0.6058179237,27.75062933,95.17874043,119.0607258,86.7086739,31.89190645,95.17874043,27.75062933
0.6101737511,28.12944584,95.31825439,118.747898,87.22659957,32.16669285,95.31825439,28.12944584
0.6145295785,28.51051539,95.45896618,118.4378446,87.74316863,32.44189522,95.45896618,28.51051539
0.618885406,28.89383209,95.60087758,118.1306141,88.25839329,32.7174917,95.60087758,28.89383209
0.6232412334,29.27939012,95.74399024,117.826254,88.77228593,32.99346058,95.74399024,29.27939012
0.6275970608,29.66718369,95.88830575,117.5248108,89.28485918,33.26978021,95.88830575,29.66718369
0.6319528882,30.05720709,96.03382558,117.2263296,89.79612582,33.54642908,96.03382558,30.05720709
0.6363087156,30.44945467,96.18055113,116.9308546,90.30609886,33.82338576,96.18055113,30.44945467
0.6406645431,30.8439208,96.32848369,116.6384288,90.81479149,34.10062892,96.32848369,30.8439208
0.6450203705,31.24059994,96.47762445,116.3490942,91.32221708,34.37813735,96.47762445,31.24059994
0.6493761979,31.63948661,96.62797453,116.0628915,91.82838919,34.65588989,96.62797453,31.63948661
0.6537320253,32.04057537,96.77953495,115.7798604,92.33332154,34.93386552,96.77953495,32.04057537
0.6580878527,32.44386086,96.93230663,115.5000396,92.83702803,35.21204328,96.93230663,32.44386086
0.6624436802,32.84933776,97.0862904,115.2234666,93.33952273,35.4904023,97.0862904,32.84933776
0.6667995076,33.25700083,97.24148702,114.9501777,93.84081987,35.7689218,97.24148702,33.25700083
0.671155335,33.66684487,97.39789713,114.6802083,94.34093382,36.04758111,97.39789713,33.66684487
0.6755111624,34.07886478,97.5555213,114.4135927,94.83987913,36.32635962,97.5555213,34.07886478
0.6798669898,34.49305549,97.71436001,114.1503638,95.33767047,36.60523679,97.71436001,34.49305549
0.6842228172,34.90941201,97.87441363,113.8905539,95.83432266,36.88419218,97.87441363,34.90941201
0.6885786447,35.3279294,98.03568247,113.6341939,96.32985067,37.16320545,98.03568247,35.3279294
0.6929344721,35.7486028,98.19816673,113.3813136,96.82426959,37.44225629,98.19816673,35.7486028
0.6972902995,36.17142743,98.36186653,113.131942,97.31759464,37.72132451,98.36186653,36.17142743
0.7016461269,36.59639853,98.52678191,112.8861067,97.80984115,38.00038998,98.52678191,36.59639853
0.7060019543,37.02351146,98.6929128,112.6438346,98.30102461,38.27943265,98.6929128,37.02351146
0.7103577818,37.45276161,98.86025908,112.4051512,98.79116057,38.55843254,98.86025908,37.45276161
0.7147136092,37.88414445,99.02882049,112.1700811,99.28026473,38.83736974,99.02882049,37.88414445
0.7190694366,38.31765553,99.19859674,111.9386479,99.76835288,39.11622445,99.19859674,38.31765553
0.723425264,38.75329045,99.36958742,111.7108742,100.2554409,39.39497689,99.36958742,38.75329045
0.7277810914,39.1910449,99.54179203,111.4867813,100.7415448,39.6736074,99.54179203,39.1910449
0.7321369189,39.63091462,99.71521001,111.2663897,101.2266806,39.95209636,99.71521001,39.63091462
0.7364927463,40.07289542,99.88984069,111.0497189,101.7108646,40.23042426,99.88984069,40.07289542
0.7408485737,40.5169832,100.0656833,110.8367872,102.1941129,40.50857164,100.0656833,40.5169832
0.7452044011,40.96317392,100.2427371,110.6276121,102.6764419,40.78651911,100.2427371,40.96317392
0.7495602285,41.41146361,100.4210011,110.4222098,103.1578679,41.06424736,100.4210011,41.41146361
0.753916056,41.86184838,100.6004744,110.2205959,103.6384076,41.34173718,100.6004744,41.86184838
0.7582718834,42.31432438,100.7811557,110.0227845,104.1180772,41.61896941,100.7811557,42.31432438
0.7626277108,42.76888789,100.9630441,109.8287893,104.5968936,41.89592496,100.9630441,42.76888789
0.7669835382,43.2255352,101.1461382,109.6386224,105.0748733,42.17258484,101.1461382,43.2255352
0.7713393656,43.68426273,101.3304366,109.4522955,105.552033,42.44893013,101.3304366,43.68426273
0.775695193,44.14506692,101.5159381,109.2698189,106.0283895,42.72494199,101.5159381,44.14506692
0.7800510205,44.60794432,101.7026411,109.0912022,106.5039596,43.00060166,101.7026411,44.60794432
0.7844068479,45.07289153,101.890544,108.9164538,106.97876,43.27589047,101.890544,45.07289153
0.7887626753,45.53990526,102.0796452,108.7455814,107.4528078,43.55078983,102.0796452,45.53990526
0.7931185027,46.00898224,102.2699429,108.5785917,107.9261196,43.82528122,102.2699429,46.00898224
0.7974743301,46.48011931,102.4614353,108.4154902,108.3987126,44.09934624,102.4614353,46.48011931
0.8018301576,46.95331339,102.6541206,108.2562819,108.8706036,44.37296655,102.6541206,46.95331339
0.806185985,47.42856144,102.8479966,108.1009707,109.3418096,44.64612393,102.8479966,47.42856144
0.8105418124,47.90586052,103.0430615,107.9495593,109.8123476,44.91880024,103.0430615,47.90586052
0.8148976398,48.38520776,103.239313,107.80205,110.2822346,45.19097742,103.239313,48.38520776
0.8192534672,48.86660037,103.436749,107.6584438,110.7514875,45.46263754,103.436749,48.86660037
0.8236092947,49.3500356,103.6353671,107.518741,111.2201235,45.73376275,103.6353671,49.3500356
0.8279651221,49.83551082,103.8351649,107.382941,111.6881594,46.00433531,103.8351649,49.83551082
0.8323209495,50.32302345,104.0361402,107.2510423,112.1556123,46.2743376,104.0361402,50.32302345
0.8366767769,50.81257098,104.2382902,107.1230425,112.6224991,46.5437521,104.2382902,50.81257098
0.8410326043,51.30415099,104.4416124,106.9989385,113.0888369,46.81256139,104.4416124,51.30415099
0.8453884317,51.79776112,104.6461042,106.8787261,113.5546426,47.08074819,104.6461042,51.79776112
0.8497442592,52.29339909,104.8517627,106.7624005,114.0199331,47.34829533,104.8517627,52.29339909
0.8541000866,52.7910627,105.0585853,106.6499558,114.4847254,47.61518575,105.0585853,52.7910627
0.858455914,53.29074981,105.2665688,106.5413856,114.9490363,47.88140254,105.2665688,53.29074981
0.8628117414,53.79245835,105.4757105,106.4366825,115.4128828,48.14692892,105.4757105,53.79245835
0.8671675688,54.29618636,105.6860073,106.3358382,115.8762816,48.41174821,105.6860073,54.29618636
0.8715233963,54.8019319,105.8974559,106.2388438,116.3392495,48.67584391,105.8974559,54.8019319
0.8758792237,55.30969314,106.1100534,106.1456895,116.8018033,48.93919964,106.1100534,55.30969314
0.8802350511,55.81946831,106.3237963,106.0563647,117.2639597,49.20179916,106.3237963,55.81946831
0.8845908785,56.33125573,106.5386814,105.9708582,117.7257353,49.4636264,106.5386814,56.33125573
0.8889467059,56.84505376,106.7547052,105.8891579,118.1871467,49.72466544,106.7547052,56.84505376
0.8933025334,57.36086085,106.9718643,105.8112509,118.6482106,49.9849005,106.9718643,57.36086085
0.8976583608,57.87867553,107.1901552,105.7371236,119.1089433,50.24431597,107.1901552,57.87867553
0.9020141882,58.3984964,107.4095743,105.6667617,119.5693614,50.50289643,107.4095743,58.3984964
0.9063700156,58.92032211,107.6301178,105.6001502,120.0294811,50.76062661,107.6301178,58.92032211
0.910725843,59.4441514,107.8517821,105.5372733,120.4893188,51.01749141,107.8517821,59.4441514
0.9150816704,59.96998308,108.0745633,105.4781147,120.9488908,51.27347592,108.0745633,59.96998308
0.9194374979,60.49781602,108.2984577,105.4226571,121.4082131,51.52856543,108.2984577,60.49781602
0.9237933253,61.02764919,108.5234611,105.3708826,121.8673019,51.7827454,108.5234611,61.02764919
0.9281491527,61.55948158,108.7495697,105.322773,122.3261732,52.03600149,108.7495697,61.55948158
0.9325049801,62.09331229,108.9767795,105.2783088,122.7848429,52.28831956,108.9767795,62.09331229
0.9368608075,62.62914048,109.2050862,105.2374704,123.2433268,52.53968568,109.2050862,62.62914048
0.941216635,63.16696537,109.4344857,105.2002373,123.7016406,52.79008613,109.4344857,63.16696537
0.9455724624,63.70678625,109.6649738,105.1665884,124.1598001,53.03950738,109.6649738,63.70678625
0.9499282898,64.24860249,109.8965461,105.1365019,124.6178208,53.28793616,109.8965461,64.24860249
0.9542841172,64.79241351,110.1291984,105.1099556,125.0757182,53.53535939,110.1291984,64.79241351
0.9586399446,65.33821882,110.3629263,105.0869265,125.5335076,53.78176424,110.3629263,65.33821882
0.9629957721,65.88601797,110.5977251,105.0673912,125.9912043,54.0271381,110.5977251,65.88601797
0.9673517848,66.43583402,110.8336006,105.0513248,126.4488429,54.27147897,110.8336006,66.43583402
0.971711442,66.98810592,111.0707368,105.0386947,126.9068019,54.51496737,111.0707368,66.98810592
0.9760763163,67.54303874,111.3092179,105.0294813,127.3652613,54.75767597,111.3092179,67.54303874
0.9804482598,68.10087621,111.5491448,105.0236694,127.8244303,54.99969152,111.5491448,68.10087621
0.9848286241,68.66180134,111.7905926,105.0212486,128.2844657,55.24107153,111.7905926,68.66180134
0.9892186443,69.22598473,112.0336309,105.0222121,128.745512,55.48186591,112.0336309,69.22598473
0.9936193421,69.79357178,112.2783189,105.0265554,129.2076913,55.72211181,112.2783189,69.79357178
0.9980316127,70.36469343,112.5247093,105.0342764,129.6711127,55.96183855,112.5247093,70.36469343
0.9989165356,70.4794835,112.5742524,105.0362281,129.7640608,56.00977903,112.5742524,70.4794835
0.9994215623,70.5450312,112.6025457,105.0374021,129.8171072,56.03711764,112.6025457,70.5450312
0.9997399253,70.58636549,112.6203886,105.0381646,129.8505473,56.0543437,112.6203886,70.58636549
0.9998804903,70.60461897,112.6282684,105.0385068,129.865312,56.06194748,112.6282684,70.60461897
0.9999857412,70.618288,112.6341693,105.0387653,129.8763674,56.06764019,112.6341693,70.618288
1.000008537,70.62124866,112.6354448,105.0388088,129.8787619,55.53583998,112.6354448,70.62124866
1.000018576,70.62255252,112.6359992,105.0387931,129.8798164,54.91194713,112.6359992,70.62255252
1.000118966,70.6355917,112.6412039,105.0370134,129.8903612,48.82324857,112.6412039,70.6355917
1.000316602,70.66126469,112.6497279,105.0252747,129.9111192,37.59994591,112.6497279,70.66126469
1.000555502,70.69230353,112.6572133,104.9976146,129.9362068,25.2836181,112.6572133,70.69230353
1.000841255,70.7294375,112.6625249,104.9471307,129.9662034,12.17013352,112.6625249,70.7294375
1.001158104,70.7706224,112.6643189,104.8716006,129.9994443,-0.546773286,112.6643189,70.7706224
1.00148976,70.81374323,112.6621803,104.7733859,130.0342098,-12.0650881,112.6621803,70.81374323
1.001863171,70.86230669,112.6555492,104.6426933,130.0733095,-23.14236158,112.6555492,70.86230669
1.002296527,70.91868464,112.6431203,104.4685231,130.1186202,-33.8697994,112.6431203,70.91868464
1.002777885,70.98133034,112.6243989,104.2517627,130.1688556,-43.56328423,112.6243989,70.98133034
1.003314788,71.05123338,112.5986126,103.986838,130.2247585,-52.14168641,112.5986126,71.05123338
1.003904427,71.12803707,112.5656259,103.6739869,130.285982,-59.41533845,112.5656259,71.12803707
1.004550459,71.21222763,112.5252136,103.3113412,130.3528426,-65.3914629,112.5252136,71.21222763
1.005253621,71.30391229,112.4774798,102.8994075,130.4253432,-70.11067549,112.4774798,71.30391229
1.006017249,71.40353861,112.4224889,102.4378503,130.5037446,-73.68714236,112.4224889,71.40353861
1.006844388,71.51151845,112.3603973,101.9268872,130.5882643,-76.26001813,112.3603973,71.51151845
1.007739661,71.62847134,112.291284,101.3659949,130.679266,-77.98506895,112.291284,71.62847134
1.008708427,71.75511636,112.215179,100.7542743,130.7771699,-79.01536556,112.215179,71.75511636
1.009757412,71.89235496,112.131997,100.0899831,130.8825112,-79.49233812,112.131997,71.89235496
1.010894373,72.04122782,112.0415549,99.3707241,130.9959006,-79.53891905,112.0415549,72.04122782
1.012127996,72.20290288,111.9435808,98.59352823,131.1180068,-79.25699456,111.9435808,72.20290288
1.013467732,72.37865455,111.8377333,97.75500859,131.2495337,-78.72720365,111.8377333,72.37865455
1.014920956,72.56949247,111.7238325,96.85317905,131.3909373,-78.01176366,111.7238325,72.56949247
1.016491916,72.77602149,111.6019427,95.88809142,131.5423303,-77.15792904,111.6019427,72.77602149
1.01817904,72.99808574,111.4725708,94.86339299,131.7032394,-76.20222149,111.4725708,72.99808574
1.019974662,73.23472727,111.3366639,93.78630217,131.872609,-75.17337644,111.3366639,73.23472727
1.021866803,73.48441602,111.1954481,92.66632443,132.0490039,-74.09394558,111.1954481,73.48441602
1.023842417,73.74547395,111.0501693,91.51318749,132.230935,-72.9809273,111.0501693,73.74547395
1.025889416,74.01634152,110.9019416,90.33562674,132.4170542,-71.84677207,110.9019416,74.01634152
1.027997393,74.29567339,110.7517023,89.14101117,132.6062173,-70.70058152,110.7517023,74.29567339
1.030157699,74.58235046,110.6002154,87.93536421,132.7974835,-69.54909207,110.6002154,74.58235046
1.032363106,74.87543579,110.4481057,86.72362336,132.9900771,-68.3974542,110.4481057,74.87543579
1.034607594,75.17414793,110.295881,85.50981324,133.1833615,-67.24966743,110.295881,75.17414793
1.036886163,75.47783634,110.1439523,84.29720058,133.3768162,-66.10886034,110.1439523,75.47783634
1.039194652,75.78595875,109.9926513,83.08843139,133.5700164,-64.97748589,109.9926513,75.78595875
1.041529607,76.09806411,109.8422441,81.88563749,133.762616,-63.85745615,109.8422441,76.09806411
1.043888168,76.41377805,109.6929428,80.69052645,133.9543351,-62.75024643,109.6929428,76.41377805
1.046267972,76.73279055,109.544915,79.50445658,134.1449475,-61.65697817,109.544915,76.73279055
1.048667074,77.05484563,109.398292,78.32849891,134.3342723,-60.57848571,109.398292,77.05484563
1.051083875,77.37973244,109.2531752,77.16348992,134.522165,-59.51537191,109.2531752,77.37973244
1.053517066,77.70727779,109.1096417,76.01007447,134.7085113,-58.46805314,109.1096417,77.70727779
1.055965577,78.03733984,108.9677491,74.86874177,134.8932216,-57.43679637,108.9677491,78.03733984
1.05842854,78.36980269,108.827539,73.73985507,135.0762264,-56.42174968,108.827539,78.36980269
1.060905248,78.70457217,108.6890401,72.62367511,135.2574724,-55.42296617,108.6890401,78.70457217
1.063395134,79.04157183,108.5522708,71.52038086,135.4369197,-54.44042471,108.5522708,79.04157183
1.065897742,79.38074011,108.4172414,70.43008484,135.614539,-53.47404539,108.4172414,79.38074011
1.068412708,79.72202765,108.2839553,69.35284658,135.7903098,-52.52370277,108.2839553,79.72202765
1.070939746,80.06539529,108.1524109,68.288683,135.9642187,-51.58923614,108.1524109,80.06539529
1.073478634,80.41081214,108.0226021,67.23757739,136.1362579,-50.67045814,108.0226021,80.41081214
1.076029201,80.75825434,107.8945198,66.19948594,136.3064242,-49.76716115,107.8945198,80.75825434
1.07859132,81.10770376,107.7681522,65.17434363,136.4747181,-48.87912276,107.7681522,81.10770376
1.081164899,81.45914701,107.6434853,64.1620687,136.6411432,-48.00611009,107.6434853,81.45914701
1.083749878,81.81257469,107.5205037,63.16256637,136.8057052,-47.14788309,107.5205037,81.81257469
1.086346219,82.1679807,107.3991909,62.17573165,136.968412,-46.3041972,107.3991909,82.1679807
1.088953905,82.52536163,107.2795293,61.201452,137.1292729,-45.47480567,107.2795293,82.52536163
1.091572937,82.8847164,107.1615009,60.23960894,137.2882983,-44.65946097,107.1615009,82.8847164
1.094203329,83.24604579,107.0450869,59.2900799,137.4454997,-43.85791635,107.0450869,83.24604579
1.096845109,83.60935231,106.9302685,58.35273896,137.6008893,-43.06992646,106.9302685,83.60935231
1.099498313,83.97463976,106.8170266,57.42745833,137.75448,-42.29524856,106.8170266,83.97463976
1.102162985,84.34191312,106.7053419,56.51410892,137.906285,-41.53364289,106.7053419,84.34191312
1.104839179,84.71117839,106.5951953,55.61256088,138.0563179,-40.78487311,106.5951953,84.71117839
1.107526953,85.08244239,106.4865676,54.72268431,138.2045925,-40.04870675,106.4865676,85.08244239
1.110226371,85.45571268,106.3794398,53.84434962,138.351123,-39.32491542,106.3794398,85.45571268
1.112937502,85.8309975,106.2737929,52.97742759,138.4959235,-38.61327481,106.2737929,85.8309975
1.115660419,86.20830568,106.1696081,52.12178986,138.6390083,-37.91356498,106.1696081,86.20830568
1.118395198,86.58764655,106.066867,51.277309,138.7803918,-37.22557029,106.066867,86.58764655
1.121141918,86.96902991,105.9655511,50.44385877,138.9200882,-36.54907956,105.9655511,86.96902991
1.123900664,87.35246597,105.8656423,49.6213141,139.0581121,-35.88388593,105.8656423,87.35246597
1.126671519,87.73796537,105.7671226,48.80955124,139.1944776,-35.22978689,105.7671226,87.73796537
1.129454574,88.12553914,105.6699744,48.00844772,139.3291992,-34.58658415,105.6699744,88.12553914
1.132249916,88.51519853,105.5741802,47.21788272,139.4622911,-33.95408387,105.5741802,88.51519853
1.135057641,88.90695533,105.4797227,46.4377365,139.5937675,-33.33209607,105.4797227,88.90695533
1.137877842,89.3008215,105.3865851,45.66789099,139.7236425,-32.72043505,105.3865851,89.3008215
1.140710617,89.69680935,105.2947504,44.90822958,139.8519302,-32.11891911,105.2947504,89.69680935
1.143556066,90.09493159,105.2042023,44.15863685,139.9786446,-31.52737029,105.2042023,90.09493159
1.146414288,90.49520106,105.1149243,43.41899921,140.1037996,-30.94561474,105.1149243,90.49520106
1.149285388,90.89763098,105.0269006,42.68920431,140.2274091,-30.37348223,105.0269006,90.89763098
1.15216947,91.30223492,104.9401153,41.96914114,140.3494868,-29.81080609,104.9401153,91.30223492
1.155066642,91.70902672,104.8545527,41.25870014,140.4700464,-29.25742329,104.8545527,91.70902672
1.157977015,92.1180206,104.7701975,40.55777295,140.5891016,-28.71317413,104.7701975,92.1180206
1.160900698,92.5292309,104.6870345,39.86625296,140.7066657,-28.17790258,104.6870345,92.5292309
1.163837805,92.9426724,104.6050488,39.18403463,140.8227522,-27.65145574,104.6050488,92.9426724
1.166788452,93.35836022,104.5242257,38.51101364,140.9373745,-27.13368385,104.5242257,93.35836022
1.169752755,93.77630964,104.4445507,37.8470873,141.0505459,-26.62444055,104.4445507,93.77630964
1.172730836,94.19653638,104.3660094,37.19215391,141.1622793,-26.12358231,104.3660094,94.19653638
1.175722816,94.61905655,104.2885877,36.54611297,141.2725881,-25.63096858,104.2885877,94.61905655
1.178728818,95.04388645,104.2122717,35.90886539,141.3814851,-25.14646181,104.2122717,95.04388645
1.18174897,95.47104281,104.1370478,35.28031314,141.4889832,-24.66992721,104.1370478,95.47104281
1.184783399,95.90054256,104.0629023,34.66035958,141.5950953,-24.2012329,104.0629023,95.90054256
1.187832237,96.33240322,103.9898218,34.04890889,141.6998341,-23.74024943,103.9898218,96.33240322
1.190895617,96.76664247,103.9177934,33.44586665,141.8032123,-23.28685015,103.9177934,96.76664247
1.193973675,97.20327848,103.8468039,32.85113936,141.9052425,-22.84091087,103.8468039,97.20327848
1.197066549,97.64232967,103.7768405,32.26463483,142.0059371,-22.40230998,103.7768405,97.64232967
1.20017438,98.08381501,103.7078906,31.68626165,142.1053086,-21.97092814,103.7078906,98.08381501
1.203297311,98.52775366,103.6399418,31.11592978,142.2033692,-21.54664857,103.6399418,98.52775366
1.206435489,98.97416543,103.5729817,30.55354986,142.3001313,-21.12935653,103.5729817,98.97416543
1.209589062,99.42307035,103.5069982,29.99903378,142.3956071,-20.71893973,103.5069982,99.42307035
1.212758182,99.87448879,103.4419793,29.45229454,142.4898085,-20.31528813,103.4419793,99.87448879
1.215943004,100.3284419,103.3779131,28.91324562,142.5827477,-19.91829348,103.3779131,100.3284419
1.219143684,100.7849509,103.3147881,28.38180204,142.6744365,-19.52785002,103.3147881,100.7849509
1.222360384,101.2440377,103.2525927,27.85787937,142.7648869,-19.14385373,103.2525927,101.2440377
1.225593267,101.7057245,103.1913156,27.34139421,142.8541106,-18.76620268,103.1913156,101.7057245
1.2288425,102.1700342,103.1309454,26.83226408,142.9421194,-18.39479683,103.1309454,102.1700342
1.232108252,102.6369899,103.0714711,26.33040739,143.0289248,-18.02953807,103.0714711,102.6369899
1.235390697,103.1066154,103.0128818,25.83574347,143.1145384,-17.67033015,103.0128818,103.1066154
1.23869001,103.5789349,102.9551667,25.34819251,143.1989717,-17.31707858,102.9551667,103.5789349
1.242006375,104.0539734,102.8983151,24.86767522,143.2822361,-16.96969042,102.8983151,104.0539734
1.245339973,104.5317561,102.8423165,24.3941136,143.364343,-16.62807478,102.8423165,104.5317561
1.248690992,105.0123088,102.7871604,23.92743026,143.4453036,-16.29214223,102.7871604,105.0123088
1.252059623,105.4956579,102.7328366,23.46754865,143.5251291,-15.96180507,102.7328366,105.4956579
1.255446061,105.9818307,102.679335,23.01439289,143.6038307,-15.63697703,102.679335,105.9818307
1.258850507,106.4708546,102.6266455,22.56788807,143.6814193,-15.31757358,102.6266455,106.4708546
1.262273161,106.9627577,102.5747581,22.12796002,143.757906,-15.00351167,102.5747581,106.9627577
1.265714234,107.4575694,102.5236632,21.69453492,143.8333017,-14.69470943,102.5236632,107.4575694
1.269173935,107.9553186,102.4733511,21.26754044,143.9076171,-14.391087,102.4733511,107.9553186
1.272652483,108.4560359,102.4238122,20.84690419,143.9808632,-14.09256533,102.4238122,108.4560359
1.276150097,108.9597521,102.375037,20.43255506,144.0530505,-13.79906718,102.375037,108.9597521
1.279667004,109.4664988,102.3270163,20.02442233,144.1241898,-13.51051643,102.3270163,109.4664988
1.283203435,109.9763084,102.2797408,19.62243609,144.1942915,-13.22683833,102.2797408,109.9763084
1.286759623,110.4892136,102.2332014,19.22652728,144.2633662,-12.94795956,102.2332014,110.4892136
1.290335812,111.0052488,102.1873891,18.83662705,144.3314242,-12.67380772,102.1873891,111.0052488
1.293932244,111.524448,102.1422951,18.45266797,144.398476,-12.40431218,102.1422951,111.524448
1.297549176,112.0468473,102.0979104,18.07458224,144.4645319,-12.13940275,102.0979104,112.0468473
1.301186861,112.5724825,102.0542265,17.70230371,144.529602,-11.87901118,102.0542265,112.5724825
1.304845563,113.101391,102.0112348,17.33576625,144.5936966,-11.62306988,102.0112348,113.101391
1.308525552,113.6336107,101.9689266,16.97490457,144.6568256,-11.37151256,101.9689266,113.6336107
1.312227103,114.1691808,101.9272938,16.61965392,144.7189993,-11.12427397,101.9272938,114.1691808
1.315950498,114.7081411,101.8863278,16.26995026,144.7802274,-10.88128999,101.8863278,114.7081411
1.319696026,115.2505328,101.8460206,15.92572991,144.84052,-10.64249739,101.8460206,115.2505328
1.323463982,115.7963978,101.8063639,15.58693,144.8998868,-10.40783413,101.8063639,115.7963978
1.327254666,116.3457788,101.7673499,15.25348844,144.9583376,-10.17723927,101.7673499,116.3457788
1.33106839,116.8987199,101.7289705,14.92534337,145.0158822,-9.950652648,101.7289705,116.8987199
1.334905471,117.4552666,101.6912179,14.60243351,145.0725301,-9.728015057,101.6912179,117.4552666
1.338766232,118.0154651,101.6540842,14.28469838,145.128291,-9.509268385,101.6540842,118.0154651
1.342651009,118.5793631,101.617562,13.97207775,145.1831744,-9.294355237,101.617562,118.5793631
1.346560141,119.1470093,101.5816434,13.66451227,145.2371896,-9.083219359,101.5816434,119.1470093
1.35049398,119.7184539,101.5463211,13.36194285,145.2903462,-8.875805163,101.5463211,119.7184539
1.354452883,120.2937482,101.5115876,13.06431113,145.3426535,-8.672058076,101.5115876,120.2937482
1.358437221,120.8729455,101.4774355,12.771559,145.3941207,-8.471924156,101.4774355,120.8729455
1.362447369,121.4560993,101.4438576,12.48362937,145.444757,-8.275350655,101.4438576,121.4560993
1.366483717,122.0432659,101.4108466,12.20046512,145.4945715,-8.082285251,101.4108466,122.0432659
1.370546663,122.6345024,101.3783955,11.92200993,145.5435735,-7.892676601,101.3783955,122.6345024
1.374636615,123.2298676,101.3464972,11.64820803,145.5917718,-7.706474193,101.3464972,123.2298676
1.37875399,123.8294215,101.3151447,11.37900418,145.6391755,-7.523628277,101.3151447,123.8294215
1.382899222,124.4332266,101.2843312,11.11434339,145.6857934,-7.344089698,101.2843312,124.4332266
1.387072758,125.0413476,101.2540498,10.85417099,145.7316344,-7.16780991,101.2540498,125.0413476
1.391275045,125.6538488,101.2242938,10.59843374,145.7767072,-6.994741722,101.2242938,125.6538488
1.395506561,126.2707993,101.1950564,10.34707755,145.8210207,-6.824837752,101.1950564,126.2707993
1.399767781,126.892268,101.1663312,10.10004989,145.8645834,-6.658052052,101.1663312,126.892268
1.4040592,127.5183264,101.1381114,9.857298342,145.907404,-6.494339082,101.1381114,127.5183264
1.408381339,128.1490497,101.1103908,9.618770382,145.949491,-6.333653603,101.1103908,128.1490497
1.412734713,128.7845129,101.0831627,9.384414931,145.9908528,-6.17595168,101.0831627,128.7845129
1.417119867,129.4247947,101.0564211,9.154180729,146.031498,-6.021189583,101.0564211,129.4247947
1.421537361,130.0699766,101.0301594,8.928016962,146.0714349,-5.86932421,101.0301594,130.0699766
1.425987763,130.7201409,101.0043716,8.705873806,146.1106718,-5.720313434,101.0043716,130.7201409
1.430471673,131.3753748,100.9790514,8.487701087,146.1492169,-5.574115196,100.9790514,131.3753748
1.434989697,132.0357663,100.9541929,8.273449759,146.1870785,-5.430688489,100.9541929,132.0357663
1.439542459,132.7014063,100.92979,8.063071133,146.2242645,-5.289992835,100.92979,132.7014063
1.444130622,133.3723913,100.9058366,7.85651618,146.2607833,-5.151987807,100.9058366,133.3723913
1.448754855,134.0488184,100.882327,7.653737056,146.2966427,-5.016634043,100.882327,134.0488184
1.453415841,134.7307874,100.8592553,7.454686491,146.3318508,-4.883892826,100.8592553,134.7307874
1.458114306,135.4184041,100.8366157,7.25931693,146.3664153,-4.75372551,100.8366157,135.4184041
1.462850992,136.1117765,100.8144025,7.067581576,146.4003443,-4.626094203,100.8144025,136.1117765
1.467626658,136.8110155,100.79261,6.87943424,146.4336454,-4.500961662,100.79261,136.8110155
1.472442101,137.5162374,100.7712327,6.694828853,146.4663264,-4.378290957,100.7712327,137.5162374
1.47729813,138.2275604,100.7502649,6.5137202,146.4983949,-4.25804596,100.7502649,138.2275604
1.482195603,138.9451098,100.7297012,6.336062807,146.5298587,-4.140190591,100.7297012,138.9451098
1.487135397,139.6690136,100.7095362,6.161812023,146.5607251,-4.024689535,100.7095362,139.6690136
1.492118416,140.3994043,100.6897644,5.990923675,146.5910018,-3.911508005,100.6897644,140.3994043
1.497145617,141.1364217,100.6703806,5.823353398,146.6206961,-3.800611291,100.6703806,141.1364217
1.502217971,141.880208,100.6513794,5.659057921,146.6498155,-3.691965607,100.6513794,141.880208
1.507336488,142.630911,100.6327558,5.497994247,146.6783673,-3.585537542,100.6327558,142.630911
1.512502233,143.3886867,100.6145044,5.340119321,146.7063588,-3.481293835,100.6145044,143.3886867
1.517716302,144.1536957,100.5966202,5.185390704,146.7337972,-3.379201813,100.5966202,144.1536957
1.522979816,144.9261022,100.5790982,5.033766938,146.7606895,-3.279229629,100.5790982,144.9261022
1.528293975,145.7060821,100.5619332,4.885205923,146.7870431,-3.181345184,100.5619332,145.7060821
1.533660005,146.4938155,100.5451205,4.739666568,146.8128648,-3.085517214,100.5451205,146.4938155
1.539079185,147.2894897,100.528655,4.597108106,146.8381616,-2.991714826,100.528655,147.2894897
1.544552855,148.0933016,100.5125319,4.457489914,146.8629406,-2.899907382,100.5125319,148.0933016
1.550082393,148.9054532,100.4967465,4.320772247,146.8872085,-2.810064975,100.4967465,148.9054532
1.555669273,149.7261611,100.4812939,4.186914795,146.9109722,-2.722157475,100.4812939,149.7261611
1.561314978,150.5556431,100.4661695,4.055878931,146.9342384,-2.636156,100.4661695,150.5556431
1.567021111,151.3941348,100.4513685,3.927625133,146.9570139,-2.552031221,100.4513685,151.3941348
1.572789307,152.2418763,100.4368865,3.802115166,146.9793053,-2.46975479,100.4368865,152.2418763
1.578621287,153.0991207,100.4227189,3.679310867,147.0011191,-2.389298535,100.4227189,153.0991207
1.584518862,153.966134,100.4088611,3.559174248,147.0224619,-2.310634528,100.4088611,153.966134
1.590483919,154.8431941,100.3953087,3.441667834,147.0433401,-2.233735302,100.3953087,154.8431941
1.596518435,155.7305913,100.3820573,3.326754577,147.0637602,-2.158573786,100.3820573,155.7305913
1.602624467,156.6286287,100.3691025,3.214397993,147.0837285,-2.085123395,100.3691025,156.6286287
1.608804189,157.5376259,100.3564401,3.104561735,147.1032512,-2.013357749,100.3564401,157.5376259
1.615059888,158.4579197,100.3440657,2.99720971,147.1223347,-1.943250738,100.3440657,158.4579197
1.621393952,159.3898613,100.3319752,2.892306477,147.140985,-1.874776788,100.3319752,159.3898613
1.627808898,160.3338217,100.3201644,2.789816826,147.1592083,-1.807910576,100.3201644,160.3338217
1.634307391,161.2901928,100.3086291,2.689705711,147.1770106,-1.742626985,100.3086291,161.2901928
1.640892186,162.259381,100.2973654,2.591939181,147.1943979,-1.678901709,100.2973654,162.259381
1.647566253,163.2418232,100.2863692,2.496482768,147.2113761,-1.616710197,100.2863692,163.2418232
1.654332664,164.2379723,100.2756365,2.403303181,147.2279511,-1.556028755,100.2756365,164.2379723
1.661194716,165.248314,100.2651633,2.312366817,147.2441287,-1.496833573,100.2651633,165.248314
1.668155836,166.2733534,100.254946,2.223641216,147.2599145,-1.439101669,100.254946,166.2733534
1.675219725,167.3136358,100.2449805,2.137093351,147.2753143,-1.382809773,100.2449805,167.3136358
1.682390199,168.3697239,100.2352631,2.052691828,147.2903337,-1.327935756,100.2352631,168.3697239
1.689671424,169.4422317,100.2257902,1.970404258,147.3049782,-1.27445692,100.2257902,169.4422317
1.697067701,170.5317931,100.216558,1.890200004,147.3192532,-1.222351775,100.216558,170.5317931
1.704583676,171.6390936,100.2075629,1.812047959,147.3331641,-1.171598602,100.2075629,171.6390936
1.712224303,172.7648635,100.1988013,1.735917359,147.3467163,-1.122175967,100.1988013,172.7648635
1.719994782,173.9098697,100.1902698,1.661778587,147.3599151,-1.074063254,100.1902698,173.9098697
1.727900682,175.0749337,100.1819648,1.589602177,147.3727655,-1.027240004,100.1819648,175.0749337
1.735948033,176.2609448,100.1738829,1.51935836,147.3852729,-0.9816856233,100.1738829,176.2609448
1.744143175,177.4688383,100.1660208,1.451018742,147.397442,-0.9373804718,100.1660208,177.4688383
1.752492989,178.6996293,100.1583751,1.384554597,147.4092781,-0.8943047515,100.1583751,178.6996293
1.761004652,179.9543767,100.1509427,1.319939183,147.4207858,-0.8524400036,100.1509427,179.9543767
1.769686156,181.2342599,100.1437202,1.257144077,147.4319701,-0.811766735,100.1437202,181.2342599
1.778545845,182.5405097,100.1367047,1.196143143,147.4428355,-0.7722669852,100.1367047,182.5405097
1.787592903,183.8744817,100.1298929,1.136909377,147.4533869,-0.7339222811,100.1298929,183.8744817
1.796837031,185.2376075,100.1232819,1.079417608,147.4636286,-0.6967153845,100.1232819,185.2376075
1.806288909,186.6314632,100.1168687,1.023641976,147.4735652,-0.6606286567,100.1168687,186.6314632
1.815959962,188.0577348,100.1106504,0.9695579808,147.483201,-0.6256453831,100.1106504,188.0577348
1.82586274,189.5182749,100.1046242,0.9171408131,147.4925403,-0.5917486917,100.1046242,189.5182749
1.836010703,191.0150701,100.0987873,0.8663672066,147.5015874,-0.5589227496,100.0987873,191.0150701
1.846418662,192.5503065,100.093137,0.8172137547,147.5103462,-0.5271516727,100.093137,192.5503065
1.85710267,194.126354,100.0876707,0.7696582042,147.5188207,-0.49642036,100.0876707,194.126354
1.868080509,195.7458373,100.0823858,0.7236780609,147.5270149,-0.4667135912,100.0823858,195.7458373
1.879371386,197.4115919,100.0772799,0.6792527351,147.5349325,-0.4380174115,100.0772799,197.4115919
1.890996754,199.1267846,100.0723506,0.6363611016,147.542577,-0.4103175536,100.0723506,199.1267846
1.902979977,200.8948649,100.0675955,0.5949838702,147.549952,-0.3836009675,100.0675955,200.8948649
1.915347244,202.719699,100.0630125,0.555101395,147.5570608,-0.3578544043,100.0630125,202.719699
1.92812741,204.605547,100.0585993,0.516695567,147.5639067,-0.3330656371,100.0585993,204.605547
1.941352578,206.5571486,100.0543541,0.4797492025,147.5704928,-0.3092230642,100.0543541,206.5571486
1.955059073,208.5798668,100.0502748,0.4442448862,147.576822,-0.2863149623,100.0502748,208.5798668
1.969287011,210.6796244,100.0463596,0.4101678139,147.5828971,-0.2643313181,100.0463596,210.6796244
1.984082509,212.8632306,100.0426067,0.3775021036,147.5887207,-0.2432614485,100.0426067,212.8632306
1.999497175,215.1383049,100.0390145,0.3462343602,147.5942953,-0.2230962985,100.0390145,215.1383049
2,215.2125191,100.0389025,0.3452592587,147.5944692,-0.2224674862,100.0389025,215.2125191
