time,inertia4.w,inertia4.phi,inertia3.w,inertia3.phi,inertia2.w,inertia2.phi,inertia1.w,inertia1.phi
0,100,0,100,0,100,0,100,0
9.99900005e-05,99.9900005,0.009998500133,99.990002,0.009998500183,99.9900015,0.009998500167,99.990001,0.00999850015
0.001453913406,99.85450281,0.1452855961,99.85481974,0.1452857498,99.8547143,0.1452856986,99.85460866,0.1452856474
0.01265988531,98.72589475,1.257940754,98.74983837,1.258041895,98.74199139,1.258008607,98.73401147,1.257974897
0.0410195175,95.81027946,4.01663447,96.05967834,4.020053824,95.98103967,4.018960333,95.89804825,4.017821709
0.08527925188,91.07367887,8.153237207,92.14218349,8.183732879,91.82558239,8.174417608,91.47207481,8.164297648
0.1407115221,84.76891958,13.02900285,87.66458298,13.16522095,86.87398878,13.12601122,85.92884779,13.08116559
0.2096863428,76.1989152,18.58561162,82.66605658,19.0361104,81.08385314,18.91614686,79.03136572,18.77021616
0.2865243438,65.34159787,24.03412122,77.72880464,25.19442727,75.08687993,24.91312007,71.34756562,24.5476244
0.3669926973,51.57758146,28.7599935,73.15327971,31.26132119,69.28147044,30.71852956,63.30073027,29.96508774
0.4237833067,39.04582592,31.34967096,70.23540639,35.33176251,65.45657065,34.54342935,57.62166933,33.39871612
0.4528425082,30.71526085,32.36808845,68.8305846,37.35219837,63.58182619,36.41817381,54.71574918,35.03093396
0.4713729159,23.93420094,32.87702478,67.96373516,38.6195917,62.41447815,37.58552185,52.86270841,36.0276703
0.4831206068,18.38245627,33.12701199,67.42539934,39.41483817,61.68554219,38.31445781,51.68793932,36.64178465
0.4898491812,14.26021999,33.23741495,67.12088744,39.86748897,61.27187968,38.72812032,51.01508188,36.9873071
0.493886317,11.0732756,33.28882202,66.93949737,40.13809863,61.02501542,38.97498458,50.6113683,37.19244699
0.4963533706,8.560405421,33.3131729,66.82913352,40.30310575,60.87464899,39.12535101,50.36466294,37.31700364
0.4978258904,6.620620865,33.32441089,66.76343348,40.40146458,60.78507583,39.21492417,50.21741096,37.39105818
0.4987018829,5.12973611,33.32958512,66.7244102,40.45993175,60.73185188,39.26814812,50.12981171,37.43500989
0.499228658,3.972348568,33.33199541,66.70096563,40.49507434,60.69986827,39.30013173,50.0771342,37.46140315
0.4995452003,3.073960553,33.33311668,66.68688558,40.51618579,60.68065724,39.31934276,50.04547997,37.47724968
0.4997345549,2.379591491,33.33363579,66.67846578,40.52881245,60.66916817,39.33083183,50.02654451,37.48672422
0.499847959,1.842432795,33.33387648,66.67342419,40.53637378,60.66228842,39.33771158,50.0152041,37.4923968
0.4998880724,1.61006037,33.33394583,66.67164106,40.53904824,60.6598551,39.3401449,50.01119276,37.49440299
0.4999240631,1.368388358,33.33399955,66.67004128,40.54144777,60.65767195,39.34232805,50.00759369,37.49620287
0.4999612202,1.062732761,33.33404495,66.66838972,40.54392501,60.65541813,39.34458187,50.00387798,37.49806094
0.4999668431,1.00843588,33.33405078,66.6681398,40.54429988,60.65507707,39.34492293,50.00331569,37.4983421
0.4999675502,1.001400357,33.33405149,66.66810838,40.54434701,60.65503419,39.34496581,50.00324498,37.49837746
0.499967967,0.997421284,33.3340519,66.66808985,40.5443748,60.6550089,39.3449911,50.0032033,37.4983983
0.499968162,0.997401833,33.3340521,66.66808118,40.5443878,60.65499708,39.34500292,50.0031838,37.49840805
0.4999701121,0.9972073441,33.33405404,66.66799451,40.54451781,60.65487879,39.34512121,50.00298879,37.49850556
0.4999896136,0.995264539,33.33407347,66.66712775,40.54581793,60.65369594,39.34630406,50.00103864,37.49948067
0.5001846282,0.9760434548,33.33426568,66.65846144,40.55881815,60.64186874,39.35813126,49.98153718,37.50922971
0.5016692083,0.8413847911,33.33561227,66.59256156,40.65772904,60.55190782,39.44809218,49.83307917,37.5833211
0.5043892227,0.6410116692,33.337616,66.47215873,40.83869792,60.38742955,39.61257045,49.56107773,37.71849787
0.5076549718,0.4624196228,33.33940192,66.32817261,41.05554403,60.19054103,39.80945897,49.23450282,37.87981866
0.5116751347,0.309344789,33.34093267,66.15177885,41.32183921,59.94905099,40.05094901,48.83248653,38.07694129
0.5162896831,0.1950004085,33.34207611,65.95045809,41.62663482,59.67305049,40.32694951,48.37103169,38.30121647
0.5215268848,0.1155012721,33.34287111,65.72345202,41.97143555,59.36134763,40.63865237,47.84731152,38.5531739
0.5272946025,0.06487808384,33.34337734,65.47525215,42.34979319,59.01995361,40.98004639,47.27053975,38.82748036
0.5335671331,0.03464858844,33.34367963,65.20744808,42.75964766,58.65090778,41.34909222,46.64328669,39.12201903
0.5403006022,0.01767074303,33.34384941,64.92239182,43.19775889,58.25731033,41.74268967,45.96993978,39.43382318
0.5474980704,0.008603455331,33.34394008,64.62043549,43.66394739,57.83951055,42.16048945,45.25019296,39.76210018
0.5552035894,0.003981316619,33.3439863,64.30026262,44.16064579,57.39553981,42.60446019,44.47964106,40.10780766
0.5635380897,0.001730072718,33.34400882,63.95750758,44.69512546,56.9191646,43.0808354,43.64619103,40.47505004
0.5727072127,0.0006916001232,33.3440192,63.58462556,45.27984688,56.39965116,43.60034884,42.72927873,40.87104369
0.583014292,0.0002467320016,33.34402365,63.17062312,45.93308044,55.82132104,44.17867896,41.6985708,41.30614597
0.5948869383,7.526710421e-05,33.34402537,62.70036881,46.68028437,55.162493,44.837507,40.51130617,41.79417036
0.6089514144,1.844148899e-05,33.34402593,62.15228027,47.55826663,54.39209178,45.60790822,39.10485856,42.35405018
0.6261928729,3.288529345e-06,33.34402608,61.49332034,48.6241617,53.46233104,46.53766896,37.38071271,43.01341159
0.6483044934,3.601758297e-07,33.34402611,60.66840178,49.97471746,52.29316596,47.70683404,35.16955066,43.81551353
0.6785447388,1.735905096e-08,33.34402612,59.57541492,51.79271857,50.73547891,49.26452109,32.14552612,44.83332575
0.7242183117,1.22332091e-10,33.34402612,57.99729571,54.47737896,48.47033078,51.52966922,27.57816883,46.19722302
0.8060002021,-3.040921739e-12,33.34402612,55.37097901,59.11145608,44.66409718,55.33590282,19.39997979,48.11820392
0.9324955218,1.887766127e-13,33.34402612,51.74656173,65.88121759,39.35703205,60.64296795,6.750447821,49.77215727
0.9887306946,-7.74740018e-16,33.34402612,50.28332851,68.74965847,37.20486348,62.79513652,1.126930543,49.99365014
0.9908232341,-6.284607391e-16,33.34402612,50.23047608,68.854823,37.12709223,62.87290777,0.921456436,49.99579052
0.9921644926,-5.495763513e-16,33.34402612,50.19665756,68.92217237,37.07732858,62.92267142,0.8057952302,49.99694713
0.9965580167,-3.541764798e-16,33.34402612,50.08619735,69.14246976,36.91478578,63.08521422,0.5192976689,49.9998121
1.000951541,-2.282503215e-16,33.34402612,49.97622222,69.36228291,36.75295554,63.24704446,0.3346632727,50.00165845
1.006282906,-1.339285582e-16,33.34402612,49.84341868,69.62837006,36.55753352,63.44246648,0.1963676078,50.0030414
1.01196441,-7.588023253e-17,33.34402612,49.70266789,69.91115542,36.35042066,63.64957934,0.1112564784,50.00389252
1.018229381,-4.055500647e-17,33.34402612,49.54838127,70.22205741,36.1233982,63.8766018,0.05946222159,50.00441046
1.024885892,-2.084279673e-17,33.34402612,49.38549835,70.55133403,35.88374094,64.11625906,0.03055995068,50.00469948
1.031986404,-1.024671913e-17,33.34402612,49.21292716,70.90138297,35.62985045,64.37014955,0.01502385862,50.00485484
1.039506773,-4.830360502e-18,33.34402612,49.03146201,71.27079919,35.36290583,64.63709417,0.007082330677,50.00493426
1.047538982,-2.163443112e-18,33.34402612,48.83911846,71.66385663,35.08000129,64.91999871,0.003172065422,50.00497336
1.056226103,-9.075469314e-19,33.34402612,48.6327835,72.08723047,34.77657692,65.22342308,0.001330655853,50.00499177
1.065817652,-3.4778772e-19,33.34402612,48.40698248,72.55260962,34.44461026,65.55538974,0.000509930395,50.00499998
1.076657064,-1.176429856e-19,33.34402612,48.15431522,73.07594111,34.07326712,65.92673288,0.000172489512,50.00500336
1.089233723,-3.344809478e-20,33.34402612,47.86443843,73.67973497,33.64742275,66.35257725,4.90419851e-05,50.00500459
1.104273078,-7.434008405e-21,33.34402612,47.52234867,74.39700671,33.14517343,66.85482657,1.089982948e-05,50.00500497
1.122947934,-1.148569348e-21,33.34402612,47.10431061,75.28056484,32.53193596,67.46806404,1.684045719e-06,50.00500506
1.147342271,-1.000500769e-22,33.34402612,46.56919406,76.4230915,31.74794234,68.25205766,1.46694585e-07,50.00500508
1.181651035,-3.154124225e-24,33.34402612,45.83684436,78.0081936,30.67718292,69.32281708,4.624613577e-09,50.00500508
1.235931543,7.455726529e-27,33.34402612,44.72408793,80.46579293,29.05639633,70.94360367,-1.093167284e-11,50.00500508
1.342027885,-3.396761552e-28,33.34402612,42.69803941,85.10171612,26.13152136,73.86847864,4.980371245e-13,50.00500508
1.504746241,2.926527665e-29,33.34402612,39.92420345,91.81874156,22.20736398,77.79263602,-4.290908858e-14,50.00500508
1.699790057,-2.968340269e-30,33.34402612,37.03991629,99.31739961,18.27218812,81.72781188,4.352214983e-15,50.00500508
1.950893743,3.471659298e-31,33.34402612,33.88803671,108.210806,14.21469721,85.78530279,-5.090187191e-16,50.00500508
2.250702589,-4.268264572e-32,33.34402612,30.76257802,117.8871106,10.53251985,89.46748015,6.258179096e-17,50.00500508
2.611372681,5.328439543e-33,33.34402612,27.69029824,128.4087862,7.34336741,92.65663259,-7.812619953e-18,50.00500508
3.032542817,-6.572165571e-34,33.34402612,24.7982438,139.4397018,4.819293737,95.18070626,9.636185503e-19,50.00500508
3.518319581,7.878723202e-35,33.34402612,22.13211587,150.8139956,2.964921809,97.03507819,-1.155187548e-19,50.00500508
4.063399042,-9.13227731e-36,33.34402612,19.74957238,162.2037739,1.719049069,98.28095093,1.338985107e-20,50.00500508
4.660937091,1.024147533e-36,33.34402612,17.66491294,173.3589103,0.9457598013,99.0542402,-1.501617009e-21,50.00500508
5,-1.27688982e-37,33.34402612,16.66666048,179.1759107,0.6737948729,99.32620513,1.872190686e-22,50.00500508
