time,vOut.v_ref,vOut.v_sim,vOut.v_relerr
0,4.9990002,4.9990002,1.45779e-13
0.0005,5.156022591,5.156022693,1.01896e-08
0.001,5.31289002,5.312890241,2.21156e-08
0.0015,5.469447816,5.469447484,3.31438e-08
0.002,5.62554106,5.62554042,6.39889e-08
0.0025,5.781016122,5.7810154,7.2192e-08
0.003,5.935719429,5.935719135,2.94078e-08
0.0035,6.089498307,6.089498691,3.83278e-08
0.004,6.242200983,6.24220149,5.06931e-08
0.0045,6.393676795,6.396254509,0.000257823
0.005,6.543776217,6.550291612,0.00065167
0.0055,6.692351131,6.701989783,0.000964058
0.006,6.839254912,6.851250942,0.00119984
0.0065,6.984342585,6.997979129,0.00136393
0.007,7.127470964,7.142080503,0.00146125
0.0075,7.268498799,7.283463344,0.00149675
0.008,7.407286913,7.422038052,0.00147541
0.0085,7.543698339,7.557717147,0.00140216
0.009,7.677598455,7.690415269,0.00128194
0.0095,7.808855118,7.820049177,0.00111963
0.01,7.937338735,7.946537753,0.000920086
0.0105,8.062922684,8.069801996,0.000688069
0.011,8.185482852,8.189765026,0.000428303
0.0115,8.304898347,8.306352083,0.000145403
0.012,8.421051319,8.419490528,0.00015611
0.0125,8.533827141,8.529109842,0.000471824
0.013,8.643114514,8.635141623,0.000797449
0.0135,8.748805587,8.737519593,0.00112883
0.014,8.850796055,8.836179592,0.00146194
0.0145,8.948985265,8.931059581,0.00179293
0.015,9.043276317,9.022099641,0.00211809
0.0155,9.133576156,9.10924197,0.00243391
0.016,9.219795668,9.192430892,0.00273702
0.0165,9.301849765,9.271612845,0.0030243
0.017,9.379657469,9.346736392,0.00329277
0.0175,9.453141993,9.417752211,0.00353969
0.018,9.522230742,9.484613106,0.00376252
0.0185,9.586855757,9.547273995,0.00395897
0.019,9.646953039,9.605691921,0.00412694
0.0195,9.702463352,9.659826043,0.00426458
0.02,9.753331915,9.709637644,0.0043703
0.0205,9.799508527,9.755090125,0.00444273
0.021,9.840947616,9.796149005,0.00448076
0.0215,9.877608288,9.832781927,0.00448353
0.022,9.909454363,9.864958651,0.00445046
0.0225,9.936454412,9.89265106,0.00438121
0.023,9.95858179,9.915833154,0.00427572
0.0235,9.97581466,9.934481054,0.00413419
0.024,9.988136015,9.948573002,0.00395709
0.0245,9.995533695,9.958089359,0.00374518
0.025,9.9980004,9.963012607,0.00349948
0.0255,9.995533695,9.963327348,0.00322128
0.026,9.988136181,9.959020302,0.00291217
0.0265,9.97581466,9.950080312,0.00257395
0.027,9.95858179,9.936498339,0.00220879
0.0275,9.936454412,9.918267466,0.00181906
0.028,9.909454363,9.895382892,0.00140743
0.0285,9.877608288,9.867841942,0.00097683
0.029,9.840947616,9.835644055,0.000530462
0.0295,9.799508527,9.798790795,7.17875e-05
0.03,9.753331915,9.757285843,0.000395472
0.0305,9.702463352,9.711135002,0.000867338
0.031,9.646953039,9.660346192,0.00133958
0.0315,9.586855757,9.604929457,0.00180773
0.032,9.522230816,9.544896958,0.00226707
0.0325,9.453141993,9.480262978,0.00271264
0.033,9.379657469,9.411043919,0.00313927
0.0335,9.301849765,9.337258303,0.00354156
0.034,9.219795668,9.258926773,0.00391389
0.0345,9.133576156,9.176072091,0.00425044
0.035,9.043276317,9.088719139,0.00454519
0.0355,8.948985265,8.996894919,0.00479192
0.036,8.850796055,8.900628555,0.00498425
0.0365,8.748805587,8.799951289,0.00511559
0.037,8.643114514,8.694896483,0.00517923
0.0375,8.53382714,8.585499621,0.00516828
0.038,8.421051319,8.471798304,0.00507571
0.0385,8.304898347,8.353832256,0.00489437
0.039,8.185482852,8.231643319,0.00461697
0.0395,8.062922684,8.105275457,0.00423612
0.04,7.937338794,7.974774751,0.00374434
0.0405,7.808855118,7.840189406,0.00313406
0.041,7.677598527,7.701569744,0.0023976
0.0415,7.543698339,7.558968208,0.00152729
0.042,7.407286913,7.412439361,0.000515348
0.0425,7.268498799,7.263652258,0.000484751
0.043,7.127470964,7.114235727,0.00132379
0.0435,6.984342585,6.963493436,0.00208533
0.044,6.839254912,6.811575446,0.0027685
0.0445,6.692351131,6.658629945,0.00337279
0.045,6.543776217,6.504803255,0.00389808
0.0455,6.393676795,6.350239823,0.00434457
0.046,6.242200996,6.195082228,0.00471282
0.0465,6.089498307,6.03947118,0.00500371
0.047,5.935719429,5.883545516,0.00521843
0.0475,5.781016122,5.727442206,0.00535846
0.048,5.625541056,5.571296346,0.00542556
0.0485,5.469447677,5.415241165,0.00542174
0.049,5.31289002,5.25940802,0.00534927
0.0495,5.156022591,5.103926399,0.00521066
0.05,4.9990002,4.948923918,0.00500863
0.0505,4.841977809,4.794526325,0.0047461
0.051,4.68511038,4.640857495,0.00442617
0.0515,4.528552723,4.488039437,0.00405214
0.052,4.37245934,4.336192285,0.00362743
0.0525,4.216984278,4.185434305,0.00315563
0.053,4.06228104,4.035881894,0.00264044
0.0535,3.908502093,3.887649577,0.00208567
0.054,3.755799404,3.740850009,0.00149524
0.0545,3.604323605,3.595593975,0.000873138
0.055,3.454224183,3.451990389,0.000223424
0.0555,3.305649269,3.310146298,0.000449793
0.056,3.158745487,3.170166874,0.00114237
0.0565,3.013657815,3.032155421,0.00185013
0.057,2.870529436,2.896213375,0.00256891
0.0575,2.729501601,2.762440298,0.00329453
0.058,2.590713487,2.630933884,0.00402284
0.0585,2.454302056,2.501789956,0.00474974
0.059,2.320401945,2.375102467,0.00547115
0.0595,2.189145282,2.2509635,0.00618306
0.06,2.060661606,2.129463267,0.00688154
0.0605,1.935077716,2.01069011,0.00756275
0.061,1.812517548,1.894730502,0.00822294
0.0615,1.693102053,1.781669045,0.00885847
0.062,1.576949081,1.671588469,0.00946583
0.0625,1.464173259,1.564569637,0.0100416
0.063,1.354885886,1.46069154,0.0105827
0.0635,1.249194813,1.360031297,0.0110859
0.064,1.147204345,1.262664161,0.0115483
0.0645,1.049015135,1.168663512,0.0119672
0.065,0.9547240833,1.078100859,0.0123401
0.0655,0.8644242438,0.9910458431,0.0126647
0.066,0.7782047315,0.9075662337,0.0129387
0.0665,0.6961506348,0.8277279303,0.0131604
0.067,0.6183429301,0.7515949623,0.0133279
0.0675,0.5448584074,0.6792294888,0.0134398
0.068,0.4757695837,0.6106917985,0.0134949
0.0685,0.4111446426,0.5460403102,0.0134923
0.069,0.3510473611,0.4853315722,0.0134311
0.0695,0.2955370478,0.4286202627,0.013311
0.07,0.2446684848,0.3759591896,0.0131317
0.0705,0.1984918732,0.3273992907,0.0128933
0.071,0.1570527838,0.2829896333,0.0125962
0.0715,0.1203921119,0.2427774148,0.012241
0.072,0.08854603716,0.2068079622,0.0118286
0.0725,0.06154598783,0.1751247322,0.0113601
0.073,0.03941860971,0.1477693115,0.0108372
0.0735,0.02218573983,0.1247814163,0.0102616
0.074,0.009864384989,0.1061988928,0.00963538
0.0745,0.002466704827,0.09205771682,0.00896089
0.075,0,0.08239199405,0.00824085
0.0755,0.00246670484,0.07723395989,0.00747822
0.076,0.009864384989,0.07661397954,0.00667629
0.0765,0.02218573983,0.08056054795,0.00583865
0.077,0.03941860971,0.08910028986,0.00496916
0.0775,0.06154598783,0.1022579598,0.00407201
0.078,0.08854603716,0.120056442,0.00315167
0.0785,0.1203921119,0.1425167505,0.00221291
0.079,0.1570527838,0.1696580292,0.00126078
0.0795,0.1984918732,0.2014975516,0.000300628
0.08,0.2446684848,0.2380507211,0.000661909
0.0805,0.2955370478,0.2793310708,0.00162092
0.081,0.3510473611,0.3253502637,0.00257022
0.0815,0.4111446427,0.3761180924,0.00350336
0.082,0.4757695838,0.4316424793,0.00441359
0.0825,0.5448584074,0.4919294767,0.00529395
0.083,0.6183429312,0.5569832666,0.00613719
0.0835,0.6961506348,0.6268061607,0.00693583
0.084,0.7782047315,0.7013986006,0.00768215
0.0845,0.8644242438,0.7807591575,0.00836818
0.085,0.9547240833,0.8648845325,0.00898575
0.0855,1.049015135,0.9537695566,0.00952646
0.086,1.147204345,1.04740719,0.00998171
0.0865,1.249194813,1.145788524,0.0103427
0.087,1.354885886,1.248902778,0.0106004
0.0875,1.464173259,1.356737301,0.0107457
0.088,1.576949081,1.469277575,0.0107693
0.0885,1.693102053,1.586507208,0.0106616
0.089,1.812517548,1.708407939,0.010413
0.0895,1.935077716,1.834959638,0.0100138
0.09,2.060661606,1.966140303,0.00945402
0.0905,2.189145282,2.101926063,0.00872367
0.091,2.320401945,2.242291176,0.00781264
0.0915,2.454302061,2.387208031,0.00671074
0.092,2.59071361,2.536647144,0.00540773
0.0925,2.729501601,2.690577165,0.00389322
0.093,2.870529436,2.848964869,0.00215689
0.0935,3.013657815,3.011775165,0.000188303
0.094,3.158745487,3.172268641,0.00135259
0.0945,3.305649269,3.332353323,0.00267094
0.095,3.454224183,3.492383858,0.00381673
0.0955,3.604323605,3.652246203,0.00479322
0.096,3.755799556,3.811828156,0.00560398
0.0965,3.908502093,3.971019358,0.00625298
0.097,4.062280971,4.129711291,0.00674438
0.0975,4.216984278,4.287797282,0.00708272
0.098,4.37245934,4.445172499,0.00727277
0.0985,4.528552723,4.601733953,0.00731959
0.099,4.68511038,4.757380496,0.00722846
0.0995,4.841977809,4.912012825,0.0070049
0.1,4.9990002,5.065533477,0.00665466
0.1005,5.156022591,5.217846834,0.00618366
0.101,5.31289002,5.368859117,0.00559803
0.1015,5.469447816,5.518478393,0.00490404
0.102,5.62554106,5.666614569,0.00410817
0.1025,5.781016122,5.813179396,0.00321697
0.103,5.935719429,5.958086467,0.00223715
0.1035,6.089498307,6.101251218,0.00117553
0.104,6.242200983,6.242590925,3.90021e-05
0.1045,6.393676795,6.38202471,0.00116544
0.105,6.543776217,6.519473535,0.00243075
0.1055,6.692351131,6.654860206,0.00374984
0.106,6.839254912,6.788109369,0.00511558
0.1065,6.984342585,6.919147516,0.00652081
0.107,7.127470964,7.047902979,0.00795839
0.1075,7.268498799,7.174305933,0.00942117
0.108,7.407286913,7.298288396,0.010902
0.1085,7.543698339,7.419784228,0.0123939
0.109,7.677598455,7.538729131,0.0138897
0.1095,7.808855118,7.65506065,0.0153825
0.11,7.937338735,7.768718173,0.0168654
0.1105,8.062922684,7.87964293,0.0183316
0.111,8.185482852,7.987777993,0.0197744
0.1115,8.304898347,8.093068277,0.0211872
0.112,8.421051319,8.19546054,0.0225636
0.1125,8.53382714,8.294903381,0.0238972
0.113,8.643114514,8.391347242,0.0251818
0.1135,8.748805587,8.484744408,0.0264114
0.114,8.850796055,8.575049007,0.0275802
0.1145,8.948985265,8.662217008,0.0286826
0.115,9.043276317,8.746206224,0.029713
0.1155,9.133576156,8.826976308,0.0306661
0.116,9.219795668,8.904488759,0.031537
0.1165,9.301849765,8.978706915,0.0323207
0.117,9.379657469,9.049595958,0.0330128
0.1175,9.453141993,9.117122914,0.0336086
0.118,9.522230742,9.181256649,0.0341042
0.1185,9.586855757,9.241967873,0.0344957
0.119,9.646953039,9.299229137,0.0347793
0.1195,9.702463352,9.353014836,0.0349518
0.12,9.753331915,9.403301207,0.0350101
0.1205,9.799508527,9.450066329,0.0349512
0.121,9.840947616,9.493290124,0.0347727
0.1215,9.877608288,9.532954356,0.0344723
0.122,9.909454363,9.569042632,0.034048
0.1225,9.936454412,9.6015404,0.0334981
0.123,9.95858179,9.630434954,0.0328212
0.1235,9.97581466,9.655715426,0.0320163
0.124,9.988136015,9.677372794,0.0310825
0.1245,9.995533695,9.695399876,0.0300194
0.125,9.9980004,9.709791335,0.0288267
0.1255,9.995533695,9.720543673,0.0275045
0.126,9.988136181,9.727655238,0.0260533
0.1265,9.97581466,9.731126219,0.0244737
0.127,9.95858179,9.730958646,0.0227669
0.1275,9.936454412,9.727156395,0.020934
0.128,9.909454363,9.71972518,0.0189767
0.1285,9.877608288,9.708672562,0.016897
0.129,9.840947616,9.69400794,0.0146969
0.1295,9.799508527,9.67574256,0.0123791
0.13,9.753331915,9.653889507,0.00994623
0.1305,9.702463352,9.62846371,0.00740144
0.131,9.646953039,9.59948194,0.00474806
0.1315,9.586855757,9.566962811,0.00198969
0.132,9.522230816,9.530926779,0.00086977
0.1325,9.453141993,9.491396143,0.00382618
0.133,9.379657469,9.448395043,0.00687513
0.1335,9.301849765,9.401949462,0.010012
0.134,9.219795668,9.352087228,0.0132318
0.1345,9.133576156,9.298838009,0.0165295
0.135,9.043276317,9.242233314,0.0198997
0.1355,8.948985265,9.182306499,0.0233368
0.136,8.850796055,9.119092758,0.026835
0.1365,8.748805587,9.05262913,0.0303884
0.137,8.643114514,8.982954496,0.0339908
0.1375,8.53382714,8.910109579,0.0376358
0.138,8.421051319,8.834136945,0.0413168
0.1385,8.304898347,8.755081002,0.0450273
0.139,8.185482852,8.672988,0.0487603
0.1395,8.062922684,8.587906033,0.0525088
0.14,7.937338794,8.499885036,0.0562659
0.1405,7.808855118,8.408976788,0.0600242
0.141,7.677598527,8.315234909,0.0637764
0.1415,7.543698339,8.218714862,0.0675152
0.142,7.407286913,8.119473953,0.0712329
0.1425,7.268498799,8.017571329,0.0749222
0.143,7.127470964,7.913067981,0.0785754
0.1435,6.984342585,7.806026742,0.0821848
0.144,6.839254912,7.696512287,0.0857429
0.1445,6.692351131,7.584591133,0.0892418
0.145,6.543776217,7.470331643,0.0926741
0.1455,6.393676795,7.353804017,0.0960319
0.146,6.242200996,7.235080302,0.0993078
0.1465,6.089498307,7.114234384,0.102494
0.147,5.935719429,6.991341995,0.105583
0.1475,5.781016122,6.866480706,0.108568
0.148,5.625541056,6.739729934,0.111441
0.1485,5.469447677,6.611170935,0.114195
0.149,5.31289002,6.48088681,0.116823
0.1495,5.156022591,6.348962501,0.119318
0.15,4.9990002,6.215484792,0.121673
0.1505,4.841977809,6.080542313,0.123881
0.151,4.68511038,5.944225532,0.125937
0.1515,4.528552723,5.806626762,0.127833
0.152,4.37245934,5.667840157,0.129564
0.1525,4.216984278,5.527961716,0.131124
0.153,4.06228104,5.387089277,0.132507
0.1535,3.908502093,5.245322524,0.133709
0.154,3.755799404,5.10276298,0.134723
0.1545,3.604323605,4.959514014,0.135546
0.155,3.454224183,4.815680835,0.136173
0.1555,3.305649269,4.671370494,0.136599
0.156,3.158745487,4.526691887,0.136822
0.1565,3.013657815,4.38175575,0.136837
0.157,2.870529436,4.236674664,0.136642
0.1575,2.729501601,4.09156305,0.136233
0.158,2.590713487,3.946537173,0.135609
0.1585,2.454302056,3.801715139,0.134768
0.159,2.320401945,3.657216899,0.133708
0.1595,2.189145282,3.513164244,0.132428
0.16,2.060661606,3.369680808,0.130928
0.1605,1.935077716,3.226892068,0.129207
0.161,1.812517548,3.084925343,0.127266
0.1615,1.693102053,2.943909796,0.125106
0.162,1.576949081,2.803976431,0.122727
0.1625,1.464173259,2.665258094,0.120133
0.163,1.354885886,2.527889474,0.117324
0.1635,1.249194813,2.392007103,0.114304
0.164,1.147204345,2.257749356,0.111077
0.1645,1.049015135,2.125256448,0.107646
0.165,0.9547240833,1.99467044,0.104015
0.1655,0.8644242438,1.866135231,0.100191
0.166,0.7782047315,1.739796567,0.0961784
0.1665,0.6961506348,1.615802034,0.0919835
0.167,0.6183429301,1.494301061,0.0876133
0.1675,0.5448584074,1.375444919,0.0830753
0.168,0.4757695837,1.259386722,0.0783774
0.1685,0.4111446427,1.146281426,0.0735284
0.169,0.3510473611,1.036285831,0.0685376
0.1695,0.2955370478,0.9295585771,0.0634148
0.17,0.2446684848,0.8262601485,0.0581708
0.1705,0.1984918732,0.7265528714,0.0528167
0.171,0.1570527838,0.6306009144,0.0473643
0.1715,0.1203921119,0.5385702888,0.0418262
0.172,0.08854603716,0.4506288481,0.0362155
0.1725,0.06154598783,0.3669462885,0.0305461
0.173,0.03941860971,0.2876941484,0.0248325
0.1735,0.02218573983,0.213045809,0.0190898
0.174,0.009864384976,0.1431764937,0.0133339
0.1745,0.002466704827,0.07826326849,0.00758117
0.175,0,0.01848504184,0.00184887
0.1755,0.002466704827,0.000976599366,0.00014904
0.176,0.009864384989,0.00700947227,0.000285548
0.1765,0.02218573983,0.01886898709,0.000331742
0.177,0.03941860971,0.03643753337,0.000298167
0.1775,0.06154598783,0.05959740113,0.000194898
0.178,0.08854603716,0.08823078095,3.15319e-05
0.1785,0.1203921119,0.1222197639,0.000182802
0.179,0.1570527838,0.1614463416,0.000439444
0.1795,0.1984918732,0.2057924062,0.000730199
0.18,0.2446684848,0.2551397502,0.00104734
0.1805,0.2955370478,0.309370067,0.00138358
0.181,0.3510473611,0.3683649501,0.00173211
0.1815,0.4111446426,0.4320058937,0.00208654
0.182,0.4757695838,0.5001742926,0.00244096
0.1825,0.5448584074,0.5727514421,0.00278986
0.183,0.6183429312,0.6496185378,0.00312819
0.1835,0.6961506349,0.730656676,0.00345129
0.184,0.7782047315,0.8157468536,0.00375496
0.1845,0.8644242438,0.9047699679,0.00403538
0.185,0.9547240833,0.9976068166,0.00428913
0.1855,1.049015135,1.094138098,0.0045132
0.186,1.147204345,1.194244412,0.00470495
0.1865,1.249194813,1.297806256,0.00486212
0.187,1.354885886,1.404704032,0.00498281
0.1875,1.464173259,1.514818039,0.00506549
0.188,1.576949081,1.628028478,0.00510896
0.1885,1.693102053,1.744215451,0.00511236
0.189,1.812517548,1.863258961,0.00507516
0.1895,1.935077716,1.985038908,0.00499712
0.19,2.060661606,2.109435098,0.00487832
0.1905,2.189145282,2.236327232,0.00471914
0.191,2.320401945,2.365594915,0.0045202
0.1915,2.454302061,2.497117652,0.00428242
0.192,2.59071361,2.630774847,0.00400692
0.1925,2.729501601,2.766445807,0.00369516
0.193,2.870529436,2.904009738,0.0033487
0.1935,3.013657815,3.043345746,0.00296939
0.194,3.158745487,3.184332838,0.00255925
0.1945,3.305649269,3.326849922,0.00212049
0.195,3.454224183,3.470775807,0.00165549
0.1955,3.604323605,3.615989201,0.00116679
0.196,3.755799556,3.762368713,0.000657047
0.1965,3.908502093,3.909792853,0.000129102
0.197,4.062280971,4.058140032,0.000414177
0.1975,4.216984278,4.20728856,0.000969766
0.198,4.37245934,4.357116648,0.00153458
0.1985,4.528552723,4.507502409,0.00210545
0.199,4.68511038,4.658323855,0.00267919
0.1995,4.841977809,4.809458899,0.00325254
0.2,4.9990002,4.960785354,0.00382225
0.2005,5.156022591,5.112180934,0.00438504
0.201,5.31289002,5.263523253,0.00493766
0.2015,5.469447816,5.414689827,0.00547689
0.202,5.62554106,5.565558072,0.0059995
0.2025,5.781016122,5.716005302,0.00650238
0.203,5.935719429,5.865908735,0.00698247
0.2035,6.089498307,6.015145488,0.00743677
0.204,6.242200983,6.163592577,0.00786241
0.2045,6.393676795,6.311126923,0.00825664
0.205,6.543776217,6.457625342,0.00861681
0.2055,6.692351131,6.602964554,0.00894045
0.206,6.839254912,6.747021179,0.00922522
0.2065,6.984342585,6.889671737,0.00946898
0.207,7.127470964,7.030792649,0.00966977
0.2075,7.268498799,7.170260236,0.00982582
0.208,7.407286913,7.307950719,0.00993561
0.2085,7.543698339,7.443740221,0.00999781
0.209,7.677598455,7.577504765,0.0100114
0.2095,7.808855118,7.709120273,0.00997548
0.21,7.937338735,7.83846257,0.00988959
0.2105,8.062922684,7.965407381,0.00975348
0.211,8.185482852,8.089830329,0.00956717
0.2115,8.304898347,8.211606941,0.00933101
0.212,8.421051319,8.330612641,0.00904568
0.2125,8.533827141,8.446722758,0.00871218
0.213,8.643114514,8.559812516,0.00833187
0.2135,8.748805587,8.669757045,0.00790644
0.214,8.850796055,8.776431372,0.00743796
0.2145,8.948985265,8.879710425,0.00692887
0.215,9.043276317,8.979469033,0.006382
0.2155,9.133576156,9.075581927,0.00580058
0.216,9.219795668,9.167923735,0.00518823
0.2165,9.301849765,9.256368989,0.00454899
0.217,9.379657469,9.34079212,0.00388731
0.2175,9.453141993,9.421067459,0.00320809
0.218,9.522230742,9.497069238,0.00251665
0.2185,9.586855757,9.56867159,0.00181878
0.219,9.646953039,9.635748549,0.00112067
0.2195,9.702463352,9.698174047,0.000429016
0.22,9.753331915,9.754526643,0.000119497
0.2205,9.799508527,9.802595238,0.000308733
0.221,9.840947616,9.844112517,0.000316553
0.2215,9.877608288,9.879202179,0.000159421
0.222,9.909454363,9.907987531,0.000146713
0.2225,9.936454412,9.930591494,0.000586409
0.223,9.95858179,9.947136601,0.00114475
0.2235,9.97581466,9.957744995,0.00180733
0.224,9.988136015,9.962538435,0.00256027
0.2245,9.995533695,9.961638288,0.00339022
0.225,9.9980004,9.955165534,0.00428434
0.2255,9.995533695,9.943240767,0.00523034
0.226,9.988136181,9.925984191,0.00621644
0.2265,9.97581466,9.903515621,0.00723135
0.227,9.95858179,9.875954488,0.00826438
0.2275,9.936454412,9.84341983,0.00930532
0.228,9.909454363,9.806030301,0.0103445
0.2285,9.877608288,9.763904165,0.0113727
0.229,9.840947616,9.717159298,0.0123813
0.2295,9.799508527,9.665913189,0.0133622
0.23,9.753331915,9.610282938,0.0143078
0.2305,9.702463352,9.550385257,0.0152109
0.231,9.646953039,9.48633647,0.0160649
0.2315,9.586855757,9.418252515,0.0168637
0.232,9.522230816,9.346248939,0.0176017
0.2325,9.453141993,9.270440902,0.0182738
0.233,9.379657469,9.190943177,0.0188752
0.2335,9.301849765,9.107870148,0.0194018
0.234,9.219795668,9.021335811,0.01985
0.2345,9.133576156,8.931453775,0.0202163
0.235,9.043276317,8.838337259,0.020498
0.2355,8.948985265,8.742099095,0.0206928
0.236,8.850796055,8.642851729,0.0207986
0.2365,8.748805587,8.540707216,0.020814
0.237,8.643114514,8.435777223,0.0207379
0.2375,8.533827141,8.328173032,0.0205695
0.238,8.421051319,8.218005535,0.0203086
0.2385,8.304898347,8.105385234,0.0199553
0.239,8.185482852,7.990422248,0.01951
0.2395,8.062922684,7.873226302,0.0189734
0.24,7.937338794,7.753906738,0.0183469
0.2405,7.808855118,7.632572508,0.0176318
0.241,7.677598527,7.509332175,0.01683
0.2415,7.543698339,7.384293915,0.0159436
0.242,7.407286913,7.257565517,0.0149751
0.2425,7.268498799,7.12925438,0.0139272
0.243,7.127470964,6.999467516,0.0128029
0.2435,6.984342585,6.86831155,0.0116054
0.244,6.839254912,6.735892716,0.0103383
0.2445,6.692351131,6.602316864,0.00900523
0.245,6.543776217,6.467689452,0.0076102
0.2455,6.393676795,6.332115552,0.00615736
0.246,6.242200996,6.19569985,0.00465104
0.2465,6.089498307,6.058546639,0.00309579
0.247,5.935719429,5.920759828,0.00149626
0.2475,5.781016122,5.782442937,0.00014271
0.248,5.625541056,5.643699098,0.00181617
0.2485,5.469447677,5.504631054,0.00351904
0.249,5.31289002,5.365341161,0.00524616
0.2495,5.156022591,5.225931386,0.00699228
0.25,4.9990002,5.08650331,0.00875206
0.2505,4.841977809,4.947158124,0.0105201
0.251,4.68511038,4.807996632,0.0122911
0.2515,4.528552723,4.669119249,0.0140595
0.252,4.37245934,4.530626003,0.0158198
0.2525,4.216984278,4.392616533,0.0175667
0.253,4.06228104,4.255190092,0.0192948
0.2535,3.908502093,4.118445542,0.0209985
0.254,3.755799404,3.98248136,0.0226727
0.2545,3.604323605,3.847395633,0.0243121
0.255,3.454224183,3.713286059,0.0259114
0.2555,3.305649269,3.580249952,0.0274656
0.256,3.158745487,3.448384234,0.0289697
0.2565,3.013657815,3.317785441,0.0304188
0.257,2.870529436,3.18854972,0.0318084
0.2575,2.729501601,3.060772831,0.0331337
0.258,2.590713487,2.934550145,0.0343905
0.2585,2.454302056,2.809976645,0.0355746
0.259,2.320401945,2.687146928,0.0366818
0.2595,2.189145282,2.5661552,0.0377085
0.26,2.060661606,2.44709528,0.0386511
0.2605,1.935077716,2.3300606,0.0395062
0.261,1.812517548,2.215144204,0.0402707
0.2615,1.693102053,2.102438747,0.0409419
0.262,1.576949081,1.992036495,0.041517
0.2625,1.464173259,1.884029329,0.041994
0.263,1.354885886,1.778508739,0.0423708
0.2635,1.249194813,1.675565828,0.0426456
0.264,1.147204345,1.575291313,0.0428173
0.2645,1.049015135,1.47777552,0.0428846
0.265,0.9547240833,1.383108388,0.042847
0.2655,0.8644242438,1.291379468,0.0427041
0.266,0.7782047315,1.202677925,0.0424558
0.2665,0.6961506349,1.117092532,0.0421026
0.267,0.6183429301,1.034711677,0.0416452
0.2675,0.5448584074,0.9556233592,0.0410847
0.268,0.4757695838,0.8799151895,0.0404226
0.2685,0.4111446426,0.807674391,0.0396609
0.269,0.3510473611,0.7389877988,0.0388018
0.2695,0.2955370478,0.67394186,0.037848
0.27,0.2446684848,0.6126226335,0.0368028
0.2705,0.1984918733,0.5551157903,0.0356695
0.271,0.1570527838,0.5015066136,0.0344523
0.2715,0.1203921119,0.4518799982,0.0331554
0.272,0.08854603716,0.4063204511,0.0317838
0.2725,0.06154598783,0.3649120913,0.0303427
0.273,0.03941860971,0.3277386496,0.0288378
0.2735,0.02218573983,0.294883469,0.0272752
0.274,0.009864384989,0.2664295045,0.0256616
0.2745,0.002466704827,0.2424593228,0.0240041
0.275,0,0.2230551028,0.02231
0.2755,0.002466704827,0.2082986354,0.0205873
0.276,0.009864384989,0.1982713234,0.0188445
0.2765,0.02218573983,0.1930541817,0.0170903
0.277,0.03941860971,0.1927278369,0.015334
0.2775,0.06154598783,0.197372528,0.0135854
0.278,0.08854603716,0.2070681056,0.0118546
0.2785,0.1203921119,0.2218940326,0.0101522
0.279,0.1570527838,0.2419293836,0.00848936
0.2795,0.1984918732,0.2672528453,0.00687747
0.28,0.2446684848,0.2979427165,0.00532849
0.2805,0.2955370478,0.3340769079,0.00385476
0.281,0.3510473611,0.375732942,0.00246905
0.2815,0.4111446426,0.4229879536,0.00118457
0.282,0.4757695838,0.4759186893,1.49135e-05
0.2825,0.5448584074,0.5447649778,9.34482e-06
0.283,0.6183429312,0.6186008393,2.5796e-05
0.2835,0.6961506349,0.6971358947,9.85457e-05
0.284,0.7782047315,0.7802245989,0.000202027
0.2845,0.8644242438,0.8677217821,0.00032982
0.285,0.9547240833,0.9594826502,0.000475952
0.2855,1.049015135,1.055362785,0.000634892
0.286,1.147204345,1.155218143,0.00080154
0.2865,1.249194813,1.258905057,0.000971219
0.287,1.354885886,1.366280236,0.00113966
0.2875,1.464173259,1.477200763,0.00130301
0.288,1.576949081,1.591524097,0.00145779
0.2885,1.693102053,1.709108074,0.00160092
0.289,1.812517548,1.829810904,0.00172968
0.2895,1.935077716,1.953491173,0.00184171
0.29,2.060661606,2.080007843,0.00193501
0.2905,2.189145282,2.209220251,0.0020079
0.291,2.320401945,2.34098811,0.00205903
0.2915,2.454302061,2.475171508,0.00208736
0.292,2.59071361,2.61163091,0.00209215
0.2925,2.729501601,2.750227155,0.00207297
0.293,2.870529436,2.890821457,0.00202961
0.2935,3.013657815,3.033275409,0.00196215
0.294,3.158745487,3.177450975,0.00187092
0.2945,3.305649269,3.323210499,0.00175647
0.295,3.454224183,3.470416697,0.00161958
0.2955,3.604323605,3.618932662,0.0014612
0.296,3.755799556,3.768621863,0.00128249
0.2965,3.908502093,3.919348144,0.00108482
0.297,4.062280971,4.070975726,0.000869649
0.2975,4.216984278,4.223369203,0.00063862
0.298,4.37245934,4.376393545,0.000393499
0.2985,4.528552723,4.529914101,0.000136165
0.299,4.68511038,4.683796591,0.000131405
0.2995,4.841977809,4.837907114,0.000407151
0.3,4.9990002,4.992112142,0.000688944
0.3005,5.156022591,5.146278525,0.000974601
0.301,5.31289002,5.300273487,0.00126191
0.3015,5.469447816,5.453964627,0.00154863
0.302,5.62554106,5.607219921,0.00183248
0.3025,5.781016122,5.759907721,0.00211126
0.303,5.935719429,5.911896753,0.00238274
0.3035,6.089498307,6.063056119,0.00264475
0.304,6.242200983,6.213255297,0.00289515
0.3045,6.393676795,6.362364141,0.00313189
0.305,6.543776217,6.510252879,0.003353
0.3055,6.692351131,6.656792116,0.00355661
0.306,6.839254912,6.801852832,0.00374096
0.3065,6.984342585,6.945306384,0.0039044
0.307,7.127470964,7.087024501,0.00404546
0.3075,7.268498799,7.226879292,0.00416278
0.308,7.407286913,7.364743238,0.00425522
0.3085,7.543698339,7.500489197,0.00432178
0.309,7.677598455,7.633990404,0.00436168
0.3095,7.808855118,7.765120467,0.00437434
0.31,7.937338735,7.893753371,0.00435941
0.3105,8.062922684,8.019763476,0.00431678
0.311,8.185482852,8.143025519,0.00424658
0.3115,8.304898347,8.26341461,0.0041492
0.312,8.421051319,8.380806238,0.00402531
0.3125,8.53382714,8.495076263,0.00387586
0.313,8.643114514,8.606100926,0.0037021
0.3135,8.748805587,8.713756838,0.00350558
0.314,8.850796055,8.817920991,0.00328816
0.3145,8.948985265,8.918470748,0.00305206
0.315,9.043276317,9.015283851,0.00279981
0.3155,9.133576156,9.108238415,0.00253428
0.316,9.219795668,9.197212932,0.00225873
0.3165,9.301849765,9.282086269,0.00197674
0.317,9.379657469,9.362737669,0.00169232
0.3175,9.453141993,9.439046751,0.00140981
0.318,9.522230742,9.510893508,0.00113395
0.3185,9.586855757,9.57815831,0.000869919
0.319,9.646953039,9.640721903,0.000623238
0.3195,9.702463352,9.698465406,0.000399875
0.32,9.753331915,9.751270316,0.000206201
0.3205,9.799508527,9.799018506,4.90119e-05
0.321,9.840947616,9.843005309,0.00020581
0.3215,9.877608288,9.881604515,0.000399703
0.322,9.909454363,9.913799081,0.000434559
0.3225,9.936454412,9.939708518,0.000325476
0.323,9.95858179,9.959452095,8.70479e-05
0.3235,9.97581466,9.973148836,0.000266636
0.324,9.988136015,9.980917525,0.000721993
0.3245,9.995533695,9.9828767,0.00126595
0.325,9.9980004,9.979144658,0.00188595
0.3255,9.995533695,9.969839451,0.00256994
0.326,9.988136181,9.95507889,0.00330639
0.3265,9.97581466,9.934980541,0.00408423
0.327,9.95858179,9.90966173,0.00489298
0.3275,9.936454412,9.879239536,0.00572263
0.328,9.909454363,9.843830797,0.00656367
0.3285,9.877608288,9.80355211,0.0074071
0.329,9.840947616,9.758519824,0.00824443
0.3295,9.799508527,9.708850049,0.00906766
0.33,9.753331915,9.654658651,0.0098693
0.3305,9.702463352,9.596061253,0.0106423
0.331,9.646953039,9.533173233,0.0113803
0.3315,9.586855757,9.466109729,0.012077
0.332,9.522230816,9.394985634,0.0127271
0.3325,9.453141993,9.319915599,0.0133253
0.333,9.379657469,9.241014031,0.0138671
0.3335,9.301849765,9.158395094,0.0143483
0.334,9.219795668,9.072172709,0.0147652
0.3345,9.133576156,8.982460556,0.0151146
0.335,9.043276317,8.88937207,0.0153935
0.3355,8.948985265,8.793020441,0.0155996
0.336,8.850796055,8.693518621,0.0157309
0.3365,8.748805587,8.590979314,0.0157858
0.337,8.643114514,8.485514984,0.0157631
0.3375,8.533827141,8.37723785,0.0156621
0.338,8.421051319,8.266259891,0.0154822
0.3385,8.304898347,8.152692839,0.0152236
0.339,8.185482852,8.036648186,0.0148864
0.3395,8.062922684,7.91823718,0.0144714
0.34,7.937338794,7.797570825,0.0139796
0.3405,7.808855118,7.674759883,0.0134122
0.341,7.677598527,7.549914872,0.0127709
0.3415,7.543698339,7.423146069,0.0120576
0.342,7.407286913,7.294563506,0.0112746
0.3425,7.268498799,7.164276972,0.0104243
0.343,7.127470964,7.032396015,0.0095094
0.3435,6.984342585,6.899029937,0.00853297
0.344,6.839254912,6.764287799,0.00749821
0.3445,6.692351131,6.628278418,0.00640855
0.345,6.543776217,6.491110369,0.00526764
0.3455,6.393676795,6.352891983,0.0040793
0.346,6.242200996,6.213731348,0.00284753
0.3465,6.089498307,6.073736309,0.00157652
0.347,5.935719429,5.933014469,0.00027055
0.3475,5.781016122,5.791673186,0.00106592
0.348,5.625541056,5.649819577,0.00242834
0.3485,5.469447677,5.507560515,0.00381205
0.349,5.31289002,5.365002629,0.0052123
0.3495,5.156022591,5.222252307,0.0066243
0.35,4.9990002,5.079415692,0.00804316
0.3505,4.841977809,4.936598686,0.00946398
0.351,4.68511038,4.793906945,0.0108818
0.3515,4.528552723,4.651445885,0.0122918
0.352,4.37245934,4.509320678,0.0136889
0.3525,4.216984278,4.367636252,0.0150682
0.353,4.06228104,4.226497292,0.0164249
0.3535,3.908502093,4.086008242,0.0177542
0.354,3.755799404,3.9462733,0.0190512
0.3545,3.604323605,3.807396423,0.0203113
0.355,3.454224183,3.669481325,0.02153
0.3555,3.305649269,3.532631476,0.0227028
0.356,3.158745487,3.396950103,0.0238252
0.3565,3.013657815,3.26254019,0.0248932
0.357,2.870529436,3.12950448,0.0259027
0.3575,2.729501601,2.997945469,0.0268498
0.358,2.590713487,2.867965413,0.0277307
0.3585,2.454302056,2.739666324,0.0285421
0.359,2.320401945,2.613149972,0.0292807
0.3595,2.189145282,2.488517881,0.0299432
0.36,2.060661606,2.365871336,0.0305271
0.3605,1.935077716,2.245311376,0.0310296
0.361,1.812517548,2.126938797,0.0314484
0.3615,1.693102053,2.010854155,0.0317816
0.362,1.576949081,1.897157758,0.0320273
0.3625,1.464173259,1.785949676,0.0321841
0.363,1.354885886,1.677329733,0.0322508
0.3635,1.249194813,1.57139751,0.0322267
0.364,1.147204345,1.468252346,0.0321112
0.3645,1.049015135,1.367993336,0.0319042
0.365,0.9547240833,1.270719334,0.0316058
0.3655,0.8644242438,1.176528948,0.0312167
0.366,0.7782047315,1.085520545,0.0307377
0.3665,0.6961506349,0.9977922476,0.0301702
0.367,0.6183429301,0.9134419372,0.0295158
0.3675,0.5448584074,0.8325672506,0.0287766
0.368,0.4757695838,0.7552655819,0.0279552
0.3685,0.4111446427,0.6816340824,0.0270544
0.369,0.3510473611,0.6117696601,0.0260774
0.3695,0.2955370478,0.5457689801,0.0250282
0.37,0.2446684848,0.4837284645,0.0239108
0.3705,0.1984918732,0.4257442922,0.0227298
0.371,0.1570527838,0.3719123992,0.0214903
0.3715,0.1203921119,0.3223284783,0.0201977
0.372,0.08854603714,0.2770879794,0.018858
0.3725,0.06154598781,0.2362861093,0.0174775
0.373,0.03941860971,0.2000178318,0.0160631
0.3735,0.02218573983,0.1683778674,0.0146221
0.374,0.009864384976,0.141460694,0.0131623
0.3745,0.002466704827,0.119360546,0.0116917
0.375,0,0.1021714151,0.0102192
0.3755,0.002466704827,0.08998704981,0.00875378
0.376,0.009864384989,0.08290095555,0.00730512
0.3765,0.02218573985,0.08100639477,0.00588324
0.377,0.03941860971,0.08439638685,0.00449868
0.3775,0.06154598783,0.09316370811,0.0031624
0.378,0.08854603716,0.1074008919,0.00188586
0.3785,0.1203921119,0.1272002283,0.000680948
0.379,0.1570527838,0.1700122592,0.00129621
0.3795,0.1984918732,0.2353885724,0.00369041
0.38,0.2446684848,0.2941399439,0.00494814
0.3805,0.2955370478,0.3467756172,0.00512488
0.381,0.3510473611,0.3937951646,0.00427564
0.3815,0.4111446427,0.4356884868,0.00245488
0.382,0.4757695838,0.4729358135,0.000283434
0.3825,0.5448584074,0.5060077027,0.00388585
0.383,0.6183429312,0.5353650412,0.00829945
0.3835,0.6961506349,0.5614590443,0.0134719
0.384,0.7782047315,0.5847312561,0.0193512
0.3845,0.8644242438,0.6056135491,0.0258862
0.385,0.9547240833,0.6245281246,0.0330262
0.3855,1.049015135,0.6418875126,0.0407209
0.386,1.147204345,0.6580945714,0.0489208
0.3865,1.249194813,0.6735424883,0.0575767
0.387,1.354885886,0.688614779,0.0666404
0.3875,1.464173259,0.7036852879,0.076064
0.388,1.576949081,0.719118188,0.0858002
0.3885,1.693102053,0.735267981,0.0958026
0.389,1.812517548,0.7524794972,0.106025
0.3895,1.935077716,0.7710878954,0.116422
0.39,2.060661606,0.7914186632,0.12695
0.3905,2.189145282,0.8137876168,0.137563
0.391,2.320401945,0.8385009009,0.14822
0.3915,2.454302061,0.8658549889,0.158876
0.392,2.59071361,0.896136683,0.169492
0.3925,2.729501601,0.9296231137,0.180024
0.393,2.870529436,0.9665817403,0.190433
0.3935,3.013657815,1.007270351,0.200679
0.394,3.158745487,1.051937062,0.210723
0.3945,3.305649269,1.100820319,0.220527
0.395,3.454224183,1.154148895,0.230054
0.3955,3.604323605,1.212141893,0.239266
0.396,3.755799556,1.275008743,0.248129
0.3965,3.908502093,1.342949207,0.256607
0.397,4.062280971,1.416153371,0.264666
0.3975,4.216984278,1.494801654,0.272273
0.398,4.37245934,1.5790648,0.279395
0.3985,4.528552723,1.669103883,0.286002
0.399,4.68511038,1.765070307,0.292062
0.3995,4.841977809,1.867105803,0.297547
0.4,4.9990002,1.975342431,0.302426
0.4005,5.156022591,2.08990258,0.306673
0.401,5.31289002,2.210898967,0.310261
0.4015,5.469447816,2.338434638,0.313164
0.402,5.62554106,2.472602968,0.315357
0.4025,5.781016122,2.61348766,0.316816
0.403,5.935719429,2.761162745,0.317519
0.4035,6.089498307,2.915692585,0.317444
0.404,6.242200983,3.077131868,0.31657
0.4045,6.393676795,3.245525613,0.314878
0.405,6.543776217,3.420909164,0.312349
0.4055,6.692351131,3.603308198,0.308966
0.406,6.839254912,3.792738719,0.304713
0.4065,6.984342585,3.989207057,0.299573
0.407,7.127470964,4.192709875,0.293535
0.4075,7.268498799,4.403234162,0.286584
0.408,7.407286913,4.620757235,0.278709
0.4085,7.543698339,4.845246742,0.269899
0.409,7.677598455,5.076660658,0.260146
0.4095,7.808855118,5.314947287,0.249441
0.41,7.937338735,5.560045261,0.237777
0.4105,8.062922684,5.811883543,0.225149
0.411,8.185482852,6.070381421,0.211552
0.4115,8.304898347,6.335448515,0.196984
0.412,8.421051319,6.606984771,0.181443
0.4125,8.533827141,6.884880466,0.164928
0.413,8.643114514,7.169016203,0.147439
0.4135,8.748805587,7.459262916,0.12898
0.414,8.850796055,7.755481866,0.109553
0.4145,8.948985265,8.057524644,0.0891639
0.415,9.043276317,8.365233169,0.0678179
0.4155,9.133576156,8.678439687,0.0455227
0.416,9.219795668,8.996966776,0.0222873
0.4165,9.301849765,9.320627341,0.00187813
0.417,9.379657469,9.649224613,0.0269621
0.4175,9.453141993,9.982552157,0.0529516
0.418,9.522230742,10.32039386,0.0798323
0.4185,9.586855757,10.66252395,0.107588
0.419,9.646953039,11.00870696,0.136203
0.4195,9.702463352,11.35869778,0.165657
0.42,9.753331915,11.71224161,0.19593
0.4205,9.799508527,12.06907398,0.227002
0.421,9.840947616,12.42892076,0.258849
0.4215,9.877608288,12.79149814,0.291447
0.422,9.909454363,13.15651264,0.324771
0.4225,9.936454412,13.5236611,0.358792
0.423,9.95858179,13.8926307,0.393484
0.4235,9.97581466,14.26309895,0.428814
0.424,9.988136015,14.63473369,0.464753
0.4245,9.995533695,15,0.500547
0.425,9.9980004,15,0.5003
0.4255,9.995533695,15,0.500547
0.426,9.988136181,15,0.501287
0.4265,9.97581466,15,0.502519
0.427,9.95858179,15,0.504243
0.4275,9.936454412,15,0.506456
0.428,9.909454363,15,0.509156
0.4285,9.877608288,15,0.512342
0.429,9.840947616,15,0.516008
0.4295,9.799508527,15,0.520153
0.43,9.753331915,15,0.524772
0.4305,9.702463352,15,0.52986
0.431,9.646953039,15,0.535412
0.4315,9.586855757,15,0.541423
0.432,9.522230816,15,0.547886
0.4325,9.453141993,15,0.554797
0.433,9.379657469,15,0.562147
0.4335,9.301849765,15,0.569929
0.434,9.219795668,15,0.578136
0.4345,9.133576156,15,0.58676
0.435,9.043276317,15,0.595792
0.4355,8.948985265,15,0.605222
0.436,8.850796055,15,0.615043
0.4365,8.748805587,15,0.625244
0.437,8.643114514,15,0.635816
0.4375,8.53382714,15,0.646747
0.438,8.421051319,15,0.658026
0.4385,8.304898347,15,0.669644
0.439,8.185482852,15,0.681588
0.4395,8.062922684,15,0.693846
0.44,7.937338794,15,0.706407
0.4405,7.808855118,15,0.719258
0.441,7.677598527,15,0.732387
0.4415,7.543698339,15,0.745779
0.442,7.407286913,15,0.759423
0.4425,7.268498799,15,0.773305
0.443,7.127470964,15,0.78741
0.4435,6.984342585,15,0.801726
0.444,6.839254912,15,0.816238
0.4445,6.692351131,15,0.830931
0.445,6.543776217,15,0.845792
0.4455,6.393676795,15,0.860804
0.446,6.242200996,15,0.875955
0.4465,6.089498307,15,0.891228
0.447,5.935719429,15,0.906609
0.4475,5.781016122,15,0.922083
0.448,5.625541056,15,0.937633
0.4485,5.469447677,15,0.953246
0.449,5.31289002,15,0.968905
0.4495,5.156022591,15,0.984595
0.45,4.9990002,15,1.0003
0.4505,4.841977809,15,1.01601
0.451,4.68511038,15,1.0317
0.4515,4.528552723,15,1.04735
0.452,4.37245934,15,1.06297
0.4525,4.216984278,15,1.07852
0.453,4.06228104,15,1.09399
0.4535,3.908502093,15,1.10937
0.454,3.755799404,15,1.12464
0.4545,3.604323605,15,1.1398
0.455,3.454224183,15,1.15481
0.4555,3.305649269,15,1.16967
0.456,3.158745487,15,1.18436
0.4565,3.013657815,15,1.19887
0.457,2.870529436,15,1.21319
0.4575,2.729501601,15,1.2273
0.458,2.590713487,15,1.24118
0.4585,2.454302056,14.15983959,1.17079
0.459,2.320401945,13.21089551,1.08927
0.4595,2.189145282,12.2148141,1.00277
0.46,2.060661606,11.17056688,0.911173
0.4605,1.935077716,10.07711566,0.814367
0.461,1.812517548,8.933412602,0.712232
0.4615,1.693102053,7.738400179,0.604651
0.462,1.576949081,6.491011204,0.491504
0.4625,1.464173259,5.190168816,0.372674
0.463,1.354885886,3.834786482,0.24804
0.4635,1.249194813,2.423767998,0.117481
0.464,1.147204345,1.146806603,3.97821e-05
0.4645,1.049015135,1.046149876,0.000286583
0.465,0.9547240833,0.9500957963,0.000462921
0.4655,0.8644242438,0.8586698795,0.000575552
0.466,0.7782047315,0.7718956153,0.000631038
0.4665,0.6961506349,0.68979447,0.000635744
0.467,0.6183429301,0.6123858853,0.000595824
0.4675,0.5448584074,0.5396872791,0.000517216
0.468,0.4757695838,0.4717140449,0.000405635
0.4685,0.4111446426,0.4084795522,0.000266562
0.469,0.3510473611,0.3499951463,0.000105243
0.4695,0.2955370478,0.2962701485,7.33247e-05
0.47,0.2446684848,0.2473118556,0.00026439
0.4705,0.1984918732,0.2031255406,0.000463459
0.471,0.1570527838,0.1637144523,0.0006663
0.4715,0.1203921119,0.1290798152,0.000868944
0.472,0.08854603716,0.09922082975,0.00106769
0.4725,0.06154598783,0.07413467231,0.00125912
0.473,0.03941860971,0.05381649501,0.00144008
0.4735,0.02218573985,0.03825942586,0.00160769
0.474,0.009864384976,0.02745456875,0.00175937
0.4745,0.002466704827,0.02139100338,0.00189281
0.475,0,0.02005578534,0.00200598
0.4755,0.002466704827,0.02343394607,0.00209714
0.476,0.009864384989,0.03150849285,0.00216484
0.4765,0.02218573983,0.04426040884,0.00220791
0.477,0.03941860971,0.06166865303,0.00222545
0.4775,0.06154598783,0.08371016028,0.00221686
0.478,0.08854603716,0.1103598413,0.00218182
0.4785,0.1203921119,0.1415905826,0.00212027
0.479,0.1570527838,0.1773732468,0.00203245
0.4795,0.1984918732,0.2176766719,0.00191886
0.48,0.2446684848,0.2624676722,0.00178027
0.4805,0.2955370478,0.3117110377,0.00161772
0.481,0.3510473611,0.3653695342,0.0014325
0.4815,0.4111446426,0.4234039033,0.00122617
0.482,0.4757695838,0.4857728628,0.00100053
0.4825,0.5448584074,0.5524331059,0.000757621
0.483,0.6183429312,0.6233393019,0.000499737
0.4835,0.6961506349,0.6984440959,0.000229392
0.484,0.7782047315,0.777698109,5.06724e-05
0.4845,0.8644242438,0.8610499379,0.000337498
0.485,0.9547240833,0.9484461553,0.000627918
0.4855,1.049015135,1.03983131,0.000918566
0.486,1.147204345,1.135147926,0.00120588
0.4865,1.249194813,1.234336504,0.00148613
0.487,1.354885886,1.337335519,0.00175539
0.4875,1.464173259,1.444081424,0.00200959
0.488,1.576949081,1.554508647,0.00224449
0.4885,1.693102053,1.668549591,0.00245574
0.489,1.812517548,1.786134636,0.00263882
0.4895,1.935077716,1.907192138,0.00278912
0.49,2.060661606,2.031648426,0.0029019
0.4905,2.189145282,2.159427809,0.00297234
0.491,2.320401945,2.29045257,0.00299554
0.4915,2.454302061,2.424642967,0.0029665
0.492,2.59071361,2.561917234,0.00288021
0.4925,2.729501601,2.702191583,0.00273155
0.493,2.870529436,2.8453802,0.00251543
0.4935,3.013657815,2.991395247,0.0022267
0.494,3.158745487,3.140146862,0.00186023
0.4945,3.305649269,3.29154316,0.00141089
0.495,3.454224183,3.445490229,0.00087357
0.4955,3.604323605,3.601892135,0.000243196
0.496,3.755799556,3.764964994,0.000916727
0.4965,3.908502093,3.930498235,0.00220005
0.497,4.062280971,4.095608233,0.00333339
0.4975,4.216984278,4.260176543,0.00432009
0.498,4.37245934,4.42408661,0.00516376
0.4985,4.528552723,4.587223768,0.00586828
0.499,4.68511038,4.749475239,0.00643777
0.4995,4.841977809,4.910730137,0.00687661
0.5,4.9990002,5.070879462,0.00718936
0.5005,5.156022591,5.229816107,0.00738083
0.501,5.31289002,5.387434851,0.00745597
0.5015,5.469447816,5.543632364,0.00741994
0.502,5.62554106,5.698307206,0.00727807
0.5025,5.781016122,5.851359826,0.00703578
0.503,5.935719429,6.00269256,0.00669865
0.5035,6.089498307,6.152209636,0.00627239
0.504,6.242200983,6.299817171,0.00576277
0.5045,6.393676795,6.445423171,0.00517567
0.505,6.543776217,6.58893753,0.00451703
0.5055,6.692351131,6.730272033,0.00379285
0.506,6.839254912,6.869340354,0.00300915
0.5065,6.984342585,7.006058056,0.00217198
0.507,7.127470964,7.140342592,0.00128742
0.5075,7.268498799,7.272113304,0.000361523
0.508,7.407286913,7.401291423,0.000599669
0.5085,7.543698339,7.527800069,0.00159015
0.509,7.677598455,7.651564252,0.00260394
0.5095,7.808855118,7.772510871,0.00363515
0.51,7.937338735,7.890568716,0.00467794
0.5105,8.062922684,8.005668463,0.00572657
0.511,8.185482852,8.117742681,0.00677537
0.5115,8.304898347,8.226725825,0.00781882
0.512,8.421051319,8.332554241,0.00885148
0.5125,8.53382714,8.435166166,0.00986807
0.513,8.643114514,8.534501722,0.0108635
0.5135,8.748805587,8.630502926,0.0118326
0.514,8.850796055,8.723113678,0.0127708
0.5145,8.948985265,8.812279773,0.0136733
0.515,9.043276317,8.897948891,0.0145356
0.5155,9.133576156,8.980070605,0.0153536
0.516,9.219795668,9.058596375,0.0161232
0.5165,9.301849765,9.13347955,0.0168404
0.517,9.379657469,9.204675371,0.0175017
0.5175,9.453141993,9.272140965,0.0181037
0.518,9.522230742,9.335835351,0.0186433
0.5185,9.586855757,9.395719435,0.0191175
0.519,9.646953039,9.451756015,0.0195236
0.5195,9.702463352,9.503909776,0.0198593
0.52,9.753331915,9.552147294,0.0201225
0.5205,9.799508527,9.596437034,0.0203112
0.521,9.840947616,9.636749348,0.0204239
0.5215,9.877608288,9.673056482,0.0204593
0.522,9.909454363,9.705332566,0.0204163
0.5225,9.936454412,9.733553624,0.0202941
0.523,9.95858179,9.757697566,0.0200924
0.5235,9.97581466,9.777744193,0.019811
0.524,9.988136015,9.793675195,0.01945
0.5245,9.995533695,9.805474151,0.0190098
0.525,9.9980004,9.813126531,0.0184911
0.5255,9.995533695,9.816619692,0.017895
0.526,9.988136181,9.815942881,0.0172228
0.5265,9.97581466,9.811087235,0.016476
0.527,9.95858179,9.80204578,0.0156567
0.5275,9.936454412,9.788813431,0.0147671
0.528,9.909454363,9.771386994,0.0138095
0.5285,9.877608288,9.749765161,0.0127869
0.529,9.840947616,9.723948517,0.0117022
0.5295,9.799508527,9.693939534,0.010559
0.53,9.753331915,9.659742574,0.00936081
0.5305,9.702463352,9.621363889,0.00811157
0.531,9.646953039,9.578811618,0.0068155
0.5315,9.586855757,9.532095793,0.00547709
0.532,9.522230816,9.481228332,0.00410107
0.5325,9.453141993,9.426223045,0.00269243
0.533,9.379657469,9.367095629,0.00125644
0.5335,9.301849765,9.303863671,0.000201431
0.534,9.219795668,9.236546649,0.00167543
0.5345,9.133576156,9.165165928,0.00315961
0.535,9.043276317,9.089744764,0.00464777
0.5355,8.948985265,9.010308302,0.00613353
0.536,8.850796055,8.926883575,0.00761027
0.5365,8.748805587,8.839499507,0.00907121
0.537,8.643114514,8.748186911,0.0105093
0.5375,8.533827141,8.652978489,0.0119175
0.538,8.421051319,8.553908831,0.0132884
0.5385,8.304898347,8.45101442,0.0146145
0.539,8.185482852,8.344333625,0.0158883
0.5395,8.062922684,8.233906705,0.0171018
0.54,7.937338794,8.119775809,0.0182474
0.5405,7.808855118,8.001984976,0.0193168
0.541,7.677598527,7.880580132,0.0203022
0.5415,7.543698339,7.755609095,0.0211953
0.542,7.407286913,7.627121571,0.0219879
0.5425,7.268498799,7.495169154,0.0226716
0.543,7.127470964,7.35980533,0.0232381
0.5435,6.984342585,7.221085473,0.023679
0.544,6.839254912,7.079066846,0.023986
0.5445,6.692351131,6.933808603,0.0241506
0.545,6.543776217,6.785371785,0.0241644
0.5455,6.393676795,6.633819323,0.0240191
0.546,6.242200996,6.479216039,0.0237062
0.5465,6.089498307,6.321628643,0.0232177
0.547,5.935719429,6.161125733,0.0225451
0.5475,5.781016122,5.9977778,0.0216805
0.548,5.625541056,5.83165722,0.0206157
0.5485,5.469447677,5.662838263,0.0193429
0.549,5.31289002,5.491397083,0.0178543
0.5495,5.156022591,5.317411728,0.0161421
0.55,4.9990002,5.140962133,0.014199
0.5505,4.841977809,4.962130123,0.0120176
0.551,4.68511038,4.780999411,0.00959082
0.5515,4.528552723,4.597655603,0.00691167
0.552,4.37245934,4.412186189,0.00397348
0.5525,4.216984278,4.224680553,0.000769781
0.553,4.06228104,4.041783455,0.00205017
0.5535,3.908502093,3.872782711,0.00357265
0.554,3.755799404,3.716729186,0.0039078
0.5545,3.604323605,3.572781403,0.00315485
0.555,3.454224183,3.440119713,0.00141073
0.5555,3.305649269,3.317946297,0.00122995
0.556,3.158745487,3.205485168,0.0046749
0.5565,3.013657815,3.101982166,0.0088342
0.557,2.870529436,3.006704965,0.0136203
0.5575,2.729501601,2.918943067,0.0189479
0.558,2.590713487,2.838007805,0.0247344
0.5585,2.454302056,2.763232341,0.0308992
0.559,2.320401945,2.693971669,0.0373644
0.5595,2.189145282,2.629602612,0.0440545
0.56,2.060661606,2.569523824,0.0508964
0.5605,1.935077716,2.513155788,0.0578194
0.561,1.812517548,2.45994082,0.0647553
0.5615,1.693102053,2.409343062,0.0716384
0.562,1.576949081,2.36084849,0.0784056
0.5625,1.464173259,2.313964909,0.0849962
0.563,1.354885886,2.268221953,0.0913519
0.5635,1.249194813,2.223171087,0.0974171
0.564,1.147204345,2.178385608,0.103139
0.5645,1.049015135,2.13346064,0.108466
0.565,0.9547240833,2.088013141,0.113352
0.5655,0.8644242438,2.041681895,0.117749
0.566,0.7782047315,1.994127519,0.121617
0.5665,0.6961506348,1.945032461,0.124913
0.567,0.6183429301,1.894100996,0.127601
0.5675,0.5448584074,1.841059232,0.129646
0.568,0.4757695838,1.785655105,0.131015
0.5685,0.4111446427,1.727658385,0.131678
0.569,0.3510473611,1.666860668,0.131608
0.5695,0.2955370478,1.603075382,0.13078
0.57,0.2446684848,1.536137785,0.129173
0.5705,0.1984918732,1.465904967,0.126767
0.571,0.1570527838,1.392255845,0.123545
0.5715,0.1203921119,1.315091169,0.119494
0.572,0.08854603716,1.234333518,0.114602
0.5725,0.06154598783,1.1499273,0.10886
0.573,0.03941860971,1.061838756,0.102262
0.5735,0.02218573985,0.9700559554,0.094806
0.574,0.009864384989,0.8745887982,0.0864897
0.5745,0.002466704827,0.7754690148,0.0773157
0.575,0,0.6727501655,0.0672885
0.5755,0.00246670484,0.5665076412,0.0564154
0.576,0.009864384989,0.4568386627,0.0447064
0.5765,0.02218573983,0.3438622813,0.0321741
0.577,0.0394186097,0.2277193783,0.0188338
0.5775,0.06154598783,0.1085726655,0.00470361
0.578,0.08854603716,-0.01339331542,0.010196
0.5785,0.1203921119,-0.1379721922,0.0258416
0.579,0.1570527838,-0.2649357627,0.0422073
0.5795,0.1984918732,-0.3940339941,0.0592644
0.58,0.2446684848,-0.5249950239,0.0769817
0.5805,0.2955370478,-0.6575251589,0.0953253
0.581,0.3510473611,-0.7913088759,0.114258
0.5815,0.4111446427,-0.9260088215,0.133742
0.582,0.4757695838,-1.061265812,0.153734
0.5825,0.5448584074,-1.196698833,0.174191
0.583,0.6183429312,-1.331905041,0.195064
0.5835,0.6961506349,-1.466459762,0.216304
0.584,0.7782047315,-1.59991649,0.23786
0.5845,0.8644242438,-1.731806891,0.259675
0.585,0.9547240833,-1.861640801,0.281693
0.5855,1.049015135,-1.988906222,0.303853
0.586,1.147204345,-2.113069331,0.326093
0.5865,1.249194813,-2.233574471,0.348347
0.587,1.354885886,-2.349844156,0.370547
0.5875,1.464173259,-2.461279071,0.392624
0.588,1.576949081,-2.567258068,0.414504
0.5885,1.693102053,-2.667138171,0.436111
0.589,1.812517548,-2.760254573,0.457369
0.5895,1.935077716,-2.845920637,0.478195
0.59,2.060661606,-2.923427895,0.498509
0.5905,2.189145282,-2.992046051,0.518223
0.591,2.320401945,-3.051022976,0.53725
0.5915,2.454302061,-3.099584711,0.5555
0.592,2.59071361,-3.13693547,0.572879
0.5925,2.729501601,-3.162257633,0.589294
0.593,2.870529436,-3.174711752,0.604645
0.5935,3.013657815,-3.173436548,0.618833
0.594,3.158745487,-3.157548911,0.631756
0.5945,3.305649269,-3.126143902,0.643308
0.595,3.454224183,-3.078294751,0.653383
0.5955,3.604323605,-3.013052859,0.66187
0.596,3.755799556,-2.929447796,0.668658
0.5965,3.908502093,-2.8264873,0.673634
0.597,4.062280971,-2.703157283,0.676679
0.5975,4.216984278,-2.558421822,0.677676
0.598,4.37245934,-2.391223166,0.676504
0.5985,4.528552723,-2.200481736,0.673038
0.599,4.68511038,-1.985096118,0.667154
0.5995,4.841977809,-1.743943072,0.658724
0.6,4.9990002,-1.475877525,0.647617
0.6005,5.156022591,-1.179732575,0.633702
0.601,5.31289002,-0.8543194907,0.616844
0.6015,5.469447816,-0.4984277082,0.596907
0.602,5.62554106,-0.1108248351,0.573751
0.6025,5.781016122,0.3097433517,0.547237
0.603,5.935719429,0.7645529054,0.51722
0.6035,6.089498307,1.25490171,0.483556
0.604,6.242200983,1.782109478,0.446098
0.6045,6.393676795,2.347517755,0.404697
0.605,6.543776217,2.952489914,0.3592
0.6055,6.692351131,3.59841116,0.309456
0.606,6.839254912,4.286688528,0.255308
0.6065,6.984342585,5.018750882,0.196598
0.607,7.127470964,5.796048918,0.133169
0.6075,7.268498799,6.620055161,0.0648573
0.608,7.407286913,7.406221254,0.000106587
0.6085,7.543698339,7.53356128,0.00101391
0.609,7.677598455,7.659121846,0.00184803
0.6095,7.808855118,7.782757584,0.00261028
0.61,7.937338735,7.904326943,0.00330184
0.6105,8.062922684,8.023692186,0.00392383
0.611,8.185482852,8.14071939,0.00447724
0.6115,8.304898347,8.255278447,0.00496298
0.612,8.421051319,8.367243065,0.0053819
0.6125,8.53382714,8.476490762,0.00573478
0.613,8.643114514,8.582902877,0.00602237
0.6135,8.748805587,8.686364558,0.00624535
0.614,8.850796055,8.78676477,0.00640441
0.6145,8.948985265,8.883996293,0.0065002
0.615,9.043276317,8.97795572,0.00653337
0.6155,9.133576156,9.06854346,0.00650457
0.616,9.219795668,9.155663736,0.00641448
0.6165,9.301849765,9.239224585,0.00626377
0.617,9.379657469,9.319137859,0.00605317
0.6175,9.453141993,9.395319225,0.00578343
0.618,9.522230742,9.467688165,0.00545535
0.6185,9.586855757,9.536167973,0.00506979
0.619,9.646953039,9.60068576,0.00462765
0.6195,9.702463352,9.661172451,0.00412992
0.62,9.753331915,9.717562785,0.00357763
0.6205,9.799508527,9.769795316,0.00297192
0.621,9.840947616,9.817812412,0.00231398
0.6215,9.877608288,9.861560258,0.00160512
0.622,9.909454363,9.900988849,0.000846721
0.6225,9.936454412,9.936051999,4.02494e-05
0.623,9.95858179,9.966707334,0.000812717
0.6235,9.97581466,9.992916295,0.00171051
0.624,9.988136015,10.01464414,0.00265134
0.6245,9.995533695,10.03185993,0.00363335
0.625,9.9980004,10.04453657,0.00465455
0.6255,9.995533695,10.05265073,0.00571285
0.626,9.988136181,10.05618295,0.00680604
0.6265,9.97581466,10.05511755,0.00793188
0.627,9.95858179,10.04944267,0.00908791
0.6275,9.936454412,10.03915028,0.0102716
0.628,9.909454363,10.02423613,0.0114805
0.6285,9.877608288,10.00469982,0.0127117
0.629,9.840947616,9.980544755,0.0139625
0.6295,9.799508527,9.951778145,0.01523
0.63,9.753331915,9.91841102,0.0165112
0.6305,9.702463352,9.880458227,0.017803
0.631,9.646953039,9.837938426,0.0191024
0.6315,9.586855757,9.790874089,0.0204059
0.632,9.522230816,9.739291507,0.0217104
0.6325,9.453141993,9.683220781,0.0230125
0.633,9.379657469,9.62269583,0.0243087
0.6335,9.301849765,9.557754387,0.0255956
0.634,9.219795668,9.488437997,0.0268696
0.6345,9.133576156,9.414792022,0.0281272
0.635,9.043276317,9.336865639,0.0293648
0.6355,8.948985265,9.254711837,0.0305788
0.636,8.850796055,9.168387423,0.0317655
0.6365,8.748805587,9.077953014,0.0329213
0.637,8.643114514,8.983473047,0.0340427
0.6375,8.533827141,8.885015768,0.0351259
0.638,8.421051319,8.782653243,0.0361674
0.6385,8.304898347,8.676461347,0.0371637
0.639,8.185482852,8.566519775,0.0381113
0.6395,8.062922684,8.452912032,0.0390067
0.64,7.937338794,8.335725441,0.0398466
0.6405,7.808855118,8.215051137,0.0406277
0.641,7.677598527,8.09098407,0.0413468
0.6415,7.543698339,7.963623007,0.0420009
0.642,7.407286913,7.833070526,0.0425869
0.6425,7.268498799,7.699433023,0.043102
0.643,7.127470964,7.562820705,0.0435437
0.6435,6.984342585,7.423347596,0.0439093
0.644,6.839254912,7.281131534,0.0441965
0.6445,6.692351131,7.136294172,0.0444032
0.645,6.543776217,6.988960976,0.0445274
0.6455,6.393676795,6.839261228,0.0445674
0.646,6.242200996,6.687328025,0.0445216
0.6465,6.089498307,6.533298276,0.0443889
0.647,5.935719429,6.377312708,0.0441682
0.6475,5.781016122,6.219515859,0.0438587
0.648,5.625541056,6.060056085,0.0434602
0.6485,5.469447677,5.899085554,0.0429724
0.649,5.31289002,5.736760249,0.0423955
0.6495,5.156022591,5.573239969,0.0417301
0.65,4.9990002,5.408688326,0.040977
0.6505,4.841977809,5.243272747,0.0401375
0.651,4.68511038,5.077164474,0.0392133
0.6515,4.528552723,4.910538563,0.0382062
0.652,4.37245934,4.743573884,0.0371189
0.6525,4.216984278,4.576453124,0.0359541
0.653,4.06228104,4.409362782,0.0347151
0.6535,3.908502093,4.242493173,0.0334058
0.654,3.755799404,4.076038424,0.0320303
0.6545,3.604323605,3.910196481,0.0305934
0.655,3.454224183,3.745169101,0.0291003
0.6555,3.305649269,3.581161856,0.0275568
0.656,3.158745487,3.418384134,0.0259691
0.6565,3.013657815,3.257049136,0.024344
0.657,2.870529436,3.09737388,0.022689
0.6575,2.729501601,2.939579195,0.021012
0.658,2.590713487,2.783889727,0.0193215
0.6585,2.454302056,2.630533936,0.0176267
0.659,2.320401945,2.479744096,0.0159374
0.6595,2.189145282,2.331756297,0.014264
0.66,2.060661606,2.186810443,0.0126174
0.6605,1.935077716,2.04515025,0.0110095
0.661,1.812517548,1.907023253,0.00945246
0.6615,1.693102053,1.772680798,0.00795947
0.662,1.576949081,1.642378047,0.00654421
0.6625,1.464173259,1.516373977,0.00522112
0.663,1.354885886,1.394931378,0.00400535
0.6635,1.249194813,1.278316856,0.00291279
0.664,1.147204345,1.166800831,0.00196004
0.6645,1.049015135,1.060657537,0.00116447
0.665,0.9547240833,0.9601650241,0.000544203
0.6655,0.8644242438,0.8656051556,0.000118115
0.666,0.7782047315,0.7749987669,0.000320661
0.6665,0.6961506349,0.6884098266,0.000774236
0.667,0.6183429301,0.6073306045,0.00110145
0.6675,0.5448584074,0.5317313279,0.00131297
0.668,0.4757695838,0.4615809289,0.00141915
0.6685,0.4111446427,0.3968470447,0.00143005
0.669,0.3510473611,0.3374960173,0.00135541
0.6695,0.2955370478,0.2834928938,0.00120466
0.67,0.2446684848,0.2348014265,0.000986903
0.6705,0.1984918732,0.1913840724,0.000710922
0.671,0.1570527838,0.1532019936,0.000385156
0.6715,0.1203921119,0.1202150573,1.7709e-05
0.672,0.08854603716,0.09238183541,0.000383657
0.6725,0.06154598783,0.06965960516,0.000811524
0.673,0.0394186097,0.05200434859,0.00125883
0.6735,0.02218573983,0.03937075278,0.00171884
0.674,0.009864384976,0.03171220978,0.00218522
0.6745,0.002466704827,0.02898081667,0.00265194
0.675,0,0.0311273755,0.00311336
0.6755,0.002466704827,0.03810139331,0.00356418
0.676,0.009864384989,0.04985108215,0.00399947
0.6765,0.02218573983,0.06632335905,0.00441464
0.677,0.03941860971,0.08746384605,0.00480548
0.6775,0.06154598783,0.1132168702,0.00516812
0.678,0.08854603716,0.1435254634,0.00549904
0.6785,0.1203921119,0.1783313628,0.00579508
0.679,0.1570527838,0.2175750103,0.00605343
0.6795,0.1984918732,0.261195553,0.00627162
0.68,0.2446684848,0.3091308428,0.00644753
0.6805,0.2955370478,0.3613174367,0.00657935
0.681,0.3510473611,0.4176905967,0.00666566
0.6815,0.4111446427,0.4781842898,0.00670531
0.682,0.4757695838,0.5427311879,0.0066975
0.6825,0.5448584074,0.611262668,0.00664175
0.683,0.6183429312,0.683708812,0.0065379
0.6835,0.6961506348,0.7599984069,0.00638605
0.684,0.7782047315,0.8400589447,0.00618666
0.6845,0.8644242438,0.9238166222,0.00594043
0.685,0.9547240833,1.011196341,0.00564836
0.6855,1.049015135,1.102121709,0.00531172
0.686,1.147204345,1.196515037,0.00493206
0.6865,1.249194813,1.294297343,0.00451116
0.687,1.354885886,1.395388348,0.00405106
0.6875,1.464173259,1.49970648,0.00355403
0.688,1.576949081,1.607168869,0.00302258
0.6885,1.693102053,1.717691353,0.00245942
0.689,1.812517548,1.831188475,0.00186747
0.6895,1.935077716,1.94757348,0.00124983
0.69,2.060661606,2.06675832,0.000609793
0.6905,2.189145282,2.188653653,4.91727e-05
0.691,2.320401945,2.313168841,0.000723455
0.6915,2.454302061,2.440211949,0.00140929
0.692,2.59071361,2.569689751,0.00210281
0.6925,2.729501601,2.701507722,0.00279995
0.693,2.870529436,2.835570045,0.00349664
0.6935,3.013657815,2.971779606,0.00418866
0.694,3.158745487,3.110037998,0.00487172
0.6945,3.305649269,3.250245517,0.00554148
0.695,3.454224183,3.392301165,0.00619354
0.6955,3.604323605,3.536102648,0.00682346
0.696,3.755799556,3.681546379,0.0074268
0.6965,3.908502093,3.828527474,0.00799906
0.697,4.062280971,3.976939755,0.00853583
0.6975,4.216984278,4.126675748,0.00903266
0.698,4.37245934,4.277626687,0.00948516
0.6985,4.528552723,4.429682506,0.009889
0.699,4.68511038,4.582731849,0.0102399
0.6995,4.841977809,4.736662061,0.0105337
0.7,4.9990002,4.891359195,0.0107663
0.7005,5.156022591,5.046708007,0.0109336
0.701,5.31289002,5.202591959,0.011032
0.7015,5.469447816,5.358893218,0.0110577
0.702,5.62554106,5.515492655,0.011007
0.7025,5.781016122,5.672269848,0.0108768
0.703,5.935719429,5.829103077,0.0106638
0.7035,6.089498307,5.985869329,0.010365
0.704,6.242200983,6.142444297,0.00997766
0.7045,6.393676795,6.298702376,0.00949934
0.705,6.543776217,6.454516669,0.00892774
0.7055,6.692351131,6.609758982,0.00826087
0.706,6.839254912,6.764299827,0.00749701
0.7065,6.984342585,6.918008421,0.00663474
0.707,7.127470964,7.070752684,0.00567296
0.7075,7.268498799,7.222399245,0.00461088
0.708,7.407286913,7.372813433,0.00344804
0.7085,7.543698339,7.521859287,0.00218434
0.709,7.677598455,7.669399547,0.000820055
0.7095,7.808855118,7.808631753,2.23409e-05
0.71,7.937338735,7.936479262,8.59644e-05
0.7105,8.062922684,8.061277521,0.000164549
0.711,8.185482852,8.182923158,0.000256021
0.7115,8.304898347,8.301316214,0.000358285
0.712,8.421051319,8.416360146,0.000469211
0.7125,8.533827141,8.527961818,0.00058665
0.713,8.643114514,8.636031511,0.000708442
0.7135,8.748805587,8.740482917,0.000832433
0.714,8.850796055,8.841233141,0.000956483
0.7145,8.948985265,8.938202702,0.00107847
0.715,9.043276317,9.03131553,0.00119632
0.7155,9.133576156,9.120498969,0.00130798
0.716,9.219795668,9.205683774,0.00141147
0.7165,9.301849765,9.286804115,0.00150487
0.717,9.379657469,9.363797573,0.00158631
0.7175,9.453141993,9.436605144,0.00165402
0.718,9.522230742,9.505171233,0.00170629
0.7185,9.586855757,9.569443662,0.00174156
0.719,9.646953039,9.629373662,0.00175829
0.7195,9.702463352,9.68491588,0.0017551
0.72,9.753331915,9.736028373,0.0017307
0.7205,9.799508527,9.782672613,0.00168393
0.721,9.840947616,9.824813484,0.00161374
0.7215,9.877608288,9.862419281,0.0015192
0.722,9.909454363,9.895461714,0.00139954
0.7225,9.936454412,9.923915906,0.0012541
0.723,9.95858179,9.94776039,0.00108236
0.7235,9.97581466,9.966977115,0.000883931
0.724,9.988136015,9.98155144,0.000658589
0.7245,9.995533695,9.99147214,0.000406237
0.725,9.9980004,9.996731399,0.000126926
0.7255,9.995533695,9.997324816,0.000179148
0.726,9.988136181,9.993251402,0.000511624
0.7265,9.97581466,9.984513582,0.000870066
0.727,9.95858179,9.971117192,0.00125379
0.7275,9.936454412,9.953071481,0.00166204
0.728,9.909454363,9.930389113,0.00209389
0.7285,9.877608288,9.903086162,0.0025483
0.729,9.840947616,9.871182116,0.00302405
0.7295,9.799508527,9.834699876,0.00351984
0.73,9.753331915,9.793665754,0.00403419
0.7305,9.702463352,9.748109477,0.00456553
0.731,9.646953039,9.698064185,0.00511214
0.7315,9.586855757,9.643566427,0.0056722
0.732,9.522230816,9.584656169,0.00624378
0.7325,9.453141993,9.521376788,0.00682484
0.733,9.379657469,9.453775074,0.00741324
0.7335,9.301849765,9.381901229,0.00800675
0.734,9.219795668,9.305808868,0.00860304
0.7345,9.133576156,9.225555021,0.00919973
0.735,9.043276317,9.141200127,0.00979434
0.7355,8.948985265,9.05280804,0.0103844
0.736,8.850796055,8.960446027,0.0109672
0.7365,8.748805587,8.864184766,0.0115402
0.737,8.643114514,8.76409835,0.0121008
0.7375,8.53382714,8.660264284,0.0126462
0.738,8.421051319,8.552763484,0.0131739
0.7385,8.304898347,8.44168028,0.0136809
0.739,8.185482852,8.327102417,0.0141648
0.7395,8.062922684,8.209121048,0.0146228
0.74,7.937338794,8.087830744,0.0150522
0.7405,7.808855118,7.963329484,0.0154505
0.741,7.677598527,7.835718664,0.0158152
0.7415,7.543698339,7.705103088,0.0161437
0.742,7.407286913,7.571590978,0.0164337
0.7425,7.268498799,7.435293965,0.0166829
0.743,7.127470964,7.296327093,0.016889
0.7435,6.984342585,7.154808822,0.01705
0.744,6.839254912,7.01086102,0.017164
0.7445,6.692351131,6.864608972,0.0172292
0.745,6.543776217,6.716181373,0.017244
0.7455,6.393676795,6.565710332,0.0172068
0.746,6.242200996,6.41333137,0.0171165
0.7465,6.089498307,6.259183423,0.0169719
0.747,5.935719429,6.103408835,0.0167723
0.7475,5.781016122,5.946153368,0.016517
0.748,5.625541056,5.787566194,0.0162058
0.7485,5.469447677,5.627799898,0.0158384
0.749,5.31289002,5.467010478,0.0154151
0.7495,5.156022591,5.305357344,0.0149365
0.75,4.9990002,5.143003321,0.0144032
0.7505,4.841977809,4.980114644,0.0138164
0.751,4.68511038,4.816860962,0.0131777
0.7515,4.528552723,4.653415338,0.0124888
0.752,4.37245934,4.489954246,0.0117518
0.7525,4.216984278,4.326657572,0.0109695
0.753,4.06228104,4.163708617,0.0101448
0.7535,3.908502093,4.001294094,0.00928106
0.754,3.755799404,3.839604128,0.00838215
0.7545,3.604323605,3.678832258,0.00745236
0.755,3.454224183,3.519175434,0.00649642
0.7555,3.305649269,3.360834021,0.00551958
0.756,3.158745487,3.204011794,0.00452754
0.7565,3.013657815,3.048915944,0.00352652
0.757,2.870529436,2.895757072,0.00252327
0.7575,2.729501601,2.744749192,0.00152506
0.758,2.590713487,2.596109733,0.000539733
0.7585,2.454302056,2.452448673,0.000185375
0.759,2.320401945,2.315012603,0.000539042
0.7595,2.189145282,2.181060427,0.000808647
0.76,2.060661606,2.050659345,0.00100043
0.7605,1.935077716,1.923874453,0.00112055
0.761,1.812517548,1.800768744,0.00117512
0.7615,1.693102053,1.681403105,0.00117013
0.762,1.576949081,1.565836319,0.0011115
0.7625,1.464173259,1.454125065,0.00100502
0.763,1.354885886,1.346323917,0.000856368
0.7635,1.249194813,1.242485347,0.000671081
0.764,1.147204345,1.142659719,0.000454554
0.7645,1.049015135,1.046895296,0.000212026
0.765,0.9547240833,0.955238235,5.14255e-05
0.7655,0.8644242438,0.8677325889,0.000330901
0.766,0.7782047315,0.7844203064,0.000621682
0.7665,0.6961506349,0.7053412319,0.000919244
0.767,0.6183429301,0.6305331055,0.00121926
0.7675,0.5448584074,0.560031563,0.00151762
0.768,0.4757695838,0.4938701358,0.00181042
0.7685,0.4111446427,0.432080251,0.00209398
0.769,0.3510473611,0.3746912315,0.00236486
0.7695,0.2955370478,0.3217302957,0.00261985
0.77,0.2446684848,0.2732225578,0.00285598
0.7705,0.1984918732,0.2291910276,0.00307053
0.771,0.1570527838,0.1896566108,0.00326103
0.7715,0.1203921119,0.1546381085,0.00342528
0.772,0.08854603716,0.1241522177,0.00356133
0.7725,0.06154598783,0.09821353088,0.00366749
0.773,0.03941860971,0.07683453641,0.00374234
0.7735,0.02218573985,0.06002561823,0.00378474
0.774,0.009864384989,0.04779505599,0.00379383
0.7745,0.002466704827,0.04014902501,0.00376899
0.775,0,0.03709159632,0.0037099
0.7755,0.002466704827,0.0386247366,0.00361653
0.776,0.009864384989,0.04474830825,0.00348909
0.7765,0.02218573983,0.05546006932,0.0033281
0.777,0.03941860971,0.07075567357,0.00313433
0.7775,0.06154598783,0.09062867042,0.00290885
0.778,0.08854603716,0.115070505,0.00265298
0.7785,0.1203921119,0.1440705181,0.00236831
0.779,0.1570527838,0.1776159462,0.00205673
0.7795,0.1984918732,0.2156919215,0.00172035
0.78,0.2446684848,0.2582814719,0.00136157
0.7805,0.2955370478,0.3053655208,0.000983044
0.781,0.3510473611,0.3569228875,0.00058767
0.7815,0.4111446427,0.4129302869,0.0001786
0.782,0.4757695838,0.4733623295,0.000240774
0.7825,0.5448584074,0.5381915217,0.000666822
0.783,0.6183429312,0.6073882654,0.00109569
0.7835,0.6961506349,0.6809208583,0.00152328
0.784,0.7782047315,0.7587554936,0.00194531
0.7845,0.8644242438,0.8408562604,0.00235727
0.785,0.9547240833,0.9271851433,0.00275444
0.7855,1.049015135,1.017702023,0.00313194
0.786,1.147204345,1.112364675,0.00348466
0.7865,1.249194813,1.211128771,0.00380737
0.787,1.354885886,1.313947879,0.00409462
0.7875,1.464173259,1.420773462,0.00434085
0.788,1.576949081,1.531554879,0.00454033
0.7885,1.693102053,1.646239384,0.0046872
0.789,1.812517548,1.764772127,0.0047755
0.7895,1.935077716,1.887096154,0.00479912
0.79,2.060661606,2.013152407,0.00475187
0.7905,2.189145282,2.142879723,0.00462748
0.791,2.320401945,2.276214835,0.00441959
0.7915,2.454302061,2.413092371,0.00412179
0.792,2.59071361,2.553444855,0.00372762
0.7925,2.729501601,2.697202708,0.00323054
0.793,2.870529436,2.844294245,0.00262404
0.7935,3.013657815,2.994645678,0.00190159
0.794,3.158745487,3.148181113,0.00105665
0.7945,3.305649269,3.304822554,8.2688e-05
0.795,3.454224183,3.46378542,0.000956315
0.7955,3.604323605,3.622898171,0.00185783
0.796,3.755799556,3.781986695,0.00261924
0.7965,3.908502093,3.940929786,0.00324342
0.797,4.062280971,4.09960824,0.00373347
0.7975,4.216984278,4.257904852,0.00409288
0.798,4.37245934,4.415704418,0.00432537
0.7985,4.528552723,4.572893731,0.00443499
0.799,4.68511038,4.729361587,0.00442601
0.7995,4.841977809,4.884998781,0.00430296
0.8,4.9990002,5.039698105,0.0040706
0.8005,5.156022591,5.193354354,0.00373392
0.801,5.31289002,5.345864323,0.00329809
0.8015,5.469447816,5.497126804,0.00276845
0.802,5.62554106,5.64704259,0.00215058
0.8025,5.781016122,5.795514476,0.00145013
0.803,5.935719429,5.942447254,0.000672917
0.8035,6.089498307,6.087747716,0.000175094
0.804,6.242200983,6.231324655,0.00108785
0.8045,6.393676795,6.373088864,0.0020592
0.805,6.543776217,6.512953135,0.00308292
0.8055,6.692351131,6.650832259,0.00415272
0.806,6.839254912,6.786643029,0.00526224
0.8065,6.984342585,6.920304235,0.00640512
0.807,7.127470964,7.05173667,0.00757494
0.8075,7.268498799,7.180863124,0.00876532
0.808,7.407286913,7.307608388,0.00996985
0.8085,7.543698339,7.431899253,0.0111821
0.809,7.677598455,7.553664509,0.0123959
0.8095,7.808855118,7.672834947,0.0136047
0.81,7.937338735,7.789343357,0.0148025
0.8105,8.062922684,7.903124528,0.015983
0.811,8.185482852,8.01411525,0.0171402
0.8115,8.304898347,8.122254313,0.0182681
0.812,8.421051319,8.227482507,0.0193608
0.8125,8.533827141,8.329742619,0.0204125
0.813,8.643114514,8.428979439,0.0214178
0.8135,8.748805587,8.525139756,0.0223711
0.814,8.850796055,8.618172358,0.023267
0.8145,8.948985265,8.708028033,0.0241005
0.815,9.043276317,8.794659569,0.0248666
0.8155,9.133576156,8.878021754,0.0255606
0.816,9.219795668,8.958071377,0.0261777
0.8165,9.301849765,9.034767223,0.0267136
0.817,9.379657469,9.108070081,0.0271642
0.8175,9.453141993,9.177942737,0.0275254
0.818,9.522230742,9.244349979,0.0277936
0.8185,9.586855757,9.307258592,0.0279653
0.819,9.646953039,9.366637363,0.0280372
0.8195,9.702463352,9.422457079,0.0280062
0.82,9.753331915,9.474690525,0.0278697
0.8205,9.799508527,9.523312488,0.0276251
0.821,9.840947616,9.568299752,0.0272702
0.8215,9.877608288,9.609631103,0.0268031
0.822,9.909454363,9.647287327,0.0262219
0.8225,9.936454412,9.681251208,0.0255254
0.823,9.95858179,9.711507531,0.0247124
0.8235,9.97581466,9.738043081,0.0237819
0.824,9.988136015,9.760846641,0.0227335
0.8245,9.995533695,9.779908997,0.0215668
0.825,9.9980004,9.795222931,0.0202818
0.8255,9.995533695,9.806783229,0.0188788
0.826,9.988136181,9.814586673,0.0173584
0.8265,9.97581466,9.818632046,0.0157214
0.827,9.95858179,9.818920132,0.013969
0.8275,9.936454412,9.815453714,0.0121025
0.828,9.909454363,9.808237574,0.0101237
0.8285,9.877608288,9.797278495,0.00803459
0.829,9.840947616,9.78258526,0.0058374
0.8295,9.799508527,9.764168649,0.00353469
0.83,9.753331915,9.742041446,0.00112927
0.8305,9.702463352,9.716218432,0.00137578
0.831,9.646953039,9.686716388,0.00397713
0.8315,9.586855757,9.653554096,0.00667117
0.832,9.522230816,9.616752337,0.00945404
0.8325,9.453141993,9.576333891,0.0123217
0.833,9.379657469,9.532323539,0.0152697
0.8335,9.301849765,9.484748063,0.0182935
0.834,9.219795668,9.433636241,0.0213883
0.8345,9.133576156,9.379018854,0.0245492
0.835,9.043276317,9.320928682,0.0277708
0.8355,8.948985265,9.259400505,0.0310477
0.836,8.850796055,9.194471102,0.0343744
0.8365,8.748805587,9.126179252,0.0377449
0.837,8.643114514,9.054565734,0.0411534
0.8375,8.53382714,8.979673327,0.0445935
0.838,8.421051319,8.90154681,0.0480592
0.8385,8.304898347,8.820232962,0.0515438
0.839,8.185482852,8.735780559,0.0550408
0.8395,8.062922684,8.648240381,0.0585435
0.84,7.937338794,8.557665205,0.062045
0.8405,7.808855118,8.464109809,0.0655386
0.841,7.677598527,8.36763097,0.069017
0.8415,7.543698339,8.268287465,0.0724734
0.842,7.407286913,8.166140071,0.0759005
0.8425,7.268498799,8.061251566,0.0792911
0.843,7.127470964,7.953686725,0.0826381
0.8435,6.984342585,7.843512325,0.0859342
0.844,6.839254912,7.730797143,0.0891721
0.8445,6.692351131,7.615611954,0.0923445
0.845,6.543776217,7.498029533,0.0954444
0.8455,6.393676795,7.378124657,0.0984645
0.846,6.242200996,7.255974101,0.101398
0.8465,6.089498307,7.13165664,0.104237
0.847,5.935719429,7.005253048,0.106975
0.8475,5.781016122,6.876846102,0.109605
0.848,5.625541056,6.746520574,0.11212
0.8485,5.469447677,6.61436324,0.114514
0.849,5.31289002,6.480462873,0.116781
0.8495,5.156022591,6.344910248,0.118913
0.85,4.9990002,6.207798138,0.120904
0.8505,4.841977809,6.069221317,0.122749
0.851,4.68511038,5.929276558,0.124442
0.8515,4.528552723,5.788062634,0.125976
0.852,4.37245934,5.645680318,0.127348
0.8525,4.216984278,5.502232383,0.128551
0.853,4.06228104,5.357823601,0.12958
0.8535,3.908502093,5.212560744,0.130432
0.854,3.755799404,5.066552585,0.131102
0.8545,3.604323605,4.919909895,0.131585
0.855,3.454224183,4.772745446,0.131878
0.8555,3.305649269,4.62517401,0.131979
0.856,3.158745487,4.477312357,0.131883
0.8565,3.013657815,4.329279259,0.131588
0.857,2.870529436,4.181195487,0.131093
0.8575,2.729501601,4.033183811,0.130394
0.858,2.590713487,3.885369002,0.129491
0.8585,2.454302056,3.73787783,0.128383
0.859,2.320401945,3.590839064,0.127069
0.8595,2.189145282,3.444383476,0.125549
0.86,2.060661606,3.298643834,0.123823
0.8605,1.935077716,3.153754907,0.121892
0.861,1.812517548,3.009853466,0.119758
0.8615,1.693102053,2.867078279,0.117421
0.862,1.576949081,2.725570114,0.114885
0.8625,1.464173259,2.585471741,0.112152
0.863,1.354885886,2.446927928,0.109226
0.8635,1.249194813,2.310085443,0.10611
0.864,1.147204345,2.175093053,0.102809
0.8645,1.049015135,2.042101528,0.0993285
0.865,0.9547240833,1.911263634,0.0956731
0.8655,0.8644242438,1.782734138,0.0918494
0.866,0.7782047315,1.656669808,0.0878641
0.8665,0.6961506349,1.533229411,0.0837246
0.867,0.6183429301,1.412573713,0.079439
0.8675,0.5448584074,1.294865482,0.0750157
0.868,0.4757695838,1.180269483,0.0704641
0.8685,0.4111446426,1.068952482,0.0657939
0.869,0.3510473611,0.9610832458,0.0610158
0.8695,0.2955370478,0.8568325399,0.0561408
0.87,0.2446684848,0.7563731297,0.0511807
0.8705,0.1984918732,0.6598797805,0.046148
0.871,0.1570527838,0.5675292574,0.0410559
0.8715,0.1203921119,0.4795003254,0.035918
0.872,0.08854603716,0.3959737492,0.0307489
0.8725,0.06154598783,0.3171322931,0.0255637
0.873,0.03941860971,0.2431607217,0.0203783
0.8735,0.02218573983,0.1742457989,0.015209
0.874,0.009864384976,0.1105762885,0.0100732
0.8745,0.002466704827,0.05234295442,0.00498862
0.875,0,-1.391896841e-05,1.39218e-06
0.8755,0.00246670484,0.0003354502176,0.000213168
0.876,0.009864384989,0.006595738162,0.00032693
0.8765,0.02218573983,0.01865130732,0.000353514
0.877,0.03941860971,0.03638638016,0.000303284
0.8775,0.06154598783,0.05968503918,0.000186132
0.878,0.08854603716,0.08843122688,1.14833e-05
0.8785,0.1203921119,0.1225087458,0.000211706
0.879,0.1570527838,0.1618012584,0.000474942
0.8795,0.1984918732,0.2061922874,0.000770195
0.88,0.2446684848,0.2555652152,0.00108989
0.8805,0.2955370478,0.3098032845,0.00142691
0.881,0.3510473611,0.3687895978,0.00177458
0.8815,0.4111446427,0.4324071179,0.00212667
0.882,0.4757695838,0.5005386673,0.0024774
0.8825,0.5448584074,0.5730669287,0.00282142
0.883,0.6183429312,0.6498744447,0.00315378
0.8835,0.6961506349,0.7308436181,0.00346999
0.884,0.7782047315,0.8158567116,0.00376595
0.8845,0.8644242438,0.9047958479,0.00403797
0.885,0.9547240833,0.9975430097,0.00428275
0.8855,1.049015135,1.09398004,0.00449739
0.886,1.147204345,1.193988641,0.00467937
0.8865,1.249194813,1.297450376,0.00482652
0.887,1.354885886,1.404246668,0.00493707
0.8875,1.464173259,1.514258799,0.00500956
0.888,1.576949081,1.627367913,0.00504289
0.8885,1.693102053,1.743455011,0.0050363
0.889,1.812517548,1.862400958,0.00498934
0.8895,1.935077716,1.984086476,0.00490186
0.89,2.060661606,2.108392148,0.00477401
0.8905,2.189145282,2.235198416,0.00460623
0.891,2.320401945,2.364385585,0.00439924
0.8915,2.454302061,2.495833816,0.00415401
0.892,2.59071361,2.629423132,0.00387173
0.8925,2.729501601,2.765033418,0.00355389
0.893,2.870529436,2.902544415,0.00320214
0.8935,3.013657815,3.041835727,0.00281835
0.894,3.158745487,3.182786817,0.00240461
0.8945,3.305649269,3.325277007,0.00196317
0.895,3.454224183,3.469185482,0.00149643
0.8955,3.604323605,3.614391283,0.00100697
0.896,3.755799556,3.760773315,0.000497475
0.8965,3.908502093,3.90821034,2.91811e-05
0.897,4.062280971,4.056580981,0.000570113
0.8975,4.216984278,4.205763722,0.00112228
0.898,4.37245934,4.355636906,0.00168258
0.8985,4.528552723,4.506078735,0.00224785
0.899,4.68511038,4.656967274,0.00281487
0.8995,4.841977809,4.808180445,0.00338041
0.9,4.9990002,4.959596032,0.0039412
0.9005,5.156022591,5.111091678,0.00449399
0.901,5.31289002,5.262544886,0.00503552
0.9015,5.469447816,5.41383302,0.00556259
0.902,5.62554106,5.564833302,0.00607199
0.9025,5.781016122,5.715422817,0.00656064
0.903,5.935719429,5.865478507,0.0070255
0.9035,6.089498307,6.014877176,0.00746361
0.904,6.242200983,6.163495487,0.00787212
0.9045,6.393676795,6.311209964,0.00824833
0.905,6.543776217,6.45789699,0.00858964
0.9055,6.692351131,6.603432808,0.00889361
0.906,6.839254912,6.747693522,0.00915797
0.9065,6.984342585,6.890555096,0.00938062
0.907,7.127470964,7.031893353,0.00955967
0.9075,7.268498799,7.171583976,0.00969342
0.908,7.407286913,7.309502509,0.0097804
0.9085,7.543698339,7.445524356,0.00981936
0.909,7.677598455,7.579524779,0.00980933
0.9095,7.808855118,7.711378904,0.00974957
0.91,7.937338735,7.840961712,0.00963963
0.9105,8.062922684,7.968148048,0.00947936
0.911,8.185482852,8.092812616,0.00926888
0.9115,8.304898347,8.214829979,0.00900864
0.912,8.421051319,8.33407456,0.00869942
0.9125,8.533827141,8.450420644,0.00834232
0.913,8.643114514,8.563742373,0.0079388
0.9135,8.748805587,8.673913753,0.00749068
0.914,8.850796055,8.780808646,0.00700014
0.9145,8.948985265,8.884300776,0.00646974
0.915,9.043276317,8.984263728,0.00590244
0.9155,9.133576156,9.080570944,0.00530158
0.916,9.219795668,9.173095728,0.00467093
0.9165,9.301849765,9.261711245,0.00401465
0.917,9.379657469,9.346290518,0.00333736
0.9175,9.453141993,9.426706431,0.00264408
0.918,9.522230742,9.502831728,0.00194029
0.9185,9.586855757,9.574539013,0.00123192
0.919,9.646953039,9.641700749,0.000525334
0.9195,9.702463352,9.699557926,0.000290601
0.92,9.753331915,9.737590664,0.00157444
0.9205,9.799508527,9.769206617,0.0030308
0.921,9.840947616,9.794552784,0.00464041
0.9215,9.877608288,9.813775107,0.00638459
0.922,9.909454363,9.82701847,0.00824524
0.9225,9.936454412,9.834426699,0.0102048
0.923,9.95858179,9.836142562,0.0122464
0.9235,9.97581466,9.832307771,0.0143536
0.924,9.988136015,9.823062977,0.0165106
0.9245,9.995533695,9.808547776,0.0187023
0.925,9.9980004,9.788900705,0.0209142
0.9255,9.995533695,9.764259242,0.0231321
0.926,9.988136181,9.73475981,0.0253427
0.9265,9.97581466,9.700537772,0.0275332
0.927,9.95858179,9.661727434,0.0296914
0.9275,9.936454412,9.618462043,0.0318056
0.928,9.909454363,9.57087379,0.0338648
0.9285,9.877608288,9.519093807,0.0358586
0.929,9.840947616,9.463252169,0.0377771
0.9295,9.799508527,9.403477891,0.039611
0.93,9.753331915,9.339898934,0.0413516
0.9305,9.702463352,9.272642197,0.0429907
0.931,9.646953039,9.201833525,0.0445209
0.9315,9.586855757,9.127597702,0.045935
0.932,9.522230816,9.050058456,0.0472267
0.9325,9.453141993,8.969338456,0.04839
0.933,9.379657469,8.885559315,0.0494197
0.9335,9.301849765,8.798841587,0.0503109
0.934,9.219795668,8.709304768,0.0510593
0.9345,9.133576156,8.617067295,0.0516612
0.935,9.043276317,8.522246551,0.0521134
0.9355,8.948985265,8.424958856,0.0524131
0.936,8.850796055,8.325319478,0.0525582
0.9365,8.748805587,8.223442622,0.0525468
0.937,8.643114514,8.119441437,0.0523778
0.9375,8.53382714,8.013428016,0.0520503
0.938,8.421051319,7.905513391,0.0515641
0.9385,8.304898347,7.79580754,0.0509193
0.939,8.185482852,7.684419378,0.0501164
0.9395,8.062922684,7.571456768,0.0491564
0.94,7.937338794,7.457026511,0.0480408
0.9405,7.808855118,7.341234351,0.0467714
0.941,7.677598527,7.224184976,0.0453504
0.9415,7.543698339,7.105982013,0.0437804
0.942,7.407286913,6.986728035,0.0420643
0.9425,7.268498799,6.866524554,0.0402055
0.943,7.127470964,6.745472026,0.0382075
0.9435,6.984342585,6.623669848,0.0360745
0.944,6.839254912,6.50121636,0.0338106
0.9445,6.692351131,6.378208844,0.0314205
0.945,6.543776217,6.254743524,0.028909
0.9455,6.393676795,6.130915567,0.0262814
0.946,6.242200996,6.00681908,0.0235429
0.9465,6.089498307,5.882547114,0.0206993
0.947,5.935719429,5.758191662,0.0177563
0.9475,5.781016122,5.633843659,0.0147202
0.948,5.625541056,5.509592983,0.0115971
0.9485,5.469447677,5.385528452,0.0083936
0.949,5.31289002,5.261737827,0.00511624
0.9495,5.156022591,5.138307814,0.00177183
0.95,4.9990002,5.015324057,0.00163271
0.9505,4.841977809,4.892871144,0.00509035
0.951,4.68511038,4.771032606,0.00859394
0.9515,4.528552723,4.649890915,0.0121362
0.952,4.37245934,4.529527485,0.01571
0.9525,4.216984278,4.410022674,0.0193077
0.953,4.06228104,4.29145578,0.0229221
0.9535,3.908502093,4.173905044,0.0265456
0.954,3.755799404,4.057447649,0.0301709
0.9545,3.604323605,3.942159722,0.0337904
0.955,3.454224183,3.828116328,0.0373967
0.9555,3.305649269,3.715391479,0.0409824
0.956,3.158745487,3.604058126,0.0445402
0.9565,3.013657815,3.494188164,0.0480626
0.957,2.870529436,3.385852428,0.0515426
0.9575,2.729501601,3.279120696,0.0549729
0.958,2.590713487,3.174061691,0.0583465
0.9585,2.454302056,3.070743074,0.0616564
0.959,2.320401945,2.96923145,0.0648959
0.9595,2.189145282,2.869592368,0.0680583
0.96,2.060661606,2.771890315,0.0711371
0.9605,1.935077716,2.676188723,0.0741259
0.961,1.812517548,2.582549967,0.0770186
0.9615,1.693102053,2.491035362,0.0798093
0.962,1.576949081,2.401705166,0.0824921
0.9625,1.464173259,2.31461858,0.0850615
0.963,1.354885886,2.229833745,0.0875123
0.9635,1.249194813,2.147407746,0.0898393
0.964,1.147204345,2.067396611,0.0920376
0.9645,1.049015135,1.989855307,0.0941028
0.965,0.9547240833,1.914837747,0.0960306
0.9655,0.8644242438,1.842396783,0.0978168
0.966,0.7782047315,1.77258421,0.0994578
0.9665,0.6961506349,1.705450768,0.10095
0.967,0.6183429301,1.641046134,0.102291
0.9675,0.5448584074,1.579418932,0.103477
0.968,0.4757695837,1.520616725,0.104506
0.9685,0.4111446427,1.46468602,0.105375
0.969,0.3510473611,1.411672264,0.106084
0.9695,0.2955370478,1.36161985,0.10663
0.97,0.2446684848,1.31457211,0.107012
0.9705,0.1984918732,1.270571318,0.107229
0.971,0.1570527838,1.229658693,0.107282
0.9715,0.1203921119,1.191874392,0.10717
0.972,0.08854603716,1.157257519,0.106893
0.9725,0.06154598783,1.125846116,0.106451
0.973,0.03941860971,1.09767717,0.105847
0.9735,0.02218573983,1.072786609,0.105081
0.974,0.009864384976,1.051209302,0.104155
0.9745,0.002466704827,1.032979063,0.103072
0.975,0,1.018128645,0.101833
0.9755,0.00246670484,1.006689747,0.100442
0.976,0.009864384989,0.998693006,0.0989026
0.9765,0.02218573983,0.994168004,0.0972177
0.977,0.03941860971,0.9931432641,0.0953915
0.9775,0.06154598783,0.9956462518,0.0934287
0.978,0.08854603716,1.001703375,0.091334
0.9785,0.1203921119,1.011339983,0.0891126
0.979,0.1570527838,1.024580368,0.0867701
0.9795,0.1984918732,1.041447765,0.0843124
0.98,0.2446684848,1.061964349,0.0817459
0.9805,0.2955370478,1.08615124,0.0790772
0.981,0.3510473611,1.114028498,0.0763134
0.9815,0.4111446427,1.145615125,0.0734617
0.982,0.4757695838,1.180929067,0.0705301
0.9825,0.5448584074,1.219987212,0.0675264
0.983,0.6183429312,1.262805388,0.0644591
0.9835,0.6961506348,1.309398367,0.061337
0.984,0.7782047315,1.359779864,0.0581691
0.9845,0.8644242438,1.413962533,0.0549648
0.985,0.9547240833,1.471957973,0.0517337
0.9855,1.049015135,1.533776724,0.0484859
0.986,1.147204345,1.59942827,0.0452314
0.9865,1.249194813,1.668921033,0.041981
0.987,1.354885886,1.742262382,0.0387454
0.9875,1.464173259,1.819458625,0.0355356
0.988,1.576949081,1.900515014,0.0323631
0.9885,1.693102053,1.985435741,0.0292392
0.989,1.812517548,2.074223943,0.0261759
0.9895,1.935077716,2.166881697,0.023185
0.99,2.060661606,2.263410022,0.0202789
0.9905,2.189145282,2.363808882,0.0174699
0.991,2.320401945,2.46807718,0.0147705
0.9915,2.454302061,2.576212762,0.0121935
0.992,2.59071361,2.688212417,0.00975183
0.9925,2.729501601,2.804071876,0.00745852
0.993,2.870529436,2.923785812,0.0053267
0.9935,3.013657815,3.04734784,0.00336968
0.994,3.158745487,3.174750517,0.00160082
0.9945,3.305649269,3.305985343,3.36141e-05
0.995,3.454224183,3.441042759,0.00131841
0.9955,3.604323605,3.579912149,0.00244163
0.996,3.755799556,3.72258184,0.00332244
0.9965,3.908502093,3.869039098,0.00394709
0.997,4.062280971,4.019270135,0.00430194
0.9975,4.216984278,4.173260103,0.00437329
0.998,4.37245934,4.330993097,0.00414745
0.9985,4.528552723,4.492452154,0.00361078
0.999,4.68511038,4.657619252,0.00274966
0.9995,4.841977809,4.826475313,0.00155056
1,4.9990002,4.9990002,3.50012e-14
1,4.9990002,4.9990002,3.50012e-14
