time,mass3.s,mass3.v,mass1.s,mass1.v,linearSpeedDependentForce.s,mass2.v,inverseSpeedDependentForce.s,mass4.v
0,0,100,0,100,0,100,0,100
9.99900005e-05,0.009998500183,99.990002,0.00999850015,99.990001,0.009998500167,99.9900015,0.009998500133,99.9900005
0.001422590152,0.142157923,99.85794307,0.1421578271,99.85774098,0.1421578751,99.85784212,0.1421577791,99.85763965
0.01246249321,1.238547557,98.76909088,1.238483634,98.75375068,1.238515793,98.76148421,1.238451068,98.74588668
0.04063253226,3.982873236,96.09540053,3.980703092,95.93674677,3.9818099,96.0181901,3.979549492,95.85066174
0.08474526301,8.134517869,92.18754244,8.115438321,91.5254737,8.125370674,91.87462933,8.104589224,91.13229263
0.140020861,13.1046561,87.71769298,13.02179403,85.9979139,13.06599001,86.93400999,12.97042813,84.85035618
0.2088720715,18.96877514,82.72173873,18.70583004,79.11279285,18.85009572,81.14990428,18.52352155,76.30570141
0.2856326109,25.12508991,77.78271844,24.48396167,71.43673891,24.84613277,75.15386723,23.97579317,65.4779261
0.3661008363,31.19605735,73.20103794,29.90859252,63.38991637,30.65671256,69.34328744,28.71391618,51.75018371
0.4234369762,35.30743488,70.25249507,33.37875398,57.65630238,34.52075581,65.47924419,31.33613319,39.13444294
0.4525269054,37.33047289,68.84554,35.01366054,54.74730946,36.39810404,63.60189596,32.35837941,30.81785308
0.4711688052,38.60571861,67.97316448,36.01687837,52.88311948,37.57278109,62.42721891,32.87213223,24.01934631
0.4830174071,39.40787964,67.43009132,36.63644993,51.69825929,38.30809155,61.69190845,33.12511376,18.43854423
0.489777415,39.86267185,67.12412081,36.98364569,51.0222585,38.72372292,61.27627708,33.23639175,14.31049848
0.4938416113,40.13510601,66.94150065,37.19018428,50.61583887,38.97225635,61.02774365,33.28832829,11.11362872
0.4963283426,40.30143313,66.83025132,37.31574308,50.36716574,39.12382741,60.87617259,33.31296065,8.589665355
0.497810975,40.40046877,66.76409832,37.39030916,50.2189025,39.21401752,60.78598248,33.32431447,6.643206699
0.4986926928,40.45931854,66.72481936,37.43454919,50.13073072,39.26758998,60.73241002,33.32954048,5.14774394
0.4992231989,40.49471021,66.70120851,37.46112977,50.07768011,39.29980036,60.70019964,33.33197635,3.986228202
0.4995419942,40.51597198,66.68702816,37.47708922,50.04580058,39.31914821,60.68085179,33.33310952,3.084580874
0.4997326508,40.52868549,66.67855044,37.48662897,50.02673492,39.33071631,60.66928369,33.33363402,2.387849014
0.4998468385,40.53629907,66.67347401,37.49234075,50.01531615,39.3376436,60.6623564,33.33387721,1.848852736
0.4998872307,40.53899213,66.67167848,37.4943609,50.01127693,39.34009384,60.65990616,33.33394729,1.615677609
0.4999234671,40.54140804,66.67006777,37.49617306,50.00765329,39.3422919,60.6577081,33.33400156,1.373205254
0.4999608929,40.54390319,66.66840427,37.49804457,50.00391071,39.34456202,60.65543798,33.33404745,1.066412288
0.4999665544,40.54428063,66.66815264,37.49832766,50.00334456,39.34490542,60.65509458,33.33405334,1.0119314
0.4999675551,40.54434735,66.66810816,37.4983777,50.00324449,39.34496612,60.65503388,33.33405435,1.001993204
0.4999681892,40.54438962,66.66807997,37.49840941,50.00318108,39.34500458,60.65499542,33.33405498,0.9959322615
0.4999684667,40.54440812,66.66806764,37.49842329,50.00315333,39.34502141,60.65497859,33.33405526,0.9959046236
0.4999712418,40.54459313,66.6679443,37.49856205,50.00287582,39.34518973,60.65481027,33.33405802,0.9956282861
0.4999989931,40.54644323,66.66671088,37.49994965,50.00010069,39.34687296,60.65312704,33.33408561,0.9928691251
0.5002765054,40.56494236,66.65437927,37.51382145,49.97234946,39.36370261,60.63629739,33.33435736,0.9656945899
0.501926175,40.67483965,66.58116814,37.59612324,49.8073825,39.46365,60.53635,33.33582597,0.8188334173
0.5047334512,40.86157691,66.45695231,37.73555228,49.52665488,39.63335394,60.36664606,33.33783019,0.6184108555
0.5080310158,41.08048324,66.31163295,37.89832593,49.19689842,39.83208901,60.16791099,33.33956732,0.4446985273
0.512114331,41.35088861,66.13256495,38.0983787,48.7885669,40.07727263,59.92272737,33.34105813,0.2956171126
0.5167698286,41.65829563,65.92958095,38.32443007,48.32301714,40.35559438,59.64440562,33.34215845,0.1855854353
0.5220547364,42.00612177,65.70065899,38.57841625,47.79452636,40.66997809,59.33002191,33.34292029,0.1094015025
0.5278608039,42.3868585,65.45098804,38.85422898,47.21391961,41.01345412,58.98654588,33.34340214,0.06121657451
0.5341718407,42.79907133,65.18174598,39.1502063,46.58281593,41.38454815,58.61545185,33.34368863,0.03256748747
0.5409414635,43.23935648,64.89539128,39.463263,45.90585365,41.78001257,58.21998743,33.34384881,0.01654944335
0.5481786631,43.70791792,64.59202778,39.79287398,45.18213369,42.19984121,57.80015879,33.34393405,0.00802557167
0.5559319444,44.20746825,64.27016271,40.1401781,44.40680556,42.6462493,57.3537507,33.34397734,0.003696200404
0.564330197,44.74577384,63.92512235,40.50959114,43.5669803,43.12590364,56.87409636,33.34399834,0.00159596896
0.5735869758,45.33577065,63.54907658,40.90859664,42.64130242,43.64994536,56.35005464,33.34400798,0.0006324239871
0.5840153357,45.99629701,63.13070144,41.34783796,41.59846643,44.23453058,55.76546942,33.34401207,0.0002229008225
0.5960567032,46.75360218,62.65441512,41.84149065,40.39432968,44.90199642,55.09800358,33.34401363,6.685964197e-05
0.6103617885,47.6458862,62.09784656,42.40910321,38.96382115,45.68456734,54.31543266,33.34401414,1.599209076e-05
0.6279613357,48.73285126,61.42651982,43.07936161,37.20386643,46.63213156,53.36786844,33.34401428,2.751413252e-06
0.6506437092,50.11653334,60.58242534,43.8975091,34.93562908,47.82901608,52.17098392,33.3440143,2.845931714e-07
0.6818906456,51.99185395,59.45689724,44.94032193,31.81093544,49.43399359,50.56600641,33.3440143,1.236702834e-08
0.7296433084,54.79152016,57.81538819,46.34536297,27.03566916,51.79190864,48.20809136,33.3440143,5.436193702e-11
0.8169852891,59.7178687,55.03621843,48.32528078,18.30147109,55.8238568,44.1761432,33.3440143,-1.60604984e-12
0.9441577675,66.48288505,51.43615424,49.84408225,5.584223248,61.09929326,38.90070674,33.3440143,1.005323382e-13
0.9618959024,67.39112943,50.97110335,49.92740389,3.810409765,61.78323538,38.21676462,33.3440143,1.705830917e-14
0.9737712858,67.99460624,50.66443084,49.96560273,2.622871424,62.23439,37.76561,33.3440143,5.202317317e-15
0.9822334869,68.4224224,50.44814321,49.98421755,1.776651313,62.55262181,37.44737819,33.3440143,2.231970949e-15
0.9875349336,68.68951354,50.31358047,49.99223111,1.246506639,62.75062179,37.24937821,33.3440143,1.31355922e-15
0.9902724271,68.82715187,50.24437733,49.99526848,0.9728622889,62.85245227,37.14754773,33.3440143,9.989915762e-16
0.9920821798,68.91804045,50.19873167,49.99687899,0.8118107642,62.91961936,37.08038064,33.3440143,8.336145045e-16
0.9968033005,69.15475434,50.08004484,49.99993397,0.5063130859,63.09426771,36.90573229,33.3440143,5.199117218e-16
1.000684384,69.34893055,49.98289565,50.00156258,0.3434518209,63.23722437,36.76277563,33.3440143,3.526763035e-16
1.005955436,69.61204649,49.85155555,50.00296966,0.2027435321,63.43049302,36.56950698,33.3440143,2.081888496e-16
1.011347606,69.88049396,49.71790978,50.00381469,0.1182409823,63.62715137,36.37284863,33.3440143,1.21416717e-16
1.017477435,70.18479277,49.56684873,50.00435655,0.06405499743,63.84942874,36.15057126,33.3440143,6.577539655e-17
1.023950655,70.50513621,49.40831863,50.00466181,0.03352932044,64.08268356,35.91731644,33.3440143,3.442985616e-17
1.030918562,70.84881753,49.23880293,50.00483006,0.01670369412,64.33208218,35.66791782,33.3440143,1.715232455e-17
1.038295108,71.2113718,49.06060877,50.00491722,0.007988282191,64.5942202,35.4057798,33.3440143,8.202832721e-18
1.046185649,71.59773917,48.8714203,50.00496081,0.0036288737,64.87249164,35.12750836,33.3440143,3.726338556e-18
1.054702052,72.01308417,48.66885626,50.00498161,0.001548494161,65.17038142,34.82961858,33.3440143,1.590083859e-18
1.064081781,72.46854603,48.44769223,50.00499104,0.0006061133835,65.49554642,34.50445358,33.3440143,6.223924714e-19
1.074642117,72.97886558,48.20108396,50.00499499,0.0002108267209,65.85800781,34.14199219,33.3440143,2.164891379e-19
1.086842195,73.56520027,47.91929122,50.00499648,6.224226948e-05,66.27201221,33.72798779,33.3440143,6.391398207e-20
1.101350684,74.25803115,47.58843902,50.00499695,1.458790136e-05,66.75782164,33.24217836,33.3440143,1.497970549e-20
1.119235637,75.10554655,47.18682395,50.00499707,2.439186194e-06,67.34707137,32.65292863,33.3440143,2.504698237e-21
1.142357384,76.19067947,46.67755232,50.0049971,2.414233962e-07,68.09340266,31.90659734,33.3440143,2.479075834e-22
1.174369446,77.67387028,45.99034406,50.0049971,9.691810061e-09,69.09862318,30.90137682,33.3440143,9.952114208e-24
1.223709303,79.9176649,44.96990627,50.0049971,2.489387068e-11,70.58629028,29.41370972,33.3440143,2.556247414e-26
1.315475872,83.96152163,43.18766616,50.0049971,-8.294090607e-13,73.16534058,26.83465942,33.3440143,-8.516854587e-28
1.470282397,90.43324623,40.48120116,50.0049971,6.763317134e-14,77.01394358,22.98605642,33.3440143,6.944967361e-29
1.658560611,97.77848363,37.61433818,50.0049971,-6.673969158e-15,80.95871389,19.04128611,33.3440143,-6.853219664e-30
1.900846788,106.5002664,34.47269133,50.0049971,7.691246512e-16,85.055798,14.944202,33.3440143,7.897819212e-31
2.191720365,116.0560026,31.33106325,50.0049971,-9.40021896e-17,88.82756234,11.17243766,33.3440143,-9.652691508e-32
2.542142944,126.4731819,28.23149406,50.0049971,1.17334142e-17,92.13024251,7.869757491,33.3440143,1.204855207e-32
2.952691164,137.4396531,25.29921434,50.0049971,-1.452154511e-18,94.78009585,5.219904152,33.3440143,-1.491156703e-33
3.427737945,148.7888647,22.58488981,50.0049971,1.750383282e-19,96.75397137,3.24602863,33.3440143,1.797395349e-34
3.963212882,160.2053034,20.14823242,50.0049971,-2.040633685e-20,98.09980328,1.900196716,33.3440143,-2.095441343e-35
4.552501875,171.4248285,18.00989241,50.0049971,2.300707258e-21,98.9459198,1.0540802,33.3440143,2.362500013e-36
5,179.1759107,16.66666052,50.0049971,-2.808950076e-22,99.32620513,0.6737948671,33.3440143,-2.884393296e-37
