time,slewRateLimiter.y,preFilter.y,armatureInverter.iDCFilter.y,armatureInverter.vMotFilter.y,armatureInverter.idealDcDc.powerController.y,armatureInverter.iMotFilter.y,armatureInverter.vDCFilter.y,dcpm.inertiaRotor.phi,dcpm.la.i,armatureInverter.idealDcDc.deadTime.y,currentController.integrator.y,speedController.integrator.y,dcpm.inertiaRotor.w,dcpm.inertiaRotor.flange_b.tau,loadInertia.phi,loadInertia.w
0,0,0,0,0,0,0,120,0,0,0,-0,-0,0,-0,0,0
1e-06,0,0,0,0,0,0,120,0,0,0,0,0,0,0,0,0
0.010001,0,0,0,0,0,0,120,0,0,0,0,0,0,0,0,0
0.110001,0,0,0,0,0,0,120,0,0,0,0,0,0,0,0,0
0.1601858791,0,0,0,0,0,0,120,0,0,0,0,0,0,0,0,0
0.1855293052,0,0,0,0,0,0,120,0,0,0,0,0,0,0,0,0
0.1889863808,0,0,0,0,0,0,120,0,0,0,0,0,0,0,0,0
0.1974614105,0,0,0,0,0,0,120,0,0,0,0,0,0,0,0,0
0.1987510987,0,0,0,0,0,0,120,0,0,0,0,0,0,0,0,0
0.199451922,0,0,0,0,0,0,120,0,0,0,0,0,0,0,0,0
0.1998030402,0,0,0,0,0,0,120,0,0,0,0,0,0,0,0,0
0.1999643157,0,0,0,0,0,0,120,0,0,0,0,0,0,0,0,0
0.1999805101,0,0,0,0,0,0,120,0,0,0,0,0,0,0,0,0
0.1999888135,0,0,0,0,0,0,120,0,0,0,0,0,0,0,0,0
0.1999940993,0,0,0,0,0,0,120,0,0,0,0,0,0,0,0,0
0.1999987767,0,0,0,0,0,0,120,0,0,0,0,0,0,0,0,0
0.1999995412,0,0,0,0,0,0,120,0,0,0,0,0,0,0,0,0
0.1999999206,0,0,0,0,0,0,120,0,0,0,0,0,0,0,0,0
0.1999999991,0,0,0,0,0,0,120,0,0,0,0,0,0,0,0,0
0.2000000013,-3.124931819e-07,-1.464987632e-05,-4.011740372e-32,-4.917519375e-17,-5.844297872e-26,-4.525385905e-22,120,-2.837094368e-33,-3.278389995e-17,-1.228705404e-09,-1.706535554e-11,-5.432071358e-13,-9.60319552e-25,1.043543946e-17,-2.837094368e-33,-9.60319552e-25
0.2000000023,6.705789668e-09,3.143703826e-07,-9.48046466e-32,-2.38014342e-15,-4.999845365e-26,-1.173744394e-21,120,-4.284390862e-33,-1.586763415e-15,-2.854532433e-09,-3.964641492e-11,-1.261984477e-12,-2.490767248e-24,5.050824819e-16,-4.284390862e-33,-2.490767248e-24
0.2000000123,3.198695506e-06,0.0001499567549,1.026868531e-28,5.398583614e-13,7.925424441e-23,8.433223066e-19,120,3.200326084e-30,3.599063895e-13,1.675707402e-07,2.327401134e-09,7.408345515e-11,1.789588717e-21,-1.145617619e-13,3.200326084e-30,1.789588717e-21
0.2000001126,3.511859267e-05,0.001646372346,1.039050256e-21,7.550811045e-10,5.986517335e-17,1.387891988e-14,120,6.495275795e-25,5.034008193e-10,2.053743051e-05,2.852836909e-07,9.080828532e-09,2.945263224e-17,-1.602374575e-10,6.495275795e-25,2.945263224e-17
0.2000011154,0.0003543175643,0.01660970296,1.551175442e-15,7.748192152e-07,8.578839381e-12,1.437827192e-10,120,6.795115522e-20,5.166851334e-07,0.002088052541,2.904342802e-05,9.244467257e-07,3.051843452e-13,-1.64465986e-07,6.795115522e-20,3.051843452e-13
0.2000056989,0.001813281951,0.08498357559,2.90183702e-11,0.0001032647497,3.094092772e-08,9.817770514e-08,120,2.378159006e-16,6.893807151e-05,0.05435773921,0.0007606655658,2.420814007e-05,2.085771512e-10,-2.19436697e-05,2.378159006e-16,2.085771512e-10
0.2000140861,0.00448301428,0.2100185652,6.620273309e-09,0.001544411933,2.819338195e-06,3.637508019e-06,120,2.184479907e-14,0.001033124204,0.328614641,0.004649468473,0.0001479277346,7.740825315e-09,-0.0003288536478,2.184479907e-14,7.740825315e-09
0.2000237677,0.007564783047,0.3542206486,1.502483258e-07,0.007332704758,3.778447839e-05,2.921031952e-05,120,2.969626463e-13,0.004916706356,0.9239551176,0.01323902112,0.0004210776421,6.228201098e-08,-0.00156503624,2.969626463e-13,6.228201098e-08
0.2000344939,0.01097903809,0.5138174924,1.374096505e-06,0.02212362491,0.0002375834607,0.0001282339281,119.9999999,1.898794398e-12,0.01487304193,1.919320101,0.02788631529,0.000886630257,2.740087444e-07,-0.004734236285,1.898794398e-12,2.740087444e-07
0.2000461661,0.01469440018,0.6872949756,7.71151053e-06,0.05229184321,0.0009941054438,0.0004067847556,119.9999995,8.092826774e-12,0.03525445066,3.386884623,0.04995345284,0.001587627832,8.712547642e-07,-0.01122184018,8.092826774e-12,8.712547642e-07
0.2000586425,0.01866576412,0.8725019259,3.157687724e-05,0.1055695682,0.003197617145,0.001046244849,119.9999981,2.654885641e-11,0.07139107099,5.378649418,0.08060314292,0.002560683121,2.246490668e-06,-0.02272448368,2.654885641e-11,2.246490668e-06
0.2000719354,0.02289702873,1.069575416,0.0001046999203,0.1917653289,0.008623790857,0.00233851949,119.9999937,7.311063415e-11,0.1301040908,7.958589347,0.1212876206,0.003851500432,5.034729773e-06,-0.04141341833,7.311063415e-11,5.034729773e-06
0.2000862451,0.02745195175,1.281430888,0.0003020315558,0.3248588669,0.02070120843,0.004765339777,119.9999819,1.79456527e-10,0.2211789979,11.23658604,0.1743416816,0.005533637186,1.028925342e-05,-0.07040346166,1.79456527e-10,1.028925342e-05
0.200101914,0.0324394975,1.513060761,0.0007966925251,0.5261182114,0.04609553684,0.009152508798,119.9999522,4.093766457e-10,0.3595927286,15.3883384,0.2434432656,0.007722983304,1.982468651e-05,-0.1144619205,4.093766457e-10,1.982468651e-05
0.2001100379,0.0350254374,1.633013291,0.00124170282,0.655856631,0.06637960861,0.01234222165,119.9999255,5.976295905e-10,0.4491683192,17.7397603,0.2835043304,0.008991473252,2.677773947e-05,-0.1429747166,5.976295905e-10,2.677773947e-05
0.2001183703,0.03767770045,1.755941128,0.00188816917,0.8075328719,0.09286910167,0.01639415637,119.9998867,8.563368296e-10,0.5542025761,20.11415939,0.3251620097,0.01030956357,3.562902686e-05,-0.1764081589,8.563368296e-10,3.562902686e-05
0.2001317586,0.04193933631,1.953246244,0.00345027674,1.088865155,0.1485063051,0.02481465412,119.999793,1.450641697e-09,0.7498970002,23.76891884,0.3920945272,0.01242516219,5.407733055e-05,-0.2386996288,1.450641697e-09,5.407733055e-05
0.2001478847,0.04707244089,2.190548156,0.006461095152,1.485328505,0.2390536878,0.03858079045,119.9996123,2.55412211e-09,1.02751271,27.92129684,0.4727082974,0.01496962534,8.436256088e-05,-0.3270674538,2.55412211e-09,8.436256088e-05
0.2001686639,0.0536866681,2.495758238,0.0127920033,2.081001559,0.3970426035,0.06314283817,119.9992325,4.839484178e-09,1.448370453,32.89520581,0.576569582,0.01824223197,0.0001386973211,-0.4610306342,4.839484178e-09,0.0001386973211
0.2001949535,0.06205489074,2.880997865,0.02611654002,2.95653921,0.6679136468,0.1070277251,119.998433,9.69481631e-09,2.074482294,38.62878936,0.7079438722,0.02237295317,0.000236499508,-0.6603282228,9.69481631e-09,0.000236499508
0.2002276833,0.07247313716,3.359199251,0.05375137708,4.21021744,1.119530831,0.1847566347,119.9967749,2.012536915e-08,2.985401493,44.98029795,0.8714366168,0.02750045425,0.0004114204085,-0.9502828094,2.012536915e-08,0.0004114204085
0.2002689411,0.08560587244,3.959770988,0.1113939949,6.002600059,1.867770902,0.3243800547,119.9933164,4.32636619e-08,4.315283237,51.8954742,1.077380674,0.03394006801,0.0007296398941,-1.373597316,4.32636619e-08,0.0007296398941
0.2003231553,0.1028628174,4.745188697,0.2364675792,8.631731026,3.134863301,0.5872352742,119.9858119,9.829412879e-08,6.322108723,59.41372739,1.34764267,0.04236168757,0.001338967933,-2.012389708,9.829412879e-08,0.001338967933
0.2003995307,0.1271738385,5.844459728,0.5305099884,12.68512571,5.389627631,1.126460158,119.9681694,2.461253154e-07,9.545564805,67.57535749,1.727381429,0.05414859066,0.002619339602,-3.038447647,2.461253154e-07,0.002619339602
0.2004761279,0.1515554836,6.938524,0.9870380263,16.96772915,8.079998949,1.879215442,119.9407777,5.134616058e-07,13.12819478,73.56075674,2.106576456,0.06587966442,0.004458075754,-4.178834186,5.134616058e-07,0.004458075754
0.2005695754,0.1813007559,8.261968782,1.78390876,22.26309611,11.75802133,3.093637036,119.8929655,1.065987205e-06,17.83217331,78.66166387,2.566153786,0.08007026432,0.007522829278,-5.676157058,1.065987205e-06,0.007522829278
0.2006754968,0.2150165728,9.747195566,3.013044543,28.13510981,16.22465519,4.860446466,119.8192173,2.097159069e-06,23.45438875,82.33884085,3.081839022,0.09599556725,0.01215839044,-7.465763814,2.097159069e-06,0.01215839044
0.2008001466,0.2546938492,11.47500137,4.883475076,34.64517236,21.61294252,7.447044986,119.7069915,4.036719207e-06,30.29412314,84.68867418,3.679703079,0.114521917,0.01926339136,-9.642918889,4.036719207e-06,0.01926339136
0.2009449569,0.3007883864,13.45539841,7.565777175,41.47377809,27.75635361,11.08343482,119.5460534,7.560020303e-06,38.36050239,85.62398484,4.359289093,0.1357566692,0.02981079811,-12.21052715,7.560020303e-06,0.02981079811
0.2011148529,0.3548679702,15.7425967,11.27044073,48.34991886,34.50021895,16.10492504,119.3237736,1.389620363e-05,47.79663292,85.12416299,5.132136615,0.1602810893,0.04534531379,-15.21414079,1.389620363e-05,0.04534531379
0.2013140248,0.4182663615,18.37490323,16.13295848,54.82356533,41.47312368,22.84323546,119.0320225,2.509256738e-05,58.62261619,83.13525448,5.999156851,0.1885059229,0.06784662133,-18.66015829,2.509256738e-05,0.06784662133
0.2015487106,0.4929691856,21.41003066,22.18831401,60.37584514,48.13248755,31.66779545,118.6687012,4.468240102e-05,70.84879722,79.56266742,6.959889907,0.2210499926,0.1001135775,-22.55187258,4.468240102e-05,0.1001135775
0.2018276174,0.5817479711,24.92564071,29.26175181,64.38716093,53.67862524,42.95565003,118.2442949,7.883357477e-05,84.42524141,74.24991504,8.008034041,0.2587460236,0.1461190063,-26.87338899,7.883357477e-05,0.1461190063
0.2021698125,0.69067204,29.10717259,36.93882418,66.12776593,57.02976604,57.32010353,117.7836705,0.0001399659532,99.4558368,66.84809569,9.147325035,0.3035823829,0.2129958749,-31.65777609,0.0001399659532,0.2129958749
0.2026899205,0.8562275515,35.1949433,45.05913951,63.80866852,55.90567272,78.78084835,117.2964516,0.0002812339688,118.6232347,54.97361113,10.5663335,0.3688583353,0.3337556167,-37.75894835,0.0002812339688,0.3337556167
0.2030957842,0.9854179988,39.73037553,47.92525185,59.24149276,51.29731357,94.26158997,117.1244849,0.000438157003,130.5114968,45.95594324,11.42347602,0.4174893814,0.4412298306,-41.54309969,0.000438157003,0.4412298306
0.2035851435,1.141185894,44.95963554,47.63202504,51.98013996,43.41346013,110.7033353,117.1420785,0.0006882441167,141.5190168,36.01292983,12.19495673,0.4735599765,0.5827742053,-45.04690212,0.0006882441167,0.5827742053
0.2040762653,1.297514819,49.95665526,44.17523303,43.93463969,34.74680646,124.39887,117.349486,0.001011406128,149.3422651,27.43469253,12.72222779,0.5271403817,0.7345988395,-47.53711939,0.001011406128,0.7345988395
0.2046213036,1.471005912,55.22239125,38.12453446,35.17337202,25.82806594,136.254136,117.7125279,0.001459524364,154.8973952,19.75067234,13.07444934,0.5836020895,0.9108244676,-49.30537224,0.001459524364,0.9108244676
0.2052069814,1.657432929,60.56983073,30.71138173,26.76668383,18.08769271,145.3721926,118.1573171,0.002049806714,158.0326274,13.61036689,13.2480951,0.6409398607,1.10554597,-50.30334766,0.002049806714,1.10554597
0.2058616577,1.865822863,66.18800624,22.93665838,19.14435852,12.07106791,151.8188574,118.6238005,0.002845689148,159.0950646,9.049799348,13.27233289,0.7011805916,1.326073126,-50.6415319,0.002845689148,1.326073126
0.2066198087,2.107149838,72.25078514,15.87643237,12.82645022,8.200328053,155.5343204,119.0474141,0.003948011761,158.3696158,6.188064046,13.17233527,0.7661885699,1.581650605,-50.4106144,0.003948011761,1.581650605
0.207549106,2.402954344,79.08172444,10.56396032,8.331387996,6.676283867,156.5288488,119.3661624,0.005562345382,156.2034895,5.111788976,12.97794554,0.8394331268,1.8919408,-49.72111498,0.005562345382,1.8919408
0.2084784032,2.69875885,85.30646935,8.307569911,6.485042798,7.132466128,155.4974272,119.5015458,0.007462913829,153.8448906,5.543536108,12.78852505,0.9061777811,2.197615444,-48.97034963,0.007462913829,2.197615444
0.209505556,3.025711739,91.54601288,8.053713476,6.301911444,8.522578903,153.6166506,119.5167772,0.00989157496,151.7617252,6.710209751,12.63194304,0.9730811132,2.530545521,-48.30725747,0.00989157496,2.530545521
0.2108193361,3.443900921,98.64716983,9.234960929,7.296744197,10.36603303,151.4957433,119.4459023,0.01349294728,150.1943007,8.239182382,12.52272405,1.049223071,2.951187096,-47.80833075,0.01349294728,2.951187096
0.2121331162,3.862090104,104.8740767,10.69018929,8.500748758,11.70435001,150.2378801,119.3585886,0.01764474003,149.6026122,9.333415689,12.48798163,1.115990907,3.36891878,-47.61999045,0.01764474003,3.36891878
0.2135933486,4.326896528,110.8997873,11.91608662,9.49754058,12.5780505,149.7034628,119.2850348,0.02290249505,149.5533829,10.02902121,12.49228183,1.180601421,3.832317376,-47.60432029,0.02290249505,3.832317376
0.2152311265,4.848217415,116.6896508,12.73362311,10.14485179,13.09984443,149.669551,119.2359826,0.02960476472,149.7313913,10.42991177,12.510952,1.242683072,4.352377721,-47.66098213,0.02960476472,4.352377721
0.2171948944,5.473304145,122.4907361,13.28760772,10.57153634,13.51834874,149.8279416,119.2027435,0.03876476344,149.904111,10.74845303,12.52751235,1.304885048,4.976746301,-47.71596052,0.03876476344,4.976746301
0.2195920715,6.236349328,128.1892846,13.82015696,10.98365923,14.04738403,149.9454573,119.1707906,0.05160909392,149.9688328,11.16129627,12.5356965,1.365987577,5.739519842,-47.73656209,0.05160909392,5.739519842
0.2220536139,7.019882617,132.7793855,14.4103644,11.44775218,14.66083318,149.9665302,119.1353781,0.06670132273,149.9661437,11.64532074,12.53891349,1.415204806,6.522893049,-47.73570612,0.06670132273,6.522893049
0.2252625316,8.041312839,137.2938563,15.23302961,12.0967371,15.49192535,149.960884,119.0860182,0.08927118779,149.9599387,12.30082745,12.54279731,1.463611093,7.544064037,-47.73373102,0.08927118779,7.544064037
0.2292902015,9.323359997,141.2496299,16.27373365,12.91620701,16.53148723,149.9630653,119.023576,0.1222373473,149.9643836,13.11899045,12.54800422,1.506026766,8.825784342,-47.73514587,0.1222373473,8.825784342
0.2343168355,10.92338727,144.400817,17.56891371,13.9344951,17.82671537,149.9692434,118.9458652,0.170621813,149.9702944,14.13705695,12.55365207,1.539815282,10.42546517,-47.73702734,0.170621813,10.42546517
0.241386221,13.17364256,146.8462754,19.39340853,15.36674967,19.65174487,149.9756882,118.8363955,0.252275947,149.9764972,15.56936069,12.5601086,1.566036641,12.6753231,-47.73900176,0.252275947,12.6753231
0.2504148064,16.04753057,148.2610291,21.728606,17.19606906,21.98756086,149.9820038,118.6962836,0.3796879132,149.9826033,17.39868715,12.56642743,1.581206299,15.54882225,-47.74094538,0.3796879132,15.54882225
0.2614502784,19.56023039,148.9056921,24.59048408,19.43209891,24.85019876,149.9875399,118.524571,0.570656659,149.987955,19.63472446,12.57196685,1.58811868,19.06118116,-47.74264888,0.570656659,19.06118116
0.2754044825,24.00199152,149.1463874,28.22133201,22.25962415,28.48201391,149.9921723,118.3067201,0.8676287492,149.9924331,22.46225595,12.57660201,1.590699528,23.50265704,-47.7440743,0.8676287492,23.50265704
0.2932927895,29.6960165,149.2124021,32.89567737,25.88441063,33.15761399,149.9956865,118.0262594,1.338977601,149.9958302,26.08704718,12.5801183,1.59140737,29.19646562,-47.74515565,1.338977601,29.19646562
0.3173016939,37.33828812,149.2244514,39.20496823,30.74953561,39.46861962,149.9980615,117.6477019,2.13169205,149.9981261,30.95217536,12.58249466,1.591536568,36.838591,-47.74588644,2.13169205,36.838591
0.3508280327,48.01005321,149.2256099,48.08509118,37.54333943,48.35120031,149.9993655,117.1148945,3.545646148,149.9993867,37.74598094,12.58379947,1.59154899,47.51027579,-47.7462877,3.545646148,47.51027579
0.3945218411,61.91822439,149.2256506,59.78394502,46.39753648,60.05336909,149.999852,116.4129633,5.92540071,149.9998569,46.60017865,12.58428623,1.591549427,61.41841701,-47.74643739,5.92540071,61.41841701
0.4487510432,79.17991554,149.225651,74.50913862,57.38666536,74.78285916,149.9999757,115.5294517,9.724116063,149.9999765,57.5893077,12.58441,1.591549431,78.68010054,-47.74647545,9.724116063,78.68010054
0.5151941951,100.3294276,149.225651,92.8766058,70.85086206,93.15588658,149.9999973,114.4274037,15.65448999,149.9999974,71.05350443,12.58443166,1.591549431,99.82961131,-47.74648211,15.65448999,99.82961131
0.595057399,125.750675,149.225651,115.4584674,87.03453066,115.7449063,149.9999998,113.072492,24.64231372,149.9999998,87.23717303,12.58443413,1.591549431,125.2508585,-47.74648287,24.64231372,125.2508585
0.623875688,134.9238213,149.225651,123.7499932,92.87433697,124.0390668,149.9999999,112.5750004,28.38400635,149.9999999,93.07697934,12.58443425,1.591549431,134.4240048,-47.74648291,28.38400635,134.4240048
0.6371517968,139.149738,149.225651,127.5962381,95.56463909,127.8865892,150,112.3442257,30.19668593,150,95.76728145,12.58443427,1.591549431,138.6499215,-47.74648291,30.19668593,138.6499215
0.6605253796,146.5897804,149.225651,134.409374,100.3011172,134.7020132,150,111.9354376,33.52438157,150,100.5037596,12.5844343,1.591549431,146.089964,-47.74648292,33.52438157,146.089964
0.6650222336,148.0211735,149.225651,135.7263205,101.2123704,136.0194024,150,111.8564208,34.1845452,150,101.4150127,12.5844343,1.591549431,147.521357,-47.74648292,34.1845452,147.521357
0.6674306526,148.7877971,149.225651,136.432473,101.7004181,136.7257946,150,111.8140516,34.54076161,150,101.9030605,12.5844343,1.591549431,148.2879806,-47.74648292,34.54076161,148.2879806
0.6682490118,149.0340587,149.225651,136.6725488,101.8662524,136.9659519,150,111.7996471,34.66222103,150,102.0688947,12.5844343,1.591549431,148.5484725,-47.74648292,34.66222103,148.5484725
0.6686357757,149.0955117,149.225651,136.786034,101.9446271,137.0794757,150,111.792838,34.71969802,150,102.1472695,12.5844343,1.591549431,148.6715832,-47.74648292,34.71969802,148.6715832
0.6696646514,149.179138,149.225651,137.0880018,102.1531209,137.3815463,150,111.7747199,34.87283108,150,102.3557633,12.5844343,1.591549431,148.9990845,-47.74648292,34.87283108,148.9990845
0.6701732895,149.1976821,149.225651,137.2373226,102.2561925,137.5309178,150,111.7657606,34.94865887,150,102.4588349,12.5844343,1.591549431,149.1609891,-47.74648292,34.94865887,149.1609891
0.670400669,149.2033705,149.225651,137.3059957,102.3035714,137.5796775,150.0000267,111.7616403,34.98258325,150.0008939,102.4918506,12.58432678,1.591545935,149.2333662,-47.74676747,34.98258325,149.2333662
0.670499089,149.2054589,149.225651,137.3077442,102.3049733,136.9480856,149.9997369,111.7615353,34.99727234,149.9882523,102.0644825,12.57706941,1.591315838,149.2646937,-47.74274351,34.99727234,149.2646937
0.670794524,149.2106239,149.225651,136.5863918,101.833348,131.6341982,149.9586644,111.8048165,35.04138424,149.5942235,98.64301996,12.49615551,1.588774052,149.3586388,-47.61732025,35.04138424,149.3586388
0.6710255467,149.2137237,149.225651,134.9272109,100.7845551,125.4955724,149.7985815,111.9043673,35.07589793,148.7090938,94.91343889,12.37055945,1.584855998,149.4317832,-47.33557473,35.07589793,149.4317832
0.6713829039,149.2173076,149.225651,130.364181,98.02074798,114.4330894,149.1002419,112.1781491,35.12931851,146.1433763,88.58589616,12.06964322,1.575484634,149.5436763,-46.51888147,35.12931851,149.5436763
0.6717797197,149.2200404,149.225651,122.8634521,93.69359835,101.3113007,147.3778961,112.6281929,35.18868399,141.5406629,81.54182378,11.59032947,1.560446312,149.6649293,-45.05379231,35.18868399,149.6649293
0.6722944059,149.2222976,149.225651,110.5077613,86.92741526,84.59000322,143.2518429,113.3695343,35.2657535,132.9739079,73.10788159,10.76379771,1.533932702,149.8150947,-42.3269095,35.2657535,149.8150947
0.6729482263,149.2239071,149.225651,92.89977165,77.85404407,65.63650201,134.6081098,114.4260137,35.36376393,118.4873879,64.29262469,9.442380324,1.489567701,149.9899535,-37.71570697,35.36376393,149.9899535
0.6736208553,149.224761,149.225651,75.07731754,69.36731914,49.74735861,121.9172016,115.4953609,35.46470562,100.4838122,57.93146576,7.864357979,1.432748528,150.1465258,-31.98499083,35.46470562,150.1465258
0.6742934843,149.2251968,149.225651,59.15689051,62.69671839,37.26011986,106.0743397,116.4505866,35.56574364,80.65278527,54.4048033,6.174698665,1.366296638,150.275939,-25.6725789,35.56574364,150.275939
0.6749872849,149.2254241,149.225651,45.23925954,58.18542353,26.93295959,87.48732489,117.2856444,35.67004278,59.61724486,53.48147628,4.421618201,1.289666453,150.379194,-18.97675843,35.67004278,150.379194
0.6756986208,149.2255396,149.225651,33.29486271,56.10580871,17.84420722,67.29079338,118.0023082,35.77704111,38.65791288,54.89658624,2.707292504,1.204790154,150.4532225,-12.30519585,35.77704111,150.4532225
0.6764423727,149.2255981,149.225651,22.56719111,56.39505366,8.995503783,46.21961436,118.6459685,35.88895962,18.443955,58.26263187,1.081607684,1.111626279,150.4979997,-5.870893218,35.88895962,150.4979997
0.6772500281,149.2256274,149.225651,12.09809621,58.96075079,-0.3697586186,24.67113877,119.2741142,36.0105183,-0.7014382114,63.28548007,-0.432883027,1.008048003,150.5127439,0.2232747172,36.0105183,150.5127439
0.6783403846,149.2256431,149.225651,-0.9564016045,64.81910193,-12.43592196,-0.5199431557,120.0573841,36.17462069,-21.15868412,70.96850796,-2.01948171,0.8687244853,150.4862279,6.735018335,36.17462069,150.4862279
0.6790270968,149.2256471,149.225651,-8.581709506,69.20443884,-19.26791035,-13.5445451,120.5149026,36.27794912,-30.82110632,75.74139745,-2.753353674,0.7833890924,150.4480603,9.810662845,36.27794912,150.4480603
0.6798123591,149.2256492,149.225651,-16.50597385,74.32970148,-25.93906013,-25.59672565,120.9903584,36.3960682,-39.04068719,80.76355814,-3.364711086,0.6896093869,150.3894543,12.42703669,36.3960682,150.3894543
0.6806286767,149.2256502,149.225651,-23.55011025,79.38669553,-31.32612639,-35.03140347,121.4130066,36.51880464,-44.7670738,85.28634773,-3.77697625,0.5975170591,150.3164836,14.24980217,36.51880464,150.3164836
0.6815245017,149.2256507,149.225651,-29.60923059,84.29797442,-35.34188928,-42.12020582,121.7765538,36.6534226,-48.31406006,89.33161429,-4.015873034,0.5037283441,150.2276052,15.37884296,36.6534226,150.2276052
0.6825109508,149.2256509,149.225651,-34.15052935,88.73990917,-37.65234411,-46.61028916,122.0490318,36.80156393,-49.65353871,92.70929396,-4.081720114,0.4099451279,150.1246646,15.80521225,36.80156393,150.1246646
0.6836389509,149.225651,149.225651,-36.80822236,92.55804227,-38.09853125,-48.45530132,122.2084933,36.97083767,-48.84308583,95.3853162,-3.979822949,0.3152265777,150.0063737,15.54723709,36.97083767,150.0063737
0.6850029724,149.225651,149.225651,-37.13698501,95.62436579,-36.46353831,-47.44803421,122.2282191,37.17535492,-45.76598265,97.35174454,-3.700776599,0.218202905,149.869034,14.56776473,37.17535492,149.869034
0.6870450304,149.225651,149.225651,-33.89960804,97.99721048,-31.6327433,-42.2375445,122.0339765,37.48120298,-39.06434579,98.70802646,-3.131640942,0.1061397855,149.6846831,12.43456746,37.48120298,149.6846831
0.6890870884,149.225651,149.225651,-28.58339404,98.8878058,-25.76379373,-35.19928973,121.7150036,37.78670589,-31.59562869,99.11112442,-2.512023593,0.02859235161,149.5315264,10.05720097,37.78670589,149.5315264
0.6914379714,149.225651,149.225651,-21.846563,99.06664213,-19.00721678,-26.75901776,121.3107938,38.13806835,-23.25192551,99.02573786,-1.827009029,-0.02644978154,149.3949901,7.401317763,38.13806835,149.3949901
0.6939987299,149.225651,149.225651,-14.94510696,98.73903352,-12.43704568,-18.29851769,120.8967064,38.52049045,-15.24011184,98.53758897,-1.17494066,-0.05557433533,149.2910437,4.851078264,38.52049045,149.2910437
0.6967246644,149.225651,149.225651,-8.830944083,98.04830387,-6.873568957,-10.85166223,120.5298566,38.92734699,-8.46656554,97.75645899,-0.6291233318,-0.06329310093,149.2234235,2.694991513,38.92734699,149.2234235
0.700042582,149.225651,149.225651,-3.547585128,97.04090708,-2.311355005,-4.390512905,120.2128551,39.42238367,-2.870329882,96.74222723,-0.184097713,-0.05511935413,149.1851667,0.913654378,39.42238367,149.1851667
0.7033604996,149.225651,149.225651,-0.4779026105,96.14547793,0.1671963718,-0.5943692831,120.0286742,39.91734836,0.209177715,95.91123256,0.05586430513,-0.03974695928,149.1770709,-0.06658333466,39.91734836,149.1770709
0.7066784172,149.225651,149.225651,0.9529394538,95.50398455,1.202459795,1.197547604,119.9428236,40.41231449,1.512397186,95.35101605,0.1531084994,-0.02451793098,149.1839474,-0.4814109761,40.41231449,149.1839474
0.7099963349,149.225651,149.225651,1.368582539,95.11548108,1.394146643,1.72557759,119.917885,40.90731391,1.759224877,95.03103397,0.1666606296,-0.01261825487,149.195904,-0.5599786703,40.90731391,149.195904
0.7139365473,149.225651,149.225651,1.205319592,94.8998538,1.118412579,1.523160882,119.9276808,41.49520512,1.413874804,94.87003623,0.1333436403,-0.003662209672,149.2094445,-0.4500503279,41.49520512,149.2094445
0.7182739648,149.225651,149.225651,0.7652877205,94.84655933,0.6615122047,0.9678604896,119.9540827,42.14241316,0.8366604353,94.84744641,0.08287750597,0.0009280710643,149.2197981,-0.2663172879,42.14241316,149.2197981
0.7226113823,149.225651,149.225651,0.3679167722,94.8779934,0.2918396719,0.4652550155,119.977925,42.78965501,0.3690158235,94.88911162,0.04267939916,0.002137540755,149.225208,-0.1174613848,42.78965501,149.225208
0.7269487997,149.225651,149.225651,0.1133891088,94.92823139,0.07135759501,0.1433339524,119.9931967,43.43691224,0.09019002218,94.93923955,0.01848532173,0.001809213314,149.2271814,-0.0287083757,43.43691224,149.2271814
0.7312862172,149.225651,149.225651,-0.0100538406,94.96860487,-0.02686123223,-0.0127019952,120.0006032,44.08417359,-0.03393912977,94.97600911,0.007137393947,0.001068993883,149.2273452,0.01080316054,44.08417359,149.2273452
0.7356236347,149.225651,149.225651,-0.0487938704,94.99253868,-0.05155019707,-0.06164044862,120.0029276,44.73143388,-0.06512024785,94.9963164,0.003457723777,0.0004335786594,149.2268403,0.02072841868,44.73143388,149.2268403
0.7404127141,149.225651,149.225651,-0.04470084641,95.00366882,-0.0415068888,-0.05646332823,120.0026821,45.44609154,-0.05242815235,95.00480364,0.003311605446,1.769856705e-05,149.2262212,0.01668839921,45.44609154,149.2262212
0.7454196937,149.225651,149.225651,-0.02579761874,95.00566401,-0.02202012596,-0.0325849114,120.0015479,46.19326301,-0.02781354279,95.00553832,0.00419070983,-0.0001502424211,149.2257959,0.008853325641,46.19326301,149.2257959
0.7504266733,149.225651,149.225651,-0.009959484591,95.00398355,-0.0075187968,-0.01257989982,120.0005976,46.94043296,-0.009497086448,95.00354363,0.004690951996,-0.0001670886008,149.225606,0.003023016506,46.94043296,149.225606
0.7554336529,149.225651,149.225651,-0.001321071512,95.00190935,-0.0002402764632,-0.001668672636,120.0000793,47.68760237,-0.0003034931217,95.0015536,0.004589019336,-0.0001292550417,149.2255611,9.660486101e-05,47.68760237,149.2255611
0.7604406324,149.225651,149.225651,0.00178714985,95.00054648,0.002042418651,0.002257441051,119.9998928,48.43477174,0.002579886456,95.0003566,0.004104847627,-8.700731906e-05,149.2255772,-0.0008212033641,48.43477174,149.2255772
0.7658934003,149.225651,149.225651,0.002006077884,94.99990378,0.001904743221,0.002533991989,119.9998796,49.24846426,0.002405991688,94.9998453,0.003437500969,-5.521400524e-05,149.2256079,-0.0007658509403,49.24846426,149.2256079
0.772908354,149.225651,149.225651,0.001007625179,94.99978595,0.0008677470358,0.001272790463,119.9999395,50.29527509,0.001096102024,94.99979524,0.002652881904,-3.520038996e-05,149.2256339,-0.0003489001105,50.29527509,149.2256339
0.7786641994,149.225651,149.225651,0.0003780952711,94.99987191,0.0003011368523,0.0004775937861,119.9999773,51.15419479,0.0003803830871,94.99988842,0.002147228386,-2.818063625e-05,149.2256424,-0.0001210796972,51.15419479,149.2256424
0.7856167772,149.225651,149.225651,6.58065287e-05,94.99996305,4.617906181e-05,8.312386186e-05,119.9999961,52.19169769,5.833131161e-05,94.99997195,0.001683798323,-2.336052247e-05,149.2256451,-1.856743316e-05,52.19169769,149.2256451
0.793301611,149.225651,149.225651,1.837815766e-05,95.00000071,2.001099986e-05,2.321453154e-05,119.9999989,53.33847199,2.527707801e-05,95.00000252,0.001301994665,-1.8972041e-05,149.2256455,-8.045943824e-06,53.33847199,149.2256455
0.7960245079,149.225651,149.225651,2.511959569e-05,95.00000383,2.812313073e-05,3.173004549e-05,119.9999985,53.74479802,3.552398604e-05,95.00000442,0.001190087325,-1.749252778e-05,149.2256457,-1.130763595e-05,53.74479802,149.2256457
0.7976292068,149.225651,149.225651,3.005998288e-05,95.00000438,3.314636538e-05,3.797053484e-05,119.9999982,53.98426026,4.186912222e-05,95.0000045,0.001128786154,-1.664569478e-05,149.2256458,-1.332735553e-05,53.98426026,149.2256458
0.7985667761,149.225651,149.225651,3.290820488e-05,95.00000439,3.588128925e-05,4.156828747e-05,119.999998,54.12416965,4.532376042e-05,95.00000431,0.001094447244,-1.616128546e-05,149.2256459,-1.442700102e-05,54.12416965,149.2256459
0.7993157184,149.225651,149.225651,3.508068401e-05,95.00000429,3.790109695e-05,4.431246987e-05,119.9999979,54.23593105,4.787509409e-05,95.00000408,0.001067765383,-1.578037481e-05,149.225646,-1.523911575e-05,54.23593105,149.225646
0.7995003456,149.225651,149.225651,3.559733661e-05,95.00000425,3.837322628e-05,4.496508317e-05,119.9999979,54.26348216,4.847146735e-05,95.00000401,0.001061287516,-1.568733783e-05,149.225646,-1.542894726e-05,54.26348216,149.225646
0.7998707489,149.225651,149.225651,3.66079702e-05,95.00000415,3.928753064e-05,4.624167191e-05,119.9999978,54.31875583,4.962637684e-05,95.00000387,0.001048408391,-1.550174643e-05,149.2256461,-1.579656636e-05,54.31875583,149.2256461
0.7999286446,149.225651,149.225651,3.676264766e-05,95.00000413,3.942637112e-05,4.643705379e-05,119.9999978,54.32739535,4.980175408e-05,95.00000384,0.001046409321,-1.54728674e-05,149.2256461,-1.585239067e-05,54.32739535,149.2256461
0.7999692712,149.225651,149.225651,3.687063776e-05,95.00000412,3.95231299e-05,4.657346221e-05,119.9999978,54.33345787,4.992397556e-05,95.00000383,0.00104500878,-1.545262354e-05,149.2256461,-1.589129498e-05,54.33345787,149.2256461
0.7999854228,149.225651,149.225651,3.691344351e-05,95.00000412,3.956144384e-05,4.662753258e-05,119.9999978,54.33586811,4.997237206e-05,95.00000382,0.001044452491,-1.54445802e-05,149.2256461,-1.590670006e-05,54.33586811,149.2256461
0.7999993658,149.225651,149.225651,3.695033764e-05,95.00000411,3.95944483e-05,4.667413566e-05,119.9999978,54.33794877,5.001406185e-05,95.00000381,0.001043972502,-1.543763891e-05,149.2256461,-1.591997034e-05,54.33794877,149.2256461
0.8000056283,149.225651,149.225651,3.696965445e-05,95.00000512,4.100231954e-05,4.669855006e-05,119.9999978,54.33888329,5.179940266e-05,95.00057444,0.001051829151,-1.517762274e-05,149.2244797,-31.83100511,54.33888329,149.2244797
0.8000083543,149.225651,149.225651,3.698396422e-05,95.00000779,4.374733727e-05,4.67166528e-05,119.9999978,54.33929007,5.527316352e-05,95.0014515,0.001064204354,-1.477948604e-05,149.2239013,-31.83100621,54.33929007,149.2239013
0.8000330482,149.225651,149.225651,3.860802956e-05,95.0002713,0.0002201409445,4.876947104e-05,119.9999977,54.34297493,0.0002781618648,95.0245319,0.001402361271,-3.988541999e-06,149.2186611,-31.83107716,54.34297493,149.2186611
0.8000683424,149.225651,149.225651,6.184153728e-05,95.00230955,0.001443418245,7.810680466e-05,119.9999963,54.34824135,0.00182193674,95.10122273,0.002593977925,3.389899643e-05,149.2111715,-31.83156856,54.34824135,149.2111715
0.8001110667,149.225651,149.225651,0.0001950000205,95.00945931,0.005618968451,0.0002460084176,119.9999883,54.3546161,0.007080163563,95.25443789,0.005155262945,0.0001151291938,149.2021055,-31.8332423,54.3546161,149.2021055
0.8001657089,149.225651,149.225651,0.0007614912446,95.02955998,0.01735608457,0.0009585583589,119.9999543,54.36276851,0.02180431203,95.53187731,0.01022396182,0.0002754638255,149.1905116,-31.83792915,54.36276851,149.1905116
0.8002321088,149.225651,149.225651,0.002626753438,95.07550926,0.04460081395,0.003295488892,119.9998424,54.37267428,0.05577323095,95.96923111,0.01910401044,0.0005555548695,149.1764263,-31.84874179,54.37267428,149.1764263
0.8003121287,149.225651,149.225651,0.007880103639,95.16851044,0.1012877213,0.009838395374,119.9995272,54.38461068,0.1258131407,96.60997451,0.03378985114,0.001017338725,149.1594605,-31.87103618,54.38461068,149.1594605
0.8004066695,149.225651,149.225651,0.02086950101,95.33784683,0.2086129411,0.02588249189,119.9987478,54.3987114,0.2567795493,97.48569749,0.05677446184,0.001737787968,149.1394358,-31.91272409,54.3987114,149.1394358
0.8005186027,149.225651,149.225651,0.05047006953,95.6265819,0.4011509847,0.06203953791,119.9969718,54.41540372,0.4879468303,98.63887969,0.09189367819,0.002835325286,149.1157696,-31.98630692,54.41540372,149.1157696
0.800650525,149.225651,149.225651,0.1134244562,96.09044253,0.7307490575,0.1378407524,119.9931945,54.43507358,0.8757039303,100.1032375,0.1442760801,0.004468444559,149.0879626,-32.10973384,54.43507358,149.0879626
0.8008056423,149.225651,149.225651,0.2401205689,96.79935138,1.274928227,0.2876721893,119.9855928,54.45819718,1.500335394,101.9091795,0.2209791644,0.006856800683,149.0554317,-32.30856021,54.45819718,149.0554317
0.8009872862,149.225651,149.225651,0.4828591794,97.83305872,2.144965663,0.5685254102,119.9710284,54.48526875,2.470571326,104.0752562,0.331246647,0.01029250468,149.0176427,-32.6173959,54.48526875,149.0176427
0.8011994231,149.225651,149.225651,0.9286131747,99.27731358,3.499045133,1.071073516,119.9442832,54.51687626,3.931741765,106.6087544,0.4871906451,0.01516863573,148.9740537,-33.08250089,54.51687626,148.9740537
0.801446854,149.225651,149.225651,1.717473426,101.2160199,5.558352876,1.934166077,119.8969516,54.55373085,6.074540706,109.4993108,0.7044273107,0.02201359177,148.9241538,-33.76457498,54.55373085,148.9241538
0.8017360304,149.225651,149.225651,3.07148896,103.7235192,8.63209656,3.366239425,119.8157107,54.59678794,9.150586112,112.7132914,1.003284783,0.03155689272,148.8674296,-34.74371064,54.59678794,148.8674296
0.8020767398,149.225651,149.225651,5.34488079,106.858031,13.16133964,5.682530299,119.6793072,54.64749746,13.50407364,116.1858445,1.411308951,0.04486370526,148.8032735,-36.12946876,54.64749746,148.8032735
0.8022968066,149.225651,149.225651,7.232176074,108.9054569,16.55721225,7.549506539,119.5660694,54.68023974,16.69005126,118.0579723,1.700616927,0.05459795055,148.763614,-37.14359694,54.68023974,148.763614
0.8024473081,149.225651,149.225651,8.706789651,110.2367815,18.95818465,8.990092321,119.4775926,54.7026269,18.98133658,118.7183757,1.899153892,0.06175007186,148.7373714,-37.8729357,54.7026269,148.7373714
0.8027862264,149.225651,149.225651,12.47667082,112.7667763,24.37157002,12.65947484,119.2513998,54.75302705,24.24006276,119.1815192,2.340200309,0.07926488029,148.6809903,-39.54684024,54.75302705,148.6809903
0.8031251447,149.225651,149.225651,16.70822792,114.6074135,29.70507303,16.78565824,118.9975063,54.80340874,29.48024152,119.1198276,2.772429593,0.09862640764,148.6283916,-41.21484094,54.80340874,148.6283916
0.8036114375,149.225651,149.225651,23.27313183,116.2819628,37.16447609,23.21333939,118.6036121,54.87566857,36.84356345,118.7963535,3.376503979,0.1293781118,148.5594365,-43.55865911,54.87566857,148.5594365
0.8042339317,149.225651,149.225651,32.07599825,117.3185905,46.36039629,31.86945548,118.0754401,54.96812126,45.94173572,118.2868919,4.121392722,0.1733202617,148.4820596,-46.45469729,54.96812126,148.4820596
0.8050675163,149.225651,149.225651,43.94583474,117.6377009,58.04779304,43.58461218,117.3632499,55.09185665,57.52513345,117.5760176,5.068911471,0.2390015703,148.3967812,-50.1418073,55.09185665,148.3967812
0.8060735826,149.225651,149.225651,57.8097075,117.2860862,71.21846691,57.31022939,116.5314176,55.24111281,70.60331021,116.7353834,6.138204721,0.3264760778,148.320233,-54.30472026,55.24111281,148.320233
0.8073583882,149.225651,149.225651,74.33309787,116.4424784,86.63002957,73.71375312,115.5400141,55.43163316,85.93726889,115.7277796,7.39166627,0.4470364435,148.2613263,-59.1856709,55.43163316,148.2613263
0.8089839261,149.225651,149.225651,93.16236714,115.2772135,104.0457551,92.45531821,114.410258,55.67261487,103.3017168,114.5766979,8.811007419,0.6060599811,148.2433916,-64.71294632,55.67261487,148.2433916
0.8111100998,149.225651,149.225651,114.4804026,113.8812575,123.6868982,113.7298133,113.1311758,55.98785462,122.9299341,113.2720809,10.41535987,0.7944953838,148.3038071,-70.96080194,55.98785462,148.3038071
0.812457224,149.225651,149.225651,126.2340225,113.1014548,134.4917298,125.4841552,112.4259587,56.18768954,133.7486793,112.552391,11.29963386,0.8949503262,148.3851011,-74.40451549,56.18768954,148.3851011
0.8133676622,149.225651,149.225651,133.4822486,112.6215368,141.1493131,132.7388728,111.9910651,56.32281669,140.4177204,112.1125185,11.84476966,0.9555699835,148.4568256,-76.52733722,56.32281669,148.4568256
0.8138803705,149.225651,149.225651,137.0429349,112.1730832,142.968111,136.5760701,111.7774239,56.39894333,143.8120299,110.7681197,12.10665815,0.9873553824,148.5026961,-77.60777949,56.39894333,148.5026961
0.8144938361,149.225651,149.225651,139.8382931,110.9452249,143.0938435,140.7367304,111.6097024,56.49006258,146.9940435,108.4582113,12.33759371,1.023306592,148.5619142,-78.62064587,56.49006258,148.5619142
0.815293813,149.225651,149.225651,141.3505224,108.7208413,142.0820968,145.0908389,111.5189687,56.60894128,149.6890938,105.8100533,12.52358909,1.066993965,148.6441932,-79.47850703,56.60894128,148.6441932
0.8161055652,149.225651,149.225651,141.3096851,106.4512025,140.6517839,148.1396086,111.5214189,56.72963867,151.0889835,103.8542755,12.61214949,1.107892443,148.7311546,-79.92410577,56.72963867,148.7311546
0.8169116386,149.225651,149.225651,140.0423311,104.2983394,137.0174983,149.9169871,111.5974601,56.84956226,151.336207,101.2029374,12.59577246,1.144110587,148.8189648,-80.00279944,56.84956226,148.8189648
0.8174654361,149.225651,149.225651,137.7251543,102.3878792,132.4754609,150.349025,111.7364907,56.93199446,150.4551685,98.6610282,12.48765949,1.164969245,148.878869,-79.7223562,56.93199446,148.878869
0.8184353785,149.225651,149.225651,131.3255679,98.64430065,123.7075113,149.235166,112.1204659,57.07644775,146.8390451,94.84316153,12.13577727,1.193668788,148.9794098,-78.57130835,57.07644775,148.9794098
0.8195397289,149.225651,149.225651,122.3999007,94.89255047,114.1542177,145.1844234,112.656006,57.24103126,140.3749833,92.01516165,11.56225769,1.215059297,149.0819725,-76.51373357,57.24103126,149.0819725
0.8208207621,149.225651,149.225651,112.2830275,92.16128084,104.9171535,137.8368398,113.2630183,57.43207542,131.4033802,90.78605732,10.80368049,1.226944457,149.1796957,-73.65798361,57.43207542,149.1796957
0.8221017953,149.225651,149.225651,103.7754427,91.2801204,97.89089837,129.2552531,113.7734734,57.62322896,122.4816616,91.21320531,10.07220197,1.227891232,149.2527746,-70.81811237,57.62322896,149.2527746
0.8235794559,149.225651,149.225651,96.3401498,91.94463126,92.11844499,119.6766498,114.219591,57.84381878,113.6329138,92.79935844,9.362810175,1.21939603,149.3088796,-68.00146848,57.84381878,149.3088796
0.8254201737,149.225651,149.225651,90.13624214,93.93622843,87.52392621,110.0005838,114.5918255,58.11869265,105.5829326,95.12185017,8.72959943,1.200239836,149.3453242,-65.43907988,58.11869265,149.3453242
0.827358699,149.225651,149.225651,86.2550161,96.09587777,84.77710743,103.1022523,114.824699,58.40821667,100.3433432,97.08689126,8.323661611,1.175607819,149.3565294,-63.77126677,58.40821667,149.3565294
0.8294684742,149.225651,149.225651,83.99932394,97.81186934,83.27173577,98.74253291,114.9600406,58.7233213,97.27161939,98.45170983,8.088532199,1.148402309,149.3503946,-62.79350671,58.7233213,149.3503946
0.8319439483,149.225651,149.225651,82.88006464,98.99997424,82.65603528,96.30226197,115.0271961,59.09301232,95.71068641,99.34943796,7.971753714,1.119724129,149.3312541,-62.29664632,59.09301232,149.3312541
0.8348961787,149.225651,149.225651,82.77406749,99.75743131,82.89363554,95.45011251,115.033556,59.53383101,95.40323109,99.94373321,7.954344453,1.092705543,149.3027789,-62.19878025,59.53383101,149.3027789
0.8384658048,149.225651,149.225651,83.61489594,100.2288371,83.93123341,95.92326108,114.9831062,60.06672653,96.18904252,100.3137264,8.024175478,1.071131317,149.27041,-62.44891179,60.06672653,149.27041
0.8432471529,149.225651,149.225651,85.20902712,100.4041393,85.52214897,97.50036002,114.8874584,60.78036107,97.84472764,100.4020956,8.161981691,1.05765605,149.2400914,-62.97593274,60.78036107,149.2400914
0.8489089115,149.225651,149.225651,86.58120024,100.2776216,86.74845442,99.12452924,114.805128,61.62526846,99.33869388,100.2459032,8.283063235,1.054877281,149.224026,-63.45147696,61.62526846,149.224026
0.8549075116,149.225651,149.225651,87.19057417,100.1074154,87.23862233,99.96001914,114.7685655,62.52038985,100.0349578,100.0850137,8.338198784,1.057238891,149.2208639,-63.67310465,62.52038985,149.2208639
0.8626494752,149.225651,149.225651,87.28631432,100.0017048,87.27757314,100.1705277,114.7628211,63.67566013,100.1671732,99.9954972,8.347708116,1.060167354,149.2232015,-63.71519011,63.67566013,149.2232015
0.8726838461,149.225651,149.225651,87.17025797,99.98664262,87.16133082,100.0584825,114.7697845,65.17303487,100.047744,99.9876002,8.337554571,1.061247125,149.2255022,-63.67717464,65.17303487,149.2255022
0.8832852971,149.225651,149.225651,87.12426399,99.99738228,87.12329737,99.99735206,114.7725442,66.75504438,99.99562259,99.99805282,8.333258845,1.061137343,149.2258165,-63.66058386,66.75504438,149.2258165
0.8978622106,149.225651,149.225651,87.12707085,100.000539,87.12745241,99.99727012,114.7723757,68.93029494,99.99771364,100.0005135,8.333344619,1.061022973,149.2256613,-63.66124947,68.93029494,149.2256613
0.9162765525,149.225651,149.225651,87.12928648,99.99999725,87.12927242,100.000239,114.7722428,71.67818703,100.0002309,99.99998991,8.333456814,1.061030428,149.2256475,-63.66205074,71.67818703,149.2256475
0.9448694046,149.225651,149.225651,87.12906946,100.0000003,87.12906984,99.99999818,114.7722558,75.94497398,99.99999852,100.0000004,8.333373524,1.061032366,149.2256509,-63.66197677,75.94497398,149.2256509
0.987855446,149.225651,149.225651,87.12907138,100,87.12907139,100.0000006,114.7722557,82.35959399,100.0000006,100,8.333343002,1.061032811,149.225651,-63.66197743,82.35959399,149.225651
1,149.225651,149.225651,87.1290713,99.99999998,87.12907128,100.0000005,114.7722557,84.17187296,100.0000005,99.99999998,8.333339793,1.061032859,149.225651,-63.6619774,84.17187296,149.225651
