time,elastoGap1.v_rel_ref,elastoGap1.v_rel_sim,elastoGap1.v_rel_relerr,elastoGap2.s_rel_ref,elastoGap2.s_rel_sim,elastoGap2.s_rel_relerr
0,0,0,0,0,0,0
0.005,-0.0747163386,0,0.0218013,0.0001870281809,0,5.56335e-05
0.01,-0.148855792,0,0.0434342,0.000746201831,0,0.000221966
0.015,-0.2224042054,0,0.0648947,0.001674601015,0,0.000498128
0.02,-0.2953476773,0,0.0861787,0.002969235697,0,0.000883231
0.025,-0.3676725607,0,0.107282,0.004627047135,0,0.00137636
0.03,-0.4393654642,0,0.128201,0.006644908645,0,0.0019766
0.035,-0.5104132539,0,0.148932,0.009019627344,0,0.00268298
0.04,-0.5808030551,0,0.169471,0.01174794534,0,0.00349455
0.045,-0.6505222529,0,0.189814,0.01482654101,0,0.00441031
0.05,-0.7195584938,0,0.209958,0.01825203036,0,0.00542926
0.055,-0.7878996866,0,0.229899,0.02202096827,0,0.00655037
0.06,-0.8555340036,0,0.249634,0.02612984976,0,0.0077726
0.065,-0.9224498816,0,0.269159,0.03057511149,0,0.00909489
0.07,-0.9886360225,0,0.288471,0.03535313272,0,0.0105162
0.075,-1.054081395,0,0.307568,0.0404602372,0,0.0120353
0.08,-1.118775233,0,0.326444,0.04589269413,0,0.0136513
0.085,-1.182707041,0,0.345099,0.05164671944,0,0.0153629
0.09,-1.24586659,0,0.363528,0.05771847738,0,0.017169
0.095,-1.308243919,0,0.381729,0.06410408165,0,0.0190684
0.1,-1.369829337,0,0.399699,0.0707995968,0,0.0210601
0.105,-1.430613423,0,0.417435,0.07780103959,0,0.0231427
0.11,-1.490587026,0,0.434934,0.08510438035,0,0.0253152
0.115,-1.549741264,0,0.452195,0.09270554433,0,0.0275762
0.12,-1.608067525,0,0.469214,0.1006004131,0,0.0299247
0.125,-1.665557469,0,0.485989,0.108784826,0,0.0323592
0.13,-1.722203025,0,0.502517,0.1172545811,0,0.0348786
0.135,-1.777996395,0,0.518797,0.1260054371,0,0.0374817
0.14,-1.832930049,0,0.534826,0.1350331135,0,0.040167
0.145,-1.886996731,0,0.550602,0.1443332937,0,0.0429335
0.15,-1.940189455,0,0.566123,0.1539016252,0,0.0457797
0.155,-1.992501507,0,0.581387,0.1637337208,0,0.0487043
0.16,-2.043926431,0,0.596392,0.1738251614,0,0.0517061
0.165,-2.094458044,0,0.611136,0.184171496,0,0.0547838
0.17,-2.144090443,0,0.625618,0.194768243,0,0.0579359
0.175,-2.192817988,0,0.639837,0.2056108922,0,0.0611611
0.18,-2.240635304,0,0.653789,0.2166949059,0,0.0644582
0.185,-2.287537271,0,0.667474,0.2280157193,0,0.0678257
0.19,-2.333519056,0,0.680891,0.2395687441,0,0.0712623
0.195,-2.378576085,0,0.694038,0.2513493677,0,0.0747665
0.2,-2.422704053,0,0.706914,0.2633529557,0,0.0783371
0.205,-2.465898893,0,0.719518,0.2755748519,0,0.0819727
0.21,-2.508156824,0,0.731848,0.2880103814,0,0.0856717
0.215,-2.549474328,0,0.743904,0.3006548508,0,0.089433
0.22,-2.589848146,0,0.755685,0.3135035502,0,0.093255
0.225,-2.629275268,0,0.767189,0.3265517531,0,0.0971363
0.23,-2.667752937,0,0.778417,0.3397947184,0,0.101076
0.235,-2.705278675,0,0.789366,0.3532276931,0,0.105071
0.24,-2.741850251,0,0.800037,0.3668459122,0,0.109122
0.245,-2.77746569,0,0.810429,0.3806446003,0,0.113227
0.25,-2.812123245,0,0.820542,0.3946189704,0,0.117384
0.255,-2.845821455,0,0.830375,0.4087642303,0,0.121591
0.26,-2.878559096,0,0.839927,0.4230755804,0,0.125848
0.265,-2.910335197,0,0.849199,0.4375482159,0,0.130153
0.27,-2.941149021,0,0.85819,0.4521773261,0,0.134505
0.275,-2.971000077,0,0.8669,0.4669580978,0,0.138902
0.28,-2.999888132,0,0.875329,0.4818857173,0,0.143342
0.285,-3.02781319,0,0.883478,0.4969553701,0,0.147825
0.29,-3.054775495,0,0.891345,0.5121622419,0,0.152348
0.295,-3.080775507,0,0.898931,0.5275015176,0,0.156911
0.3,-3.105813951,0,0.906237,0.542968389,0,0.161512
0.305,-3.12989178,0,0.913263,0.558558051,0,0.166149
0.31,-3.153010177,0,0.920008,0.574265704,0,0.170821
0.315,-3.175170544,0,0.926475,0.5900865524,0,0.175528
0.32,-3.196374518,0,0.932662,0.60601581,0,0.180266
0.325,-3.216623972,0,0.93857,0.6220487006,0,0.185035
0.33,-3.235920995,0,0.944201,0.6381804573,0,0.189834
0.335,-3.254267899,0,0.949554,0.6544063233,0,0.19466
0.34,-3.271667201,0,0.954631,0.6707215519,0,0.199513
0.345,-3.288121657,0,0.959432,0.6871214137,0,0.204392
0.35,-3.303634231,0,0.963959,0.7036011924,0,0.209294
0.355,-3.318208099,0,0.968211,0.7201561873,0,0.214218
0.36,-3.331846635,0,0.972191,0.7367817097,0,0.219164
0.365,-3.344553434,0,0.975898,0.7534730935,0,0.224129
0.37,-3.356332296,0,0.979335,0.7702256902,0,0.229112
0.375,-3.367187226,0,0.982503,0.7870348708,0,0.234112
0.38,-3.377122418,0,0.985402,0.803896025,0,0.239127
0.385,-3.386142265,0,0.988033,0.820804563,0,0.244157
0.39,-3.394251365,0,0.9904,0.8377559216,0,0.249199
0.395,-3.401454507,0,0.992501,0.8547455596,0,0.254253
0.4,-3.407756667,0,0.99434,0.8717689604,0,0.259317
0.405,-3.413162997,0,0.995918,0.8888216274,0,0.264389
0.41,-3.417678849,0,0.997235,0.9058990976,0,0.269469
0.415,-3.421309756,0,0.998295,0.9229969328,0,0.274555
0.42,-3.424061426,0,0.999098,0.9401107236,0,0.279646
0.425,-3.425939743,0,0.999646,0.9572360879,0,0.28474
0.43,-3.426950767,0,0.999941,0.9743686749,0,0.289836
0.435,-3.427147933,0,0.999998,0.9915041983,0,0.294933
0.44,-3.427152068,0,1,1.008639925,0,0.300031
0.445,-3.427153397,0,1,1.025775692,0,0.305128
0.45,-3.427152366,0,1,1.042911458,0,0.310225
0.455,-3.427151717,0,1,1.060047219,0,0.315322
0.46,-3.427150905,0,0.999999,1.077182976,0,0.32042
0.465,-3.427150749,0,0.999999,1.094318731,0,0.325517
0.47,-3.427150711,0,0.999999,1.111454484,0,0.330614
0.475,-3.427150728,0,0.999999,1.128590238,0,0.335711
0.48,-3.427150756,0,0.999999,1.145725991,0,0.340808
0.485,-3.427150752,0,0.999999,1.162861745,0,0.345906
0.49,-3.427150708,0,0.999999,1.179997499,0,0.351003
0.495,-3.427150631,0,0.999999,1.197133253,0,0.3561
0.5,-3.427150546,0,0.999999,1.214269007,0,0.361197
0.505,-3.427150501,0,0.999999,1.23140476,0,0.366294
0.51,-3.427150444,0,0.999999,1.248540513,0,0.371392
0.515,-3.427150409,0,0.999999,1.265676266,0,0.376489
0.52,-3.427150393,0,0.999999,1.282812018,0,0.381586
0.525,-3.427150387,0,0.999999,1.29994777,0,0.386683
0.53,-3.427150388,0,0.999999,1.317083521,0,0.39178
0.535,-3.427150397,0,0.999999,1.334219273,0,0.396878
0.54,-3.427150403,0,0.999999,1.351355025,0,0.401975
0.545,-3.42715041,0,0.999999,1.368490777,0,0.407072
0.55,-3.427150414,0,0.999999,1.385626529,0,0.412169
0.555,-3.427150414,0,0.999999,1.402762281,0,0.417267
0.56,-3.427150405,0,0.999999,1.419898033,0,0.422364
0.565,-3.427150386,0,0.999999,1.437033786,0,0.427461
0.57,-3.427150353,0,0.999999,1.454169538,0,0.432558
0.575,-3.427150302,0,0.999999,1.471305291,0,0.437655
0.58,-3.427150245,0,0.999999,1.488441043,0,0.442753
0.5833727603,-3.427150207,0,0.999999,1.5,0,0.446191
0.5833727603,-3.427150207,0,0.999999,1.5,0,0.446191
0.585,-3.427150207,0,0.999999,1.505576795,0,0.44785
0.59,-3.427150207,0,0.999999,1.522712546,0,0.452947
0.595,-3.427150207,0,0.999999,1.539848297,0,0.458044
0.6,-3.427150207,0,0.999999,1.556984048,0,0.463141
0.605,-3.427150207,0,0.999999,1.574119799,0,0.468239
0.61,-3.427150207,0,0.999999,1.59125555,0,0.473336
0.615,-3.427150207,0,0.999999,1.608391301,0,0.478433
0.62,-3.427150207,0,0.999999,1.625527052,0,0.48353
0.625,-3.427150207,0,0.999999,1.642662803,0,0.488627
0.63,-3.427150207,0,0.999999,1.659798554,0,0.493725
0.635,-3.427150207,0,0.999999,1.676934305,0,0.498822
0.64,-3.427150207,0,0.999999,1.694070056,0,0.503919
0.645,-3.427150207,0,0.999999,1.711205807,0,0.509016
0.65,-3.427150207,0,0.999999,1.728341558,0,0.514114
0.655,-3.427150207,0,0.999999,1.745477309,0,0.519211
0.66,-3.427150207,0,0.999999,1.76261306,0,0.524308
0.665,-3.427150207,0,0.999999,1.779748811,0,0.529405
0.67,-3.427150207,0,0.999999,1.796884562,0,0.534502
0.675,-3.427150207,0,0.999999,1.814020313,0,0.5396
0.68,-3.427150207,0,0.999999,1.831156065,0,0.544697
0.685,-3.427150207,0,0.999999,1.848291816,0,0.549794
0.69,-3.427150207,0,0.999999,1.865427567,0,0.554891
0.695,-3.427150207,0,0.999999,1.882563318,0,0.559988
0.7,-3.427150207,0,0.999999,1.899699069,0,0.565086
0.705,-3.427150207,0,0.999999,1.91683482,0,0.570183
0.71,-3.427150207,0,0.999999,1.933970571,0,0.57528
0.715,-3.427150207,0,0.999999,1.951106322,0,0.580377
0.72,-3.427150207,0,0.999999,1.968242073,0,0.585474
0.725,-3.427150207,0,0.999999,1.985377824,0,0.590572
0.73,-3.427150207,0,0.999999,2.002513575,0,0.595669
0.735,-3.427150207,0,0.999999,2.019649326,0,0.600766
0.74,-3.427150207,0,0.999999,2.036785077,0,0.605863
0.745,-3.427150207,0,0.999999,2.053920828,0,0.610961
0.75,-3.427150207,0,0.999999,2.071056579,0,0.616058
0.755,-3.427150207,0,0.999999,2.08819233,0,0.621155
0.76,-3.427150207,0,0.999999,2.105328081,0,0.626252
0.765,-3.427150207,0,0.999999,2.122463832,0,0.631349
0.77,-3.427150207,0,0.999999,2.139599583,0,0.636447
0.775,-3.427150207,0,0.999999,2.156735334,0,0.641544
0.78,-3.427150207,0,0.999999,2.173871085,0,0.646641
0.785,-3.427150207,0,0.999999,2.191006836,0,0.651738
0.79,-3.427150207,0,0.999999,2.208142587,0,0.656835
0.795,-3.427150207,0,0.999999,2.225278338,0,0.661933
0.8,-3.427150207,0,0.999999,2.242414089,0,0.66703
0.805,-3.427150207,0,0.999999,2.25954984,0,0.672127
0.81,-3.427150207,0,0.999999,2.276685591,0,0.677224
0.815,-3.427150207,0,0.999999,2.293821342,0,0.682321
0.82,-3.427150207,0,0.999999,2.310957093,0,0.687419
0.825,-3.427150207,0,0.999999,2.328092845,0,0.692516
0.83,-3.427150207,0,0.999999,2.345228596,0,0.697613
0.835,-3.427150207,0,0.999999,2.362364347,0,0.70271
0.84,-3.427150207,0,0.999999,2.379500098,0,0.707808
0.845,-3.427150207,0,0.999999,2.396635849,0,0.712905
0.85,-3.427150207,0,0.999999,2.4137716,0,0.718002
0.855,-3.427150207,0,0.999999,2.430907351,0,0.723099
0.86,-3.427150207,0,0.999999,2.448043102,0,0.728196
0.865,-3.427150207,0,0.999999,2.465178853,0,0.733294
0.87,-3.427150207,0,0.999999,2.482314604,0,0.738391
0.875,-3.427150207,0,0.999999,2.499450355,0,0.743488
0.8751603796,-3.427150207,0,0.999999,2.5,0,0.743652
0.8751603796,-3.427150207,0,0.999999,2.5,0,0.743652
0.88,-3.426347556,0,0.999765,2.516584561,0,0.748585
0.885,-3.423832954,0,0.999031,2.533709322,0,0.753679
0.89,-3.419606905,0,0.997798,2.550816534,0,0.758767
0.895,-3.413671378,0,0.996066,2.567898735,0,0.763849
0.9,-3.406029504,0,0.993836,2.584946827,0,0.76892
0.905,-3.396685008,0,0.99111,2.601952613,0,0.773978
0.91,-3.385642444,0,0.987888,2.61890816,0,0.779022
0.915,-3.372907122,0,0.984172,2.635805071,0,0.784048
0.92,-3.358485238,0,0.979963,2.652634196,0,0.789054
0.925,-3.342384557,0,0.975266,2.669387177,0,0.794038
0.93,-3.324612317,0,0.97008,2.686055446,0,0.798996
0.935,-3.305178052,0,0.964409,2.702630712,0,0.803926
0.94,-3.284091152,0,0.958256,2.719104636,0,0.808827
0.945,-3.261362038,0,0.951624,2.735468988,0,0.813694
0.95,-3.237002397,0,0.944516,2.751715594,0,0.818527
0.955,-3.21102411,0,0.936936,2.767836302,0,0.823322
0.96,-3.183440045,0,0.928888,2.78382303,0,0.828078
0.965,-3.154264165,0,0.920374,2.799667849,0,0.832791
0.97,-3.123511197,0,0.911401,2.815362881,0,0.83746
0.975,-3.091196607,0,0.901972,2.830900282,0,0.842081
0.98,-3.057336398,0,0.892092,2.846272269,0,0.846654
0.985,-3.021947522,0,0.881766,2.861471145,0,0.851175
0.99,-2.985047824,0,0.870999,2.876489287,0,0.855642
0.995,-2.946655624,0,0.859797,2.891319228,0,0.860054
1,-2.906790142,0,0.848165,2.905953536,0,0.864407
1.005,-2.865471408,0,0.836108,2.92038484,0,0.868699
1.01,-2.822867781,0,0.823677,2.934606047,0,0.87293
1.015,-2.779781336,0,0.811105,2.948612823,0,0.877096
1.02,-2.736320247,0,0.798424,2.96240323,0,0.881198
1.025,-2.692501108,0,0.785638,2.975975435,0,0.885235
1.03,-2.648338941,0,0.772752,2.989327689,0,0.889207
1.035,-2.603846974,0,0.75977,3.002458323,0,0.893113
1.04,-2.559039161,0,0.746695,3.015365718,0,0.896953
1.045,-2.513928978,0,0.733533,3.028048312,0,0.900725
1.05,-2.468529778,0,0.720286,3.04050462,0,0.90443
1.055,-2.422855005,0,0.706958,3.052733247,0,0.908068
1.06,-2.376918075,0,0.693555,3.064732841,0,0.911637
1.065,-2.330732385,0,0.680078,3.076502104,0,0.915138
1.07,-2.284311274,0,0.666533,3.088039844,0,0.91857
1.075,-2.237668073,0,0.652923,3.099344898,0,0.921933
1.08,-2.19081606,0,0.639252,3.110416189,0,0.925226
1.085,-2.143768464,0,0.625525,3.121252726,0,0.92845
1.09,-2.096538499,0,0.611743,3.131853567,0,0.931603
1.095,-2.04913927,0,0.597913,3.142217828,0,0.934686
1.1,-2.001583839,0,0.584037,3.15234469,0,0.937698
1.105,-1.953885254,0,0.570119,3.162233413,0,0.94064
1.11,-1.906056429,0,0.556163,3.171883311,0,0.94351
1.115,-1.858110259,0,0.542173,3.181293767,0,0.94631
1.12,-1.810059585,0,0.528152,3.19046423,0,0.949037
1.125,-1.761917113,0,0.514105,3.199394202,0,0.951694
1.13,-1.713695541,0,0.500035,3.208083259,0,0.954278
1.135,-1.665407484,0,0.485945,3.21653104,0,0.956791
1.14,-1.617065425,0,0.471839,3.224737237,0,0.959232
1.145,-1.568681836,0,0.457722,3.232701616,0,0.961601
1.15,-1.520269087,0,0.443595,3.240424001,0,0.963898
1.155,-1.471839426,0,0.429464,3.247904271,0,0.966124
1.16,-1.423405054,0,0.415332,3.255142374,0,0.968277
1.165,-1.374978073,0,0.401201,3.262138318,0,0.970358
1.17,-1.326570491,0,0.387076,3.268892168,0,0.972367
1.175,-1.27819422,0,0.372961,3.275404053,0,0.974304
1.18,-1.229861076,0,0.358858,3.281674158,0,0.976169
1.185,-1.181582771,0,0.344771,3.287702727,0,0.977962
1.19,-1.133370921,0,0.330703,3.293490064,0,0.979684
1.195,-1.085237035,0,0.316658,3.299036532,0,0.981333
1.2,-1.037192514,0,0.30264,3.304342551,0,0.982912
1.205,-0.9892486491,0,0.28865,3.3094086,0,0.984419
1.21,-0.9414166588,0,0.274693,3.314235199,0,0.985854
1.215,-0.8937076113,0,0.260773,3.318822938,0,0.987219
1.22,-0.8461324627,0,0.246891,3.323172463,0,0.988513
1.225,-0.7987020574,0,0.233051,3.327284471,0,0.989736
1.23,-0.751427121,0,0.219257,3.331159714,0,0.990889
1.235,-0.704318262,0,0.205511,3.334798997,0,0.991971
1.24,-0.6573860114,0,0.191817,3.338203168,0,0.992984
1.245,-0.6106407113,0,0.178177,3.341373141,0,0.993927
1.25,-0.5640926029,0,0.164595,3.344309877,0,0.9948
1.255,-0.5177517998,0,0.151073,3.347014388,0,0.995605
1.26,-0.4716282854,0,0.137615,3.349487739,0,0.996341
1.265,-0.4257319364,0,0.124223,3.351731036,0,0.997008
1.27,-0.3800725178,0,0.1109,3.353745436,0,0.997607
1.275,-0.3346596029,0,0.0976494,3.355532152,0,0.998139
1.28,-0.2895026562,0,0.0844732,3.357092439,0,0.998603
1.285,-0.2446110057,0,0.0713744,3.358427604,0,0.999
1.29,-0.1999938413,0,0.0583557,3.359538995,0,0.999331
1.295,-0.1556602566,0,0.0454197,3.360428004,0,0.999595
1.3,-0.1116191771,0,0.0325691,3.361096069,0,0.999794
1.305,-0.06787936956,0,0.0198063,3.361544679,0,0.999927
1.31,-0.02444947271,0,0.00713405,3.361775362,0,0.999996
1.315,0.01866201853,0,0.00544534,3.361789689,0,1
1.32,0.06144675469,0,0.0179294,3.361589277,0,0.99994
1.325,0.1038964679,0,0.0303157,3.361175769,0,0.999817
1.33,0.1460031189,0,0.0426019,3.360550866,0,0.999631
1.335,0.1877587884,0,0.0547856,3.359716304,0,0.999383
1.34,0.2291557043,0,0.0668647,3.358673859,0,0.999073
1.345,0.2701862443,0,0.0788369,3.357425344,0,0.998702
1.35,0.3108429231,0,0.0907,3.35597261,0,0.99827
1.355,0.3511183659,0,0.102452,3.354317539,0,0.997777
1.36,0.3910054214,0,0.11409,3.352462058,0,0.997225
1.365,0.4304970614,0,0.125614,3.350408128,0,0.996614
1.37,0.4695864108,0,0.137019,3.348157744,0,0.995945
1.375,0.5082667489,0,0.148306,3.345712936,0,0.995218
1.38,0.5465314747,0,0.159471,3.343075762,0,0.994433
1.385,0.5843741458,0,0.170513,3.340248315,0,0.993592
1.39,0.6217885141,0,0.18143,3.337232723,0,0.992695
1.395,0.6587684662,0,0.19222,3.334031143,0,0.991743
1.4,0.6953080446,0,0.202882,3.330645763,0,0.990736
1.405,0.7314014488,0,0.213414,3.3270788,0,0.989675
1.41,0.7670429775,0,0.223813,3.323332496,0,0.98856
1.415,0.8022271449,0,0.23408,3.319409125,0,0.987393
1.42,0.836948617,0,0.244211,3.315310988,0,0.986174
1.425,0.8712022081,0,0.254206,3.311040412,0,0.984904
1.43,0.9049828899,0,0.264063,3.306599749,0,0.983583
1.435,0.9382857866,0,0.27378,3.301991376,0,0.982212
1.44,0.9711061227,0,0.283356,3.297217692,0,0.980792
1.445,1.003439363,0,0.292791,3.292281122,0,0.979324
1.45,1.035281097,0,0.302082,3.287184113,0,0.977808
1.455,1.066627071,0,0.311228,3.281929133,0,0.976245
1.46,1.097473192,0,0.320229,3.276518672,0,0.974635
1.465,1.127815498,0,0.329082,3.270955239,0,0.97298
1.47,1.15765017,0,0.337788,3.265241361,0,0.971281
1.475,1.186973594,0,0.346344,3.259379587,0,0.969537
1.48,1.215782292,0,0.35475,3.253372481,0,0.96775
1.485,1.244072939,0,0.363005,3.247222626,0,0.965921
1.49,1.271842368,0,0.371108,3.240932619,0,0.96405
1.495,1.299087528,0,0.379057,3.234505075,0,0.962138
1.5,1.325805548,0,0.386853,3.227942623,0,0.960186
1.505,1.351993729,0,0.394495,3.221247903,0,0.958194
1.51,1.37764951,0,0.401981,3.214423573,0,0.956164
1.515,1.402770487,0,0.409311,3.2074723,0,0.954097
1.52,1.427354407,0,0.416484,3.200396764,0,0.951992
1.525,1.45139911,0,0.4235,3.193199656,0,0.949851
1.53,1.474902665,0,0.430358,3.185883678,0,0.947675
1.535,1.497863266,0,0.437058,3.178451538,0,0.945464
1.54,1.520279255,0,0.443598,3.170905956,0,0.94322
1.545,1.542149125,0,0.44998,3.163249658,0,0.940942
1.55,1.563471507,0,0.456201,3.15548538,0,0.938633
1.555,1.584245145,0,0.462263,3.147615862,0,0.936292
1.56,1.604468993,0,0.468164,3.13964385,0,0.93392
1.565,1.624142123,0,0.473904,3.131572096,0,0.931519
1.57,1.643263756,0,0.479484,3.123403354,0,0.929089
1.575,1.661833257,0,0.484902,3.115140383,0,0.926632
1.58,1.679850107,0,0.490159,3.106785946,0,0.924146
1.585,1.697313938,0,0.495255,3.09834281,0,0.921635
1.59,1.714224548,0,0.500189,3.089813737,0,0.919098
1.595,1.730581862,0,0.504962,3.081201495,0,0.916536
1.6,1.746385945,0,0.509573,3.072508848,0,0.91395
1.605,1.761637002,0,0.514023,3.063738562,0,0.911342
1.61,1.776335334,0,0.518312,3.054893405,0,0.90871
1.615,1.790481421,0,0.52244,3.045976139,0,0.906058
1.62,1.804075874,0,0.526407,3.036989521,0,0.903385
1.625,1.817119432,0,0.530212,3.027936308,0,0.900692
1.63,1.829612968,0,0.533858,3.018819252,0,0.89798
1.635,1.841557481,0,0.537343,3.009641099,0,0.89525
1.64,1.852954066,0,0.540669,3.000404598,0,0.892502
1.645,1.863804,0,0.543834,2.991112482,0,0.889738
1.65,1.874108667,0,0.546841,2.98176748,0,0.886958
1.655,1.883869579,0,0.549689,2.972372313,0,0.884164
1.66,1.893088372,0,0.552379,2.962929696,0,0.881355
1.665,1.901766793,0,0.554911,2.953442337,0,0.878533
1.67,1.909906701,0,0.557287,2.943912937,0,0.875698
1.675,1.917510108,0,0.559505,2.934344179,0,0.872852
1.68,1.924579131,0,0.561568,2.92473874,0,0.869995
1.685,1.931116006,0,0.563475,2.915099287,0,0.867127
1.69,1.937123085,0,0.565228,2.905428472,0,0.864251
1.695,1.942602814,0,0.566827,2.895728944,0,0.861365
1.7,1.947557766,0,0.568273,2.886003333,0,0.858472
1.705,1.951990638,0,0.569566,2.876254253,0,0.855572
1.71,1.955904229,0,0.570708,2.866484307,0,0.852666
1.715,1.959301448,0,0.571699,2.856696084,0,0.849755
1.72,1.962185311,0,0.572541,2.846892157,0,0.846838
1.725,1.964558922,0,0.573233,2.837075088,0,0.843918
1.73,1.966425513,0,0.573778,2.827247417,0,0.840995
1.735,1.967788415,0,0.574176,2.817411671,0,0.838069
1.74,1.968651063,0,0.574427,2.807570375,0,0.835142
1.745,1.969016961,0,0.574534,2.797726012,0,0.832213
1.75,1.969032822,0,0.574539,2.787880817,0,0.829285
1.755,1.969027352,0,0.574537,2.778035674,0,0.826356
1.76,1.969028248,0,0.574538,2.768190537,0,0.823428
1.765,1.969029137,0,0.574538,2.758345395,0,0.820499
1.77,1.969029284,0,0.574538,2.748500249,0,0.817571
1.775,1.969029204,0,0.574538,2.738655102,0,0.814642
1.78,1.969029058,0,0.574538,2.728809956,0,0.811713
1.785,1.969028955,0,0.574538,2.71896481,0,0.808785
1.79,1.969028851,0,0.574538,2.709119665,0,0.805856
1.795,1.969028714,0,0.574538,2.69927452,0,0.802928
1.8,1.969028539,0,0.574538,2.689429376,0,0.799999
1.805,1.969028427,0,0.574538,2.679584233,0,0.797071
1.81,1.969028362,0,0.574538,2.66973909,0,0.794142
1.815,1.969028334,0,0.574538,2.659893948,0,0.791214
1.82,1.969028308,0,0.574538,2.650048806,0,0.788285
1.825,1.9690283,0,0.574538,2.640203665,0,0.785357
1.83,1.969028299,0,0.574538,2.630358523,0,0.782428
1.835,1.969028301,0,0.574538,2.620513382,0,0.779499
1.84,1.969028304,0,0.574538,2.61066824,0,0.776571
1.845,1.969028309,0,0.574538,2.600823099,0,0.773642
1.85,1.969028312,0,0.574538,2.590977958,0,0.770714
1.855,1.969028315,0,0.574538,2.581132816,0,0.767785
1.86,1.969028317,0,0.574538,2.571287675,0,0.764857
1.865,1.969028318,0,0.574538,2.561442533,0,0.761928
1.87,1.969028319,0,0.574538,2.551597391,0,0.759
1.875,1.969028319,0,0.574538,2.54175225,0,0.756071
1.88,1.969028319,0,0.574538,2.531907108,0,0.753143
1.885,1.969028318,0,0.574538,2.522061967,0,0.750214
1.89,1.969028318,0,0.574538,2.512216825,0,0.747286
1.895,1.969028317,0,0.574538,2.502371683,0,0.744357
1.896204494,1.969028317,0,0.574538,2.5,0,0.743652
1.896204494,1.969028317,0,0.574538,2.5,0,0.743652
1.9,1.969028317,0,0.574538,2.492526542,0,0.741428
1.905,1.969028317,0,0.574538,2.4826814,0,0.7385
1.91,1.969028317,0,0.574538,2.472836259,0,0.735571
1.915,1.969028317,0,0.574538,2.462991117,0,0.732643
1.92,1.969028317,0,0.574538,2.453145975,0,0.729714
1.925,1.969028317,0,0.574538,2.443300834,0,0.726786
1.93,1.969028317,0,0.574538,2.433455692,0,0.723857
1.935,1.969028317,0,0.574538,2.423610551,0,0.720929
1.94,1.969028317,0,0.574538,2.413765409,0,0.718
1.945,1.969028317,0,0.574538,2.403920268,0,0.715072
1.95,1.969028317,0,0.574538,2.394075126,0,0.712143
1.955,1.969028317,0,0.574538,2.384229984,0,0.709214
1.96,1.969028317,0,0.574538,2.374384843,0,0.706286
1.965,1.969028317,0,0.574538,2.364539701,0,0.703357
1.97,1.969028317,0,0.574538,2.35469456,0,0.700429
1.975,1.969028317,0,0.574538,2.344849418,0,0.6975
1.98,1.969028317,0,0.574538,2.335004276,0,0.694572
1.985,1.969028317,0,0.574538,2.325159135,0,0.691643
1.99,1.969028317,0,0.574538,2.315313993,0,0.688715
1.995,1.969028317,0,0.574538,2.305468852,0,0.685786
2,1.969028317,0,0.574538,2.29562371,0,0.682858
2.005,1.969028317,0,0.574538,2.285778568,0,0.679929
2.01,1.969028317,0,0.574538,2.275933427,0,0.677001
2.015,1.969028317,0,0.574538,2.266088285,0,0.674072
2.02,1.969028317,0,0.574538,2.256243144,0,0.671143
2.025,1.969028317,0,0.574538,2.246398002,0,0.668215
2.03,1.969028317,0,0.574538,2.236552861,0,0.665286
2.035,1.969028317,0,0.574538,2.226707719,0,0.662358
2.04,1.969028317,0,0.574538,2.216862577,0,0.659429
2.045,1.969028317,0,0.574538,2.207017436,0,0.656501
2.05,1.969028317,0,0.574538,2.197172294,0,0.653572
2.055,1.969028317,0,0.574538,2.187327153,0,0.650644
2.06,1.969028317,0,0.574538,2.177482011,0,0.647715
2.065,1.969028317,0,0.574538,2.167636869,0,0.644787
2.07,1.969028317,0,0.574538,2.157791728,0,0.641858
2.075,1.969028317,0,0.574538,2.147946586,0,0.638929
2.08,1.969028317,0,0.574538,2.138101445,0,0.636001
2.085,1.969028317,0,0.574538,2.128256303,0,0.633072
2.09,1.969028317,0,0.574538,2.118411162,0,0.630144
2.095,1.969028317,0,0.574538,2.10856602,0,0.627215
2.1,1.969028317,0,0.574538,2.098720878,0,0.624287
2.105,1.969028317,0,0.574538,2.088875737,0,0.621358
2.11,1.969028317,0,0.574538,2.079030595,0,0.61843
2.115,1.969028317,0,0.574538,2.069185454,0,0.615501
2.12,1.969028317,0,0.574538,2.059340312,0,0.612573
2.125,1.969028317,0,0.574538,2.04949517,0,0.609644
2.13,1.969028317,0,0.574538,2.039650029,0,0.606716
2.135,1.969028317,0,0.574538,2.029804887,0,0.603787
2.14,1.969028317,0,0.574538,2.019959746,0,0.600858
2.145,1.969028317,0,0.574538,2.010114604,0,0.59793
2.15,1.969028317,0,0.574538,2.000269463,0,0.595001
2.155,1.969028317,0,0.574538,1.990424321,0,0.592073
2.16,1.969028317,0,0.574538,1.980579179,0,0.589144
2.165,1.969028317,0,0.574538,1.970734038,0,0.586216
2.17,1.969028317,0,0.574538,1.960888896,0,0.583287
2.175,1.969028317,0,0.574538,1.951043755,0,0.580359
2.18,1.969028317,0,0.574538,1.941198613,0,0.57743
2.185,1.969028317,0,0.574538,1.931353471,0,0.574502
2.19,1.969028317,0,0.574538,1.92150833,0,0.571573
2.195,1.969028317,0,0.574538,1.911663188,0,0.568644
2.2,1.969028317,0,0.574538,1.901818047,0,0.565716
2.205,1.969028317,0,0.574538,1.891972905,0,0.562787
2.21,1.969028317,0,0.574538,1.882127764,0,0.559859
2.215,1.969028317,0,0.574538,1.872282622,0,0.55693
2.22,1.969028317,0,0.574538,1.86243748,0,0.554002
2.225,1.969028317,0,0.574538,1.852592339,0,0.551073
2.23,1.969028317,0,0.574538,1.842747197,0,0.548145
2.235,1.969028317,0,0.574538,1.832902056,0,0.545216
2.24,1.969028317,0,0.574538,1.823056914,0,0.542288
2.245,1.969028317,0,0.574538,1.813211772,0,0.539359
2.25,1.969028317,0,0.574538,1.803366631,0,0.536431
2.255,1.969028317,0,0.574538,1.793521489,0,0.533502
2.26,1.969028317,0,0.574538,1.783676348,0,0.530573
2.265,1.969028317,0,0.574538,1.773831206,0,0.527645
2.27,1.969028317,0,0.574538,1.763986064,0,0.524716
2.275,1.969028317,0,0.574538,1.754140923,0,0.521788
2.28,1.969028317,0,0.574538,1.744295781,0,0.518859
2.285,1.969028317,0,0.574538,1.73445064,0,0.515931
2.29,1.969028317,0,0.574538,1.724605498,0,0.513002
2.295,1.969028317,0,0.574538,1.714760357,0,0.510074
2.3,1.969028317,0,0.574538,1.704915215,0,0.507145
2.305,1.969028317,0,0.574538,1.695070073,0,0.504217
2.31,1.969028317,0,0.574538,1.685224932,0,0.501288
2.315,1.969028317,0,0.574538,1.67537979,0,0.498359
2.32,1.969028317,0,0.574538,1.665534649,0,0.495431
2.325,1.969028317,0,0.574538,1.655689507,0,0.492502
2.33,1.969028317,0,0.574538,1.645844365,0,0.489574
2.335,1.969028317,0,0.574538,1.635999224,0,0.486645
2.34,1.969028317,0,0.574538,1.626154082,0,0.483717
2.345,1.969028317,0,0.574538,1.616308941,0,0.480788
2.35,1.969028317,0,0.574538,1.606463799,0,0.47786
2.355,1.969028317,0,0.574538,1.596618658,0,0.474931
2.36,1.969028317,0,0.574538,1.586773516,0,0.472003
2.365,1.969028317,0,0.574538,1.576928374,0,0.469074
2.37,1.969028317,0,0.574538,1.567083233,0,0.466146
2.375,1.969028317,0,0.574538,1.557238091,0,0.463217
2.38,1.969028317,0,0.574538,1.54739295,0,0.460288
2.385,1.969028317,0,0.574538,1.537547808,0,0.45736
2.39,1.969028317,0,0.574538,1.527702666,0,0.454431
2.395,1.969028317,0,0.574538,1.517857525,0,0.451503
2.4,1.969028317,0,0.574538,1.508012383,0,0.448574
2.404069207,1.969028317,0,0.574538,1.5,0,0.446191
2.404069207,1.969028317,0,0.574538,1.5,0,0.446191
2.405,1.969011258,0,0.574533,1.498167248,0,0.445646
2.41,1.968335795,0,0.574335,1.488323734,0,0.442718
2.415,1.966676308,0,0.573851,1.478486355,0,0.439791
2.42,1.964033615,0,0.57308,1.468659646,0,0.436868
2.425,1.960409007,0,0.572023,1.458848337,0,0.43395
2.43,1.955804252,0,0.570679,1.449057428,0,0.431038
2.435,1.950221641,0,0.56905,1.439291923,0,0.428133
2.44,1.943663928,0,0.567137,1.429556777,0,0.425237
2.445,1.936134402,0,0.56494,1.419856869,0,0.422351
2.45,1.927636806,0,0.56246,1.410197043,0,0.419478
2.455,1.918175432,0,0.559699,1.400582138,0,0.416618
2.46,1.907754944,0,0.556659,1.391016971,0,0.413773
2.465,1.896380611,0,0.55334,1.381506282,0,0.410944
2.47,1.884058144,0,0.549744,1.372054809,0,0.408132
2.475,1.870793681,0,0.545874,1.362667289,0,0.40534
2.48,1.856593851,0,0.541731,1.353348428,0,0.402568
2.485,1.841465765,0,0.537316,1.344102886,0,0.399818
2.49,1.82541698,0,0.532634,1.334935275,0,0.397091
2.495,1.808455534,0,0.527684,1.325850202,0,0.394388
2.5,1.790589884,0,0.522471,1.316852189,0,0.391712
2.505,1.771828983,0,0.516997,1.307945754,0,0.389062
2.51,1.752182196,0,0.511265,1.299135343,0,0.386442
2.515,1.731659351,0,0.505276,1.29042536,0,0.383851
2.52,1.710270724,0,0.499035,1.28182017,0,0.381291
2.525,1.688027159,0,0.492545,1.273324071,0,0.378764
2.53,1.664941405,0,0.485809,1.264941291,0,0.37627
2.535,1.641026584,0,0.478831,1.256676007,0,0.373812
2.54,1.616454734,0,0.471661,1.248532159,0,0.371389
2.545,1.591648892,0,0.464423,1.240511809,0,0.369003
2.55,1.566633647,0,0.457124,1.232616017,0,0.366655
2.555,1.54141513,0,0.449765,1.224845807,0,0.364343
2.56,1.516000892,0,0.44235,1.217202178,0,0.36207
2.565,1.490398566,0,0.434879,1.209686092,0,0.359834
2.57,1.464616221,0,0.427356,1.202298471,0,0.357636
2.575,1.43866168,0,0.419783,1.195040175,0,0.355477
2.58,1.412542709,0,0.412162,1.187912042,0,0.353357
2.585,1.386267075,0,0.404495,1.180914871,0,0.351276
2.59,1.359842543,0,0.396785,1.174049462,0,0.349233
2.595,1.333276781,0,0.389033,1.167316519,0,0.347231
2.6,1.306577457,0,0.381243,1.160716745,0,0.345268
2.605,1.279752219,0,0.373416,1.154250786,0,0.343344
2.61,1.252808676,0,0.365554,1.147919248,0,0.341461
2.615,1.225754431,0,0.35766,1.141722717,0,0.339618
2.62,1.198597034,0,0.349735,1.135661706,0,0.337815
2.625,1.171344046,0,0.341783,1.129736761,0,0.336052
2.63,1.144002929,0,0.333806,1.123948295,0,0.33433
2.635,1.116581175,0,0.325804,1.118296759,0,0.332649
2.64,1.089086226,0,0.317782,1.11278255,0,0.331009
2.645,1.06152547,0,0.30974,1.107406005,0,0.32941
2.65,1.033906233,0,0.301681,1.102167412,0,0.327851
2.655,1.00623586,0,0.293607,1.097067049,0,0.326334
2.66,0.9785216393,0,0.28552,1.092105142,0,0.324858
2.665,0.9507707961,0,0.277423,1.087281894,0,0.323424
2.67,0.9229904669,0,0.269317,1.082597501,0,0.32203
2.675,0.895187837,0,0.261204,1.078052068,0,0.320678
2.68,0.8673700175,0,0.253088,1.073645687,0,0.319367
2.685,0.8395440538,0,0.244968,1.069378413,0,0.318098
2.69,0.8117168505,0,0.236849,1.065250284,0,0.31687
2.695,0.7838954122,0,0.228731,1.061261278,0,0.315683
2.7,0.7560866439,0,0.220617,1.057411345,0,0.314538
2.705,0.7282973914,0,0.212508,1.053700402,0,0.313434
2.71,0.7005343282,0,0.204407,1.050128353,0,0.312372
2.715,0.67280424,0,0.196316,1.046695039,0,0.311351
2.72,0.6451138028,0,0.188236,1.043400275,0,0.31037
2.725,0.6174696394,0,0.18017,1.040243842,0,0.309432
2.73,0.5898781855,0,0.172119,1.037225514,0,0.308534
2.735,0.5623459823,0,0.164085,1.034344997,0,0.307677
2.74,0.5348794583,0,0.156071,1.031601977,0,0.306861
2.745,0.507484985,0,0.148078,1.028996104,0,0.306086
2.75,0.4801687897,0,0.140107,1.026527016,0,0.305351
2.755,0.4529371148,0,0.132161,1.024194301,0,0.304657
2.76,0.4257961196,0,0.124242,1.021997516,0,0.304004
2.765,0.3987518906,0,0.116351,1.019936192,0,0.303391
2.77,0.3718104305,0,0.10849,1.018009835,0,0.302818
2.775,0.3449776804,0,0.10066,1.016217915,0,0.302285
2.78,0.3182595089,0,0.0928641,1.014559873,0,0.301792
2.785,0.2916617083,0,0.0851032,1.013035122,0,0.301338
2.79,0.2651900105,0,0.0773791,1.011643047,0,0.300924
2.795,0.2388500659,0,0.0696934,1.010383002,0,0.300549
2.8,0.2126474424,0,0.0620478,1.009254315,0,0.300213
2.805,0.1865876349,0,0.0544439,1.008256287,0,0.299917
2.81,0.1606760709,0,0.0468832,1.00738819,0,0.299658
2.815,0.1349181006,0,0.0393674,1.00664927,0,0.299439
2.82,0.1093189866,0,0.0318979,1.006038744,0,0.299257
2.825,0.08388391732,0,0.0244763,1.005555807,0,0.299113
2.83,0.05861800273,0,0.017104,1.005199624,0,0.299007
2.835,0.0335262734,0,0.00978254,1.004969339,0,0.298939
2.84,0.008613677273,0,0.00251336,1.004864066,0,0.298907
2.845,-0.01611491855,0,0.00470213,1.004882899,0,0.298913
2.85,-0.0406547284,0,0.0118625,1.005024904,0,0.298955
2.855,-0.06500104821,0,0.0189665,1.005289129,0,0.299034
2.86,-0.08914925968,0,0.0260126,1.005674593,0,0.299149
2.865,-0.1130948279,0,0.0329996,1.006180296,0,0.299299
2.87,-0.136833303,0,0.0399262,1.006805213,0,0.299485
2.875,-0.1603603207,0,0.0467911,1.007548299,0,0.299706
2.88,-0.1836716031,0,0.053593,1.008408485,0,0.299962
2.885,-0.2067629597,0,0.0603308,1.009384684,0,0.300252
2.89,-0.2296302805,0,0.0670032,1.010475785,0,0.300577
2.895,-0.2522695072,0,0.0736091,1.011680653,0,0.300935
2.9,-0.2746767302,0,0.0801472,1.012998139,0,0.301327
2.905,-0.2968481035,0,0.0866165,1.014427074,0,0.301752
2.91,-0.3187798697,0,0.0930159,1.015966268,0,0.30221
2.915,-0.3404683608,0,0.0993444,1.017614511,0,0.3027
2.92,-0.3619099989,0,0.105601,1.019370576,0,0.303223
2.925,-0.3831012966,0,0.111784,1.021233219,0,0.303777
2.93,-0.4040388576,0,0.117893,1.023201174,0,0.304362
2.935,-0.4247192778,0,0.123928,1.025273191,0,0.304978
2.94,-0.4451393832,0,0.129886,1.02744796,0,0.305625
2.945,-0.4652960428,0,0.135767,1.029724171,0,0.306302
2.95,-0.4851862126,0,0.141571,1.032100499,0,0.307009
2.955,-0.5048069406,0,0.147296,1.034575603,0,0.307745
2.96,-0.5241553664,0,0.152942,1.037148129,0,0.308511
2.965,-0.5432287225,0,0.158507,1.039816707,0,0.309305
2.97,-0.5620242431,0,0.163992,1.042579958,0,0.310126
2.975,-0.5805392933,0,0.169394,1.045436486,0,0.310976
2.98,-0.5987714146,0,0.174714,1.048384883,0,0.311853
2.985,-0.616718185,0,0.179951,1.051423727,0,0.312757
2.99,-0.6343772732,0,0.185103,1.054551587,0,0.313688
2.995,-0.6517464389,0,0.190171,1.057767017,0,0.314644
3,-0.6688235333,0,0.195154,1.061068564,0,0.315626
3.005,-0.68560648,0,0.200051,1.064454762,0,0.316633
3.01,-0.7020931995,0,0.204862,1.067924133,0,0.317665
3.015,-0.7182818696,0,0.209586,1.071475193,0,0.318722
3.02,-0.7341706877,0,0.214222,1.075106448,0,0.319802
3.025,-0.7497579406,0,0.21877,1.078816395,0,0.320905
3.03,-0.7650420046,0,0.22323,1.08260352,0,0.322032
3.035,-0.7800213458,0,0.2276,1.086466305,0,0.323181
3.04,-0.7946945198,0,0.231882,1.090403223,0,0.324352
3.045,-0.8090600897,0,0.236073,1.094412737,0,0.325545
3.05,-0.8231167954,0,0.240175,1.098493307,0,0.326758
3.055,-0.8368634634,0,0.244186,1.102643386,0,0.327993
3.06,-0.85029899,0,0.248106,1.106861422,0,0.329248
3.065,-0.8634223585,0,0.251936,1.111145855,0,0.330522
3.07,-0.8762326401,0,0.255674,1.115495123,0,0.331816
3.075,-0.8887289929,0,0.25932,1.119907658,0,0.333128
3.08,-0.9009106245,0,0.262874,1.124381888,0,0.334459
3.085,-0.9127768045,0,0.266337,1.128916236,0,0.335808
3.09,-0.9243269817,0,0.269707,1.133509125,0,0.337174
3.095,-0.9355606441,0,0.272985,1.138158973,0,0.338557
3.1,-0.946477364,0,0.27617,1.142864198,0,0.339957
3.105,-0.9570767978,0,0.279263,1.147623213,0,0.341373
3.11,-0.9673586859,0,0.282263,1.152434433,0,0.342804
3.115,-0.977322852,0,0.28517,1.157296268,0,0.34425
3.12,-0.9869690833,0,0.287985,1.162207125,0,0.345711
3.125,-0.9962974214,0,0.290707,1.167165417,0,0.347186
3.13,-1.005307922,0,0.293336,1.172169555,0,0.348674
3.135,-1.01400072,0,0.295873,1.177217952,0,0.350176
3.14,-1.02237603,0,0.298316,1.182309019,0,0.35169
3.145,-1.030434146,0,0.300668,1.187441171,0,0.353217
3.15,-1.038175441,0,0.302926,1.192612824,0,0.354755
3.155,-1.045600307,0,0.305093,1.197822389,0,0.356305
3.16,-1.052709249,0,0.307167,1.203068283,0,0.357865
3.165,-1.059502886,0,0.30915,1.208348933,0,0.359436
3.17,-1.065981887,0,0.31104,1.213662764,0,0.361017
3.175,-1.072146992,0,0.312839,1.219008205,0,0.362607
3.18,-1.077999016,0,0.314546,1.224383691,0,0.364206
3.185,-1.083538849,0,0.316163,1.22978766,0,0.365813
3.19,-1.088767437,0,0.317689,1.235218551,0,0.367429
3.195,-1.093685747,0,0.319124,1.240674799,0,0.369052
3.2,-1.098294915,0,0.320469,1.246154865,0,0.370682
3.205,-1.102596106,0,0.321724,1.251657206,0,0.372319
3.21,-1.106590551,0,0.322889,1.257180287,0,0.373962
3.215,-1.110279551,0,0.323966,1.262722577,0,0.37561
3.22,-1.113664476,0,0.324953,1.268282555,0,0.377264
3.225,-1.116746761,0,0.325853,1.273858705,0,0.378923
3.23,-1.119527851,0,0.326664,1.279449504,0,0.380586
3.235,-1.122009321,0,0.327388,1.285053456,0,0.382253
3.24,-1.124192804,0,0.328025,1.290669069,0,0.383923
3.245,-1.126079983,0,0.328576,1.296294858,0,0.385597
3.25,-1.127672607,0,0.329041,1.301929348,0,0.387273
3.255,-1.128972483,0,0.32942,1.307571071,0,0.388951
3.26,-1.129981482,0,0.329714,1.31321857,0,0.390631
3.265,-1.130701527,0,0.329924,1.318870397,0,0.392312
3.27,-1.131134591,0,0.330051,1.324525108,0,0.393994
3.275,-1.131286866,0,0.330095,1.330181277,0,0.395677
3.28,-1.131283969,0,0.330094,1.335837734,0,0.397359
3.285,-1.131288074,0,0.330096,1.341494151,0,0.399042
3.29,-1.131288792,0,0.330096,1.347150606,0,0.400724
3.295,-1.131287581,0,0.330095,1.35280705,0,0.402407
3.3,-1.131287519,0,0.330095,1.358463488,0,0.404089
3.305,-1.131287703,0,0.330095,1.364119925,0,0.405772
3.31,-1.131287827,0,0.330095,1.369776363,0,0.407455
3.315,-1.131287963,0,0.330096,1.375432801,0,0.409137
3.32,-1.131288154,0,0.330096,1.381089241,0,0.41082
3.325,-1.131288265,0,0.330096,1.386745681,0,0.412502
3.33,-1.131288294,0,0.330096,1.392402122,0,0.414185
3.335,-1.13128832,0,0.330096,1.398058563,0,0.415867
3.34,-1.131288325,0,0.330096,1.403715005,0,0.41755
3.345,-1.131288317,0,0.330096,1.409371447,0,0.419232
3.35,-1.131288303,0,0.330096,1.415027889,0,0.420915
3.355,-1.13128829,0,0.330096,1.420684331,0,0.422598
3.36,-1.131288281,0,0.330096,1.426340772,0,0.42428
3.365,-1.131288261,0,0.330096,1.431997214,0,0.425963
3.37,-1.131288243,0,0.330096,1.437653656,0,0.427645
3.375,-1.13128823,0,0.330096,1.443310097,0,0.429328
3.38,-1.131288222,0,0.330096,1.448966539,0,0.43101
3.385,-1.13128821,0,0.330096,1.45462298,0,0.432693
3.39,-1.131288201,0,0.330096,1.460279421,0,0.434376
3.395,-1.131288196,0,0.330096,1.465935862,0,0.436058
3.4,-1.131288193,0,0.330096,1.471592303,0,0.437741
3.405,-1.13128819,0,0.330096,1.477248744,0,0.439423
3.41,-1.131288188,0,0.330096,1.482905185,0,0.441106
3.415,-1.131288186,0,0.330096,1.488561626,0,0.442788
3.42,-1.131288186,0,0.330096,1.494218067,0,0.444471
3.425,-1.131288186,0,0.330096,1.499874508,0,0.446154
3.425110928,-1.131288186,0,0.330096,1.5,0,0.446191
3.425110928,-1.131288186,0,0.330096,1.5,0,0.446191
3.43,-1.131288186,0,0.330096,1.505530949,0,0.447836
3.435,-1.131288186,0,0.330096,1.51118739,0,0.449519
3.44,-1.131288186,0,0.330096,1.516843831,0,0.451201
3.445,-1.131288186,0,0.330096,1.522500272,0,0.452884
3.45,-1.131288186,0,0.330096,1.528156713,0,0.454566
3.455,-1.131288186,0,0.330096,1.533813154,0,0.456249
3.46,-1.131288186,0,0.330096,1.539469595,0,0.457932
3.465,-1.131288186,0,0.330096,1.545126036,0,0.459614
3.47,-1.131288186,0,0.330096,1.550782477,0,0.461297
3.475,-1.131288186,0,0.330096,1.556438917,0,0.462979
3.48,-1.131288186,0,0.330096,1.562095358,0,0.464662
3.485,-1.131288186,0,0.330096,1.567751799,0,0.466344
3.49,-1.131288186,0,0.330096,1.57340824,0,0.468027
3.495,-1.131288186,0,0.330096,1.579064681,0,0.46971
3.5,-1.131288186,0,0.330096,1.584721122,0,0.471392
3.505,-1.131288186,0,0.330096,1.590377563,0,0.473075
3.51,-1.131288186,0,0.330096,1.596034004,0,0.474757
3.515,-1.131288186,0,0.330096,1.601690445,0,0.47644
3.52,-1.131288186,0,0.330096,1.607346886,0,0.478122
3.525,-1.131288186,0,0.330096,1.613003327,0,0.479805
3.53,-1.131288186,0,0.330096,1.618659768,0,0.481488
3.535,-1.131288186,0,0.330096,1.624316209,0,0.48317
3.54,-1.131288186,0,0.330096,1.62997265,0,0.484853
3.545,-1.131288186,0,0.330096,1.63562909,0,0.486535
3.55,-1.131288186,0,0.330096,1.641285531,0,0.488218
3.555,-1.131288186,0,0.330096,1.646941972,0,0.4899
3.56,-1.131288186,0,0.330096,1.652598413,0,0.491583
3.565,-1.131288186,0,0.330096,1.658254854,0,0.493265
3.57,-1.131288186,0,0.330096,1.663911295,0,0.494948
3.575,-1.131288186,0,0.330096,1.669567736,0,0.496631
3.58,-1.131288186,0,0.330096,1.675224177,0,0.498313
3.585,-1.131288186,0,0.330096,1.680880618,0,0.499996
3.59,-1.131288186,0,0.330096,1.686537059,0,0.501678
3.595,-1.131288186,0,0.330096,1.6921935,0,0.503361
3.6,-1.131288186,0,0.330096,1.697849941,0,0.505043
3.605,-1.131288186,0,0.330096,1.703506382,0,0.506726
3.61,-1.131288186,0,0.330096,1.709162823,0,0.508409
3.615,-1.131288186,0,0.330096,1.714819263,0,0.510091
3.62,-1.131288186,0,0.330096,1.720475704,0,0.511774
3.625,-1.131288186,0,0.330096,1.726132145,0,0.513456
3.63,-1.131288186,0,0.330096,1.731788586,0,0.515139
3.635,-1.131288186,0,0.330096,1.737445027,0,0.516821
3.64,-1.131288186,0,0.330096,1.743101468,0,0.518504
3.645,-1.131288186,0,0.330096,1.748757909,0,0.520187
3.65,-1.131288186,0,0.330096,1.75441435,0,0.521869
3.655,-1.131288186,0,0.330096,1.760070791,0,0.523552
3.66,-1.131288186,0,0.330096,1.765727232,0,0.525234
3.665,-1.131288186,0,0.330096,1.771383673,0,0.526917
3.67,-1.131288186,0,0.330096,1.777040114,0,0.528599
3.675,-1.131288186,0,0.330096,1.782696555,0,0.530282
3.68,-1.131288186,0,0.330096,1.788352996,0,0.531965
3.685,-1.131288186,0,0.330096,1.794009437,0,0.533647
3.69,-1.131288186,0,0.330096,1.799665877,0,0.53533
3.695,-1.131288186,0,0.330096,1.805322318,0,0.537012
3.7,-1.131288186,0,0.330096,1.810978759,0,0.538695
3.705,-1.131288186,0,0.330096,1.8166352,0,0.540377
3.71,-1.131288186,0,0.330096,1.822291641,0,0.54206
3.715,-1.131288186,0,0.330096,1.827948082,0,0.543743
3.72,-1.131288186,0,0.330096,1.833604523,0,0.545425
3.725,-1.131288186,0,0.330096,1.839260964,0,0.547108
3.73,-1.131288186,0,0.330096,1.844917405,0,0.54879
3.735,-1.131288186,0,0.330096,1.850573846,0,0.550473
3.74,-1.131288186,0,0.330096,1.856230287,0,0.552155
3.745,-1.131288186,0,0.330096,1.861886728,0,0.553838
3.75,-1.131288186,0,0.330096,1.867543169,0,0.555521
3.755,-1.131288186,0,0.330096,1.87319961,0,0.557203
3.76,-1.131288186,0,0.330096,1.87885605,0,0.558886
3.765,-1.131288186,0,0.330096,1.884512491,0,0.560568
3.77,-1.131288186,0,0.330096,1.890168932,0,0.562251
3.775,-1.131288186,0,0.330096,1.895825373,0,0.563933
3.78,-1.131288186,0,0.330096,1.901481814,0,0.565616
3.785,-1.131288186,0,0.330096,1.907138255,0,0.567299
3.79,-1.131288186,0,0.330096,1.912794696,0,0.568981
3.795,-1.131288186,0,0.330096,1.918451137,0,0.570664
3.8,-1.131288186,0,0.330096,1.924107578,0,0.572346
3.805,-1.131288186,0,0.330096,1.929764019,0,0.574029
3.81,-1.131288186,0,0.330096,1.93542046,0,0.575711
3.815,-1.131288186,0,0.330096,1.941076901,0,0.577394
3.82,-1.131288186,0,0.330096,1.946733342,0,0.579076
3.825,-1.131288186,0,0.330096,1.952389783,0,0.580759
3.83,-1.131288186,0,0.330096,1.958046223,0,0.582442
3.835,-1.131288186,0,0.330096,1.963702664,0,0.584124
3.84,-1.131288186,0,0.330096,1.969359105,0,0.585807
3.845,-1.131288186,0,0.330096,1.975015546,0,0.587489
3.85,-1.131288186,0,0.330096,1.980671987,0,0.589172
3.855,-1.131288186,0,0.330096,1.986328428,0,0.590854
3.86,-1.131288186,0,0.330096,1.991984869,0,0.592537
3.865,-1.131288186,0,0.330096,1.99764131,0,0.59422
3.87,-1.131288186,0,0.330096,2.003297751,0,0.595902
3.875,-1.131288186,0,0.330096,2.008954192,0,0.597585
3.88,-1.131288186,0,0.330096,2.014610633,0,0.599267
3.885,-1.131288186,0,0.330096,2.020267074,0,0.60095
3.89,-1.131288186,0,0.330096,2.025923515,0,0.602632
3.895,-1.131288186,0,0.330096,2.031579956,0,0.604315
3.9,-1.131288186,0,0.330096,2.037236397,0,0.605998
3.905,-1.131288186,0,0.330096,2.042892837,0,0.60768
3.91,-1.131288186,0,0.330096,2.048549278,0,0.609363
3.915,-1.131288186,0,0.330096,2.054205719,0,0.611045
3.92,-1.131288186,0,0.330096,2.05986216,0,0.612728
3.925,-1.131288186,0,0.330096,2.065518601,0,0.61441
3.93,-1.131288186,0,0.330096,2.071175042,0,0.616093
3.935,-1.131288186,0,0.330096,2.076831483,0,0.617776
3.94,-1.131288186,0,0.330096,2.082487924,0,0.619458
3.945,-1.131288186,0,0.330096,2.088144365,0,0.621141
3.95,-1.131288186,0,0.330096,2.093800806,0,0.622823
3.955,-1.131288186,0,0.330096,2.099457247,0,0.624506
3.96,-1.131288186,0,0.330096,2.105113688,0,0.626188
3.965,-1.131288186,0,0.330096,2.110770129,0,0.627871
3.97,-1.131288186,0,0.330096,2.11642657,0,0.629554
3.975,-1.131288186,0,0.330096,2.12208301,0,0.631236
3.98,-1.131288186,0,0.330096,2.127739451,0,0.632919
3.985,-1.131288186,0,0.330096,2.133395892,0,0.634601
3.99,-1.131288186,0,0.330096,2.139052333,0,0.636284
3.995,-1.131288186,0,0.330096,2.144708774,0,0.637966
4,-1.131288186,0,0.330096,2.150365215,0,0.639649
4.005,-1.131288186,0,0.330096,2.156021656,0,0.641332
4.01,-1.131288186,0,0.330096,2.161678097,0,0.643014
4.015,-1.131288186,0,0.330096,2.167334538,0,0.644697
4.02,-1.131288186,0,0.330096,2.172990979,0,0.646379
4.025,-1.131288186,0,0.330096,2.17864742,0,0.648062
4.03,-1.131288186,0,0.330096,2.184303861,0,0.649744
4.035,-1.131288186,0,0.330096,2.189960302,0,0.651427
4.04,-1.131288186,0,0.330096,2.195616743,0,0.653109
4.045,-1.131288186,0,0.330096,2.201273183,0,0.654792
4.05,-1.131288186,0,0.330096,2.206929624,0,0.656475
4.055,-1.131288186,0,0.330096,2.212586065,0,0.658157
4.06,-1.131288186,0,0.330096,2.218242506,0,0.65984
4.065,-1.131288186,0,0.330096,2.223898947,0,0.661522
4.07,-1.131288186,0,0.330096,2.229555388,0,0.663205
4.075,-1.131288186,0,0.330096,2.235211829,0,0.664887
4.08,-1.131288186,0,0.330096,2.24086827,0,0.66657
4.085,-1.131288186,0,0.330096,2.246524711,0,0.668253
4.09,-1.131288186,0,0.330096,2.252181152,0,0.669935
4.095,-1.131288186,0,0.330096,2.257837593,0,0.671618
4.1,-1.131288186,0,0.330096,2.263494034,0,0.6733
4.105,-1.131288186,0,0.330096,2.269150475,0,0.674983
4.11,-1.131288186,0,0.330096,2.274806916,0,0.676665
4.115,-1.131288186,0,0.330096,2.280463357,0,0.678348
4.12,-1.131288186,0,0.330096,2.286119797,0,0.680031
4.125,-1.131288186,0,0.330096,2.291776238,0,0.681713
4.13,-1.131288186,0,0.330096,2.297432679,0,0.683396
4.135,-1.131288186,0,0.330096,2.30308912,0,0.685078
4.14,-1.131288186,0,0.330096,2.308745561,0,0.686761
4.145,-1.131288186,0,0.330096,2.314402002,0,0.688443
4.15,-1.131288186,0,0.330096,2.320058443,0,0.690126
4.155,-1.131288186,0,0.330096,2.325714884,0,0.691809
4.16,-1.131288186,0,0.330096,2.331371325,0,0.693491
4.165,-1.131288186,0,0.330096,2.337027766,0,0.695174
4.17,-1.131288186,0,0.330096,2.342684207,0,0.696856
4.175,-1.131288186,0,0.330096,2.348340648,0,0.698539
4.18,-1.131288186,0,0.330096,2.353997089,0,0.700221
4.185,-1.131288186,0,0.330096,2.35965353,0,0.701904
4.19,-1.131288186,0,0.330096,2.36530997,0,0.703587
4.195,-1.131288186,0,0.330096,2.370966411,0,0.705269
4.2,-1.131288186,0,0.330096,2.376622852,0,0.706952
4.205,-1.131288186,0,0.330096,2.382279293,0,0.708634
4.21,-1.131288186,0,0.330096,2.387935734,0,0.710317
4.215,-1.131288186,0,0.330096,2.393592175,0,0.711999
4.22,-1.131288186,0,0.330096,2.399248616,0,0.713682
4.225,-1.131288186,0,0.330096,2.404905057,0,0.715365
4.23,-1.131288186,0,0.330096,2.410561498,0,0.717047
4.235,-1.131288186,0,0.330096,2.416217939,0,0.71873
4.24,-1.131288186,0,0.330096,2.42187438,0,0.720412
4.245,-1.131288186,0,0.330096,2.427530821,0,0.722095
4.25,-1.131288186,0,0.330096,2.433187262,0,0.723777
4.255,-1.131288186,0,0.330096,2.438843703,0,0.72546
4.26,-1.131288186,0,0.330096,2.444500143,0,0.727142
4.265,-1.131288186,0,0.330096,2.450156584,0,0.728825
4.27,-1.131288186,0,0.330096,2.455813025,0,0.730508
4.275,-1.131288186,0,0.330096,2.461469466,0,0.73219
4.28,-1.131288186,0,0.330096,2.467125907,0,0.733873
4.285,-1.131288186,0,0.330096,2.472782348,0,0.735555
4.29,-1.131288186,0,0.330096,2.478438789,0,0.737238
4.295,-1.131288186,0,0.330096,2.48409523,0,0.73892
4.3,-1.131288186,0,0.330096,2.489751671,0,0.740603
4.305,-1.131288186,0,0.330096,2.495408112,0,0.742286
4.309058991,-1.131288186,0,0.330096,2.5,0,0.743652
4.309058991,-1.131288186,0,0.330096,2.5,0,0.743652
4.31,-1.131278168,0,0.330093,2.501064549,0,0.743968
4.315,-1.130888941,0,0.329979,2.506719984,0,0.74565
4.32,-1.129934379,0,0.329701,2.512371794,0,0.747332
4.325,-1.128414972,0,0.329257,2.518017387,0,0.749011
4.33,-1.126331486,0,0.328649,2.523653989,0,0.750688
4.335,-1.123684925,0,0.327877,2.529278999,0,0.752361
4.34,-1.120476588,0,0.326941,2.534889577,0,0.75403
4.345,-1.11670797,0,0.325841,2.540482784,0,0.755694
4.35,-1.112381065,0,0.324579,2.546055775,0,0.757351
4.355,-1.10749795,0,0.323154,2.551605734,0,0.759002
4.36,-1.102061044,0,0.321567,2.557129874,0,0.760645
4.365,-1.096073211,0,0.31982,2.562625451,0,0.76228
4.37,-1.089537248,0,0.317913,2.568089699,0,0.763906
4.375,-1.082456557,0,0.315847,2.573519891,0,0.765521
4.38,-1.074834596,0,0.313623,2.578913303,0,0.767125
4.385,-1.066675188,0,0.311242,2.584267248,0,0.768718
4.39,-1.057982467,0,0.308706,2.58957908,0,0.770298
4.395,-1.048760796,0,0.306015,2.594846145,0,0.771865
4.4,-1.039014779,0,0.303171,2.600065809,0,0.773417
4.405,-1.028749235,0,0.300176,2.605235447,0,0.774955
4.41,-1.017969343,0,0.297031,2.610352471,0,0.776477
4.415,-1.006680495,0,0.293737,2.615414321,0,0.777983
4.42,-0.9948883047,0,0.290296,2.620418486,0,0.779471
4.425,-0.9825987002,0,0.28671,2.62536244,0,0.780942
4.43,-0.9698178401,0,0.282981,2.630243698,0,0.782394
4.435,-0.9565521069,0,0.27911,2.635059827,0,0.783826
4.44,-0.942809737,0,0.2751,2.639808407,0,0.785239
4.445,-0.9286956898,0,0.270982,2.644487258,0,0.786631
4.45,-0.9144422038,0,0.266823,2.649095155,0,0.788001
4.455,-0.9000698655,0,0.262629,2.653631485,0,0.789351
4.46,-0.8855803467,0,0.258401,2.658095659,0,0.790679
4.465,-0.8709782908,0,0.25414,2.662487103,0,0.791985
4.47,-0.8562683472,0,0.249848,2.666805271,0,0.79327
4.475,-0.841455068,0,0.245526,2.671049632,0,0.794532
4.48,-0.8265429142,0,0.241175,2.675219694,0,0.795772
4.485,-0.8115362894,0,0.236796,2.679314982,0,0.796991
4.49,-0.796439649,0,0.232391,2.683335021,0,0.798186
4.495,-0.7812574659,0,0.227961,2.687279391,0,0.79936
4.5,-0.7659941824,0,0.223507,2.691147616,0,0.80051
4.505,-0.7506541508,0,0.219031,2.694939362,0,0.801638
4.51,-0.7352417784,0,0.214534,2.698654225,0,0.802743
4.515,-0.7197614634,0,0.210017,2.702291823,0,0.803825
4.52,-0.7042175172,0,0.205482,2.705851906,0,0.804884
4.525,-0.6886143472,0,0.200929,2.709334072,0,0.80592
4.53,-0.6729562231,0,0.19636,2.712738118,0,0.806933
4.535,-0.6572474871,0,0.191777,2.716063738,0,0.807922
4.54,-0.6414924535,0,0.187179,2.719310656,0,0.808888
4.545,-0.6256953324,0,0.18257,2.72247871,0,0.80983
4.55,-0.609860402,0,0.17795,2.725567668,0,0.810749
4.555,-0.5939918942,0,0.173319,2.728577345,0,0.811644
4.56,-0.5780940225,0,0.168681,2.731507576,0,0.812516
4.565,-0.5621709558,0,0.164034,2.734358234,0,0.813364
4.57,-0.5462268192,0,0.159382,2.737129226,0,0.814188
4.575,-0.5302657703,0,0.154725,2.739820448,0,0.814989
4.58,-0.5142919217,0,0.150064,2.742431835,0,0.815765
4.585,-0.4983093638,0,0.1454,2.74496334,0,0.816518
4.59,-0.4823221153,0,0.140735,2.747414917,0,0.817248
4.595,-0.4663341526,0,0.13607,2.749786532,0,0.817953
4.6,-0.4503495105,0,0.131406,2.752078213,0,0.818635
4.605,-0.4343721595,0,0.126744,2.754289989,0,0.819293
4.61,-0.4184060441,0,0.122086,2.756421911,0,0.819927
4.615,-0.4024550134,0,0.117431,2.758474038,0,0.820537
4.62,-0.3865228856,0,0.112782,2.760446445,0,0.821124
4.625,-0.3706135423,0,0.10814,2.762339249,0,0.821687
4.63,-0.3547307899,0,0.103506,2.764152577,0,0.822227
4.635,-0.3388784053,0,0.0988804,2.765886573,0,0.822742
4.64,-0.323060058,0,0.0942648,2.767541389,0,0.823235
4.645,-0.3072794011,0,0.0896602,2.769117197,0,0.823703
4.65,-0.2915401332,0,0.0850677,2.770614204,0,0.824149
4.655,-0.2758458776,0,0.0804883,2.77203263,0,0.824571
4.66,-0.2602002246,0,0.0759231,2.773372714,0,0.824969
4.665,-0.244606655,0,0.0713731,2.774634692,0,0.825345
4.67,-0.2290686439,0,0.0668393,2.775818831,0,0.825697
4.675,-0.2135896875,0,0.0623228,2.776925428,0,0.826026
4.68,-0.1981732111,0,0.0578244,2.777954788,0,0.826332
4.685,-0.1828226039,0,0.0533453,2.778907238,0,0.826615
4.69,-0.1675411614,0,0.0488864,2.779783104,0,0.826876
4.695,-0.1523321632,0,0.0444486,2.780582738,0,0.827114
4.7,-0.1371988779,0,0.0400329,2.781306518,0,0.827329
4.705,-0.1221445112,0,0.0356402,2.781954831,0,0.827522
4.71,-0.1071722256,0,0.0312715,2.782528082,0,0.827692
4.715,-0.09228512926,0,0.0269276,2.783026684,0,0.827841
4.72,-0.07748629104,0,0.0226095,2.78345107,0,0.827967
4.725,-0.06277873727,0,0.018318,2.78380169,0,0.828071
4.73,-0.04816544473,0,0.0140541,2.784079009,0,0.828154
4.735,-0.0336493428,0,0.00981845,2.784283504,0,0.828215
4.74,-0.01923333323,0,0.00561204,2.784415669,0,0.828254
4.745,-0.004920255797,0,0.00143567,2.784476011,0,0.828272
4.75,0.009287101268,0,0.00270986,2.784465051,0,0.828269
4.755,0.0233859932,0,0.00682374,2.784383324,0,0.828244
4.76,0.03737372373,0,0.0109052,2.784231379,0,0.828199
4.765,0.05124762696,0,0.0149534,2.784009779,0,0.828133
4.77,0.06500510076,0,0.0189677,2.783719098,0,0.828047
4.775,0.07864359233,0,0.0229472,2.783359926,0,0.82794
4.78,0.09216059442,0,0.0268913,2.782932865,0,0.827813
4.785,0.1055536489,0,0.0307992,2.782438527,0,0.827666
4.79,0.1188203422,0,0.0346703,2.781877537,0,0.827499
4.795,0.1319583149,0,0.0385038,2.781250534,0,0.827312
4.8,0.1449652566,0,0.042299,2.780558168,0,0.827107
4.805,0.1578389065,0,0.0460554,2.7798011,0,0.826881
4.81,0.1705770541,0,0.0497722,2.778980002,0,0.826637
4.815,0.1831775327,0,0.0534489,2.778095554,0,0.826374
4.82,0.1956382332,0,0.0570848,2.777148451,0,0.826092
4.825,0.2079570959,0,0.0606792,2.776139397,0,0.825792
4.83,0.2201321114,0,0.0642318,2.775069106,0,0.825474
4.835,0.2321613216,0,0.0677417,2.773938301,0,0.825137
4.84,0.2440428201,0,0.0712086,2.772747716,0,0.824783
4.845,0.255774752,0,0.0746318,2.771498094,0,0.824412
4.85,0.2673553147,0,0.0780109,2.770190186,0,0.824022
4.855,0.2787827576,0,0.0813453,2.768824753,0,0.823616
4.86,0.2900553828,0,0.0846345,2.767402564,0,0.823193
4.865,0.301171495,0,0.087878,2.765924408,0,0.822754
4.87,0.312129525,0,0.0910754,2.764391065,0,0.822297
4.875,0.3229279273,0,0.0942263,2.762803331,0,0.821825
4.88,0.3335652085,0,0.0973301,2.761162007,0,0.821337
4.885,0.3440399279,0,0.100386,2.759467904,0,0.820833
4.89,0.3543506976,0,0.103395,2.757721841,0,0.820314
4.895,0.3644961829,0,0.106355,2.755924641,0,0.819779
4.9,0.3744751023,0,0.109267,2.754077136,0,0.819229
4.905,0.3842862191,0,0.11213,2.752180163,0,0.818665
4.91,0.3939282194,0,0.114943,2.750234545,0,0.818086
4.915,0.4034000557,0,0.117707,2.748241142,0,0.817493
4.92,0.4127006437,0,0.120421,2.746200809,0,0.816887
4.925,0.4218289508,0,0.123084,2.744114405,0,0.816266
4.93,0.4307839968,0,0.125697,2.741982793,0,0.815632
4.935,0.4395648533,0,0.128259,2.739806842,0,0.814985
4.94,0.4481706441,0,0.130771,2.737587425,0,0.814324
4.945,0.4566005453,0,0.13323,2.735325418,0,0.813652
4.95,0.464853765,0,0.135638,2.733021705,0,0.812966
4.955,0.4729294575,0,0.137995,2.730677173,0,0.812269
4.96,0.4808270264,0,0.140299,2.728292708,0,0.81156
4.965,0.4885458401,0,0.142551,2.725869204,0,0.810839
4.97,0.4960853176,0,0.144751,2.723407553,0,0.810106
4.975,0.5034449281,0,0.146899,2.720908654,0,0.809363
4.98,0.5106241916,0,0.148994,2.718373408,0,0.808609
4.985,0.5176226781,0,0.151036,2.715802715,0,0.807844
4.99,0.5244399995,0,0.153025,2.713197482,0,0.807069
4.995,0.5310757578,0,0.154961,2.710558616,0,0.806284
5,0.5375297097,0,0.156844,2.707887024,0,0.80549
5,0.5375297097,0,0.156844,2.707887024,0,0.80549
