time,C2.v,C1.v,L.i
0,0,4,0
0.05982600974,0.001351561054,3.998356933,2.2463192e-06
1.036893087,0.02328132162,3.972378936,0.0006718657819
4.592883556,0.1007902527,3.890941741,0.01297341662
10.46343026,0.2206927051,3.797629939,0.06552711742
18.69648856,0.3713534769,3.740101482,0.2009905174
30.15467405,0.5452621745,3.769259442,0.4923153432
44.69758734,0.7023148229,3.923302061,0.9938268196
62.30851392,0.7923367304,4.178077223,1.717565868
82.97978101,0.7579151225,4.428023669,2.590862775
106.8705467,0.548727764,4.490333162,3.425740882
133.877522,0.1557204033,4.149266023,3.899655534
161.0052597,-0.3002464626,3.378575336,3.717781936
188.1329974,-0.6922600641,2.333746417,2.891055202
218.9242277,-0.9219916562,1.135568818,1.422939356
223.1847673,-0.9299884373,0.9906506136,1.199757751
226.5694261,-0.9319433294,0.8733500088,1.022031292
243.2905647,-0.892291097,0.1803768025,0.1621062286
256.7826521,-0.8168278,-0.5134433213,-0.47864483
263.9551826,-0.7682316903,-0.9342708051,-0.7913888408
271.0687973,-0.7177904329,-1.351441716,-1.080451767
275.0623406,-0.688567107,-1.55859231,-1.233265808
291.5196293,-0.5582203911,-2.221886128,-1.787185049
307.976918,-0.4093979915,-2.620333222,-2.207972168
329.1278261,-0.1954614751,-2.815670377,-2.530133616
351.4542742,0.03903346588,-2.720667722,-2.586597624
374.2911786,0.2565829798,-2.404145626,-2.35528358
399.8774851,0.4312777803,-1.92238466,-1.817905853
428.102465,0.4964864865,-1.416214281,-1.042849609
457.6066186,0.4029624039,-1.10418363,-0.2705259867
487.1107723,0.1705641058,-1.137683887,0.2145196162
516.6149259,-0.1307992674,-1.528575981,0.2448391491
546.2676737,-0.4086422715,-2.174573743,-0.21074268
579.1705127,-0.5793328798,-2.950899736,-1.127992501
612.0733517,-0.5361783053,-3.499386336,-2.144370411
647.330021,-0.2635565921,-3.583268062,-2.896706442
683.2604102,0.1396810188,-3.077341491,-2.952561307
719.1907994,0.4883106238,-2.183629831,-2.234986478
755.8519179,0.6171809629,-1.286433541,-1.018186042
770.9734309,0.581984049,-1.026522544,-0.5028351217
774.5402792,0.5660871024,-0.9787109586,-0.3879362282
776.8986834,0.55406109,-0.9478161392,-0.3139665921
792.9130664,0.4448366617,-0.753971321,0.1345820716
808.9274494,0.2995042359,-0.6254647302,0.4643188757
829.3058754,0.08618793864,-0.6419340434,0.6762029204
841.5900573,-0.04872750312,-0.7963691057,0.6832454601
848.6375747,-0.1268187551,-0.9491734008,0.6456259455
853.0232724,-0.1755633796,-1.069149765,0.6068792413
855.2470263,-0.2002625891,-1.132098292,0.5827445985
870.7104103,-0.3667726178,-1.591954209,0.33320763
886.1737943,-0.5118961519,-2.074994646,-0.04796365636
904.7390949,-0.6368662537,-2.645953095,-0.6415324893
925.4377919,-0.6912000559,-3.206001365,-1.399913347
949.4469578,-0.6269926855,-3.659355187,-2.263666884
976.0192447,-0.4075662291,-3.816945082,-2.995283621
1005.273325,-0.04578359479,-3.529041594,-3.309491078
1034.527406,0.3372986967,-2.838036111,-3.002139648
1063.781487,0.6235693858,-1.948477171,-2.147807752
1096.042221,0.717745457,-1.063451476,-0.871508828
1099.934919,0.7104436848,-0.9795255288,-0.7148604213
1103.03296,0.7017566431,-0.9123416038,-0.5918901884
1120.556548,0.6116485204,-0.4959860709,0.05573946511
1134.870946,0.5004230943,-0.1313264655,0.496733483
1154.407084,0.3248877911,0.3702949866,0.9356550713
1174.828658,0.1502040356,0.8892250264,1.187143669
1180.468278,0.1087116337,1.033615697,1.222878132
1184.444966,0.08186397331,1.126543542,1.240490359
1201.072527,-0.009876060777,1.4056522,1.256769325
1213.815175,-0.05938932794,1.531030425,1.220249628
1231.697842,-0.1009784995,1.628506103,1.123397146
1251.32058,-0.1124527674,1.683525549,0.9895947627
1275.084074,-0.08559416207,1.740442947,0.8394480226
1303.443844,-0.01183917666,1.85403548,0.7428585663
1331.803613,0.08090164171,2.038997064,0.7820066505
1360.163382,0.1621471625,2.273170643,0.9599519935
1391.972947,0.2074510322,2.530042499,1.271053613
1425.055488,0.1832992468,2.704115762,1.608460877
1461.931599,0.07912767512,2.707584692,1.843680013
1498.80771,-0.06032983084,2.505675213,1.815952306
1535.683821,-0.168583047,2.189439247,1.527343335
1573.927751,-0.1901104495,1.901504196,1.091971796
1613.278377,-0.1004497774,1.80670653,0.7313644825
1652.629003,0.05832643634,1.977519053,0.6615320077
1691.979629,0.2014087,2.332115714,0.935490156
1731.446665,0.248511947,2.683389823,1.41939453
1771.908149,0.1646264031,2.834152593,1.860828709
1814.471452,-0.0203935455,2.659662748,1.983353478
1857.034755,-0.1916591721,2.239452694,1.662508613
1899.598058,-0.2378444519,1.831862786,1.081996563
1942.366357,-0.1216212231,1.701063253,0.6014599612
1985.134656,0.09053619193,1.949388643,0.5419463164
2027.902954,0.2654658806,2.435182011,0.9646571243
2070.671253,0.2871789991,2.854479817,1.619772111
2113.564224,0.1327282822,2.930059144,2.093446474
2156.457195,-0.1064147091,2.592473292,2.06371269
2191.429469,-0.2579511418,2.143373557,1.65007221
2231.562333,-0.2886535073,1.697526653,0.9705739012
2271.695198,-0.1451012288,1.573207324,0.4395515279
2311.828062,0.09859002438,1.858165844,0.3707279939
2351.960927,0.3068432102,2.408439865,0.8268576645
2392.334028,0.3574608876,2.922126011,1.575519302
2432.7458,0.2112045789,3.094708692,2.193632242
2474.630844,-0.06667309012,2.789503082,2.305228748
2516.515887,-0.3072090259,2.157777323,1.784854238
2558.400931,-0.357834188,1.578101352,0.9254332392
2600.285974,-0.1769506792,1.41617946,0.247465213
2637.672969,0.1000408175,1.732307375,0.1561936161
2675.059965,0.3476458251,2.34540188,0.6294193628
2713.987651,0.4392768107,2.981403162,1.491319222
2752.915337,0.3051553896,3.273972358,2.283604368
2793.641184,-0.00805256961,3.024877933,2.568723811
2834.367031,-0.3227979686,2.329188245,2.107602368
2875.092879,-0.4524039416,1.577079094,1.136062154
2915.818726,-0.3105942396,1.211958973,0.2047237094
2950.562586,-0.02402625967,1.393682802,-0.1336729237
2985.306446,0.2923761676,1.975812181,0.1330958112
3021.478882,0.5065192333,2.75112728,0.9537736785
3057.781582,0.4983780738,3.34667687,1.971794173
3095.299751,0.2497164162,3.462793551,2.725057302
3133.65746,-0.1374159768,2.975948015,2.777055778
3172.015169,-0.4618376531,2.105131334,2.043678089
3210.465693,-0.5489051285,1.290894793,0.8723304629
3228.986328,-0.4827709503,1.055086359,0.3279859332
3236.903937,-0.4341527426,0.9989968862,0.1246709477
3242.76298,-0.391148911,0.9734071522,-0.01002865329
3254.303849,-0.2915531401,0.9639679455,-0.2288567957
3262.406289,-0.2118549506,1.001541798,-0.340806025
3266.743256,-0.1664670557,1.037407155,-0.3853208042
3286.386894,0.05360192212,1.303508055,-0.4424758183
3300.84575,0.2176960994,1.593383542,-0.329120228
3322.025382,0.4322495435,2.114972641,0.06002995565
3343.510461,0.5857292032,2.685569478,0.6703643228
3367.856449,0.6472622745,3.263713793,1.500783908
3394.508598,0.5600635446,3.670494079,2.378255599
3423.959868,0.2982966846,3.717419785,3.044112194
3455.057759,-0.08295859072,3.281981759,3.168852831
3486.155649,-0.4440440425,2.482296451,2.637031896
3518.450034,-0.6612601701,1.553283087,1.565155989
3534.964083,-0.6788942212,1.151819584,0.9307952251
3541.772543,-0.6659108334,1.015203662,0.6722996185
3546.201253,-0.651171572,0.9331377667,0.5083586736
3548.302635,-0.6425275166,0.8932858606,0.4321471592
3563.708093,-0.5513372852,0.5908323474,-0.08375761575
3579.113552,-0.4238905963,0.2952992033,-0.4998078158
3598.896754,-0.2353034414,-0.02579312551,-0.8536997834
3619.540678,-0.04150139882,-0.2435930422,-0.9971177523
3642.957816,0.1408117337,-0.3035153503,-0.9109807853
3667.507298,0.2692503005,-0.1224656324,-0.6105314902
3693.497026,0.3402717871,0.3818612882,-0.156837709
3703.549505,0.3563808498,0.6817299725,0.03827395547
3711.502116,0.367691619,0.9702820429,0.1975843965
3717.31693,0.3761597172,1.1959462,0.3166892575
3720.422383,0.3806752259,1.309883068,0.381224593
3736.563475,0.399948515,1.831438314,0.7257746182
3752.704567,0.4043059703,2.246866091,1.07771425
3773.795,0.3757290906,2.642492387,1.519810909
3796.968371,0.2938703179,2.888926512,1.928514102
3823.808675,0.1427701037,2.934433367,2.221116748
3851.613451,-0.04520591264,2.743019233,2.254058867
3879.418227,-0.2178271191,2.384485644,2.004167068
3909.495749,-0.3331402015,1.937746696,1.493374969
3941.543023,-0.3323942863,1.564215596,0.8543629109
3974.499337,-0.1957012011,1.443054393,0.3390473797
4007.45565,0.03029847267,1.648895006,0.1748042511
4040.411964,0.2600935803,2.115539136,0.4410894046
4074.896205,0.4066513777,2.694942027,1.084124823
4109.915737,0.3899641348,3.130531404,1.852574279
4146.720415,0.1942145369,3.207087298,2.42051071
4184.227428,-0.1030050332,2.830677701,2.455960989
4221.734441,-0.3537711256,2.164787123,1.901185336
4259.588494,-0.4286330812,1.528435348,1.001035945
4297.543613,-0.2771791327,1.256362776,0.204236612
4335.498732,0.03331072333,1.508657466,-0.06940886197
4366.891295,0.3020667956,2.045829293,0.2288738881
4404.460036,0.4962686469,2.81293495,1.080545985
4442.028777,0.4556804776,3.352011487,2.076621702
4480.861574,0.1783249907,3.369385372,2.728555203
4519.694371,-0.200237085,2.805136908,2.631374867
4558.527168,-0.4799473281,1.936679984,1.801564335
4598.481168,-0.5008913442,1.205521766,0.6212068395
4621.634492,-0.372455664,1.033624218,0.04425809101
4651.592806,-0.09289954971,1.171384631,-0.3521949966
4681.55112,0.2325895286,1.680655454,-0.2281358467
4712.380096,0.5053119121,2.431088218,0.4192396184
4744.537071,0.6198493069,3.18958896,1.435343976
4777.78129,0.5050597598,3.649410333,2.46498555
4813.132987,0.1654522605,3.56246464,3.08157871
4848.484684,-0.2564405471,2.899034529,2.915197522
4883.836382,-0.5738307383,1.933258821,2.006625135
4921.020409,-0.6340616902,1.055079222,0.6676790447
4925.319857,-0.6195089329,0.9838619783,0.5161115791
4929.619306,-0.6006344508,0.9141632055,0.3689877335
4949.435244,-0.4674619341,0.597464069,-0.2259397117
4964.53922,-0.3304711577,0.398943374,-0.5580043901
4986.586158,-0.1078625879,0.2561742859,-0.8167188065
5008.633096,0.1114384113,0.3844063614,-0.800241828
5021.68982,0.2322652625,0.636844529,-0.6684046453
5030.241176,0.3076009617,0.8921913633,-0.5364684667
5035.158098,0.3499071896,1.073578059,-0.4449726495
5037.858851,0.3728354237,1.17548769,-0.3899648447
5053.805371,0.4984322625,1.759727419,-0.0002274006006
5069.751892,0.5948374245,2.30449025,0.4841667574
5089.203837,0.6533218911,2.885176047,1.154169048
5111.453387,0.6239294519,3.381575573,1.930696825
5136.676872,0.4654103221,3.6567004,2.667886102
5164.694902,0.1690922001,3.556794452,3.117021262
5193.404846,-0.1864203352,3.051478165,3.041217323
5222.11479,-0.4919520035,2.287454175,2.431423387
5254.524394,-0.6620697783,1.399287706,1.315027718
5271.244394,-0.6522233988,1.039949173,0.6875707753
5275.068297,-0.6401451515,0.9727237289,0.5485915055
5278.8922,-0.6245597798,0.9051966976,0.4129192627
5294.561767,-0.5293587802,0.6213667406,-0.09432782165
5310.231334,-0.3973168375,0.3555888509,-0.4963693788
5330.400102,-0.2015502039,0.09694145963,-0.8236901548
5351.376539,0.001093370227,-0.009258881639,-0.9259643876
5374.366289,0.1941301023,0.1387814524,-0.7831643735
5399.139981,0.3583513403,0.7135928537,-0.387871563
5405.514576,0.3951209457,0.9510636243,-0.2529890955
5412.658302,0.4349365185,1.243722813,-0.08737209981
5416.893226,0.4575143947,1.410440284,0.01773624515
5430.328798,0.5200601233,1.902745314,0.3817625661
5443.76437,0.562309962,2.338088374,0.7817974136
5462.125447,0.5760416585,2.830401769,1.353500344
5482.486599,0.5232371712,3.214899441,1.958635577
5506.631241,0.3707173687,3.418738386,2.530300803
5533.230238,0.1192952572,3.314135573,2.849871581
5560.534328,-0.1698024247,2.894902524,2.757053721
5587.838418,-0.4155455982,2.279127105,2.254848126
5619.062268,-0.5583361015,1.552817248,1.344370389
5650.404224,-0.50175955,1.053218782,0.3728986621
5660.29311,-0.4424424773,0.9754168551,0.1110562145
5670.181996,-0.3663226645,0.9296293231,-0.1117740499
5681.895298,-0.2587431865,0.9303105428,-0.3142718225
5690.360447,-0.1717810879,0.9823021952,-0.4136105906
5698.879319,-0.07825240548,1.081491433,-0.4703429297
5703.558058,-0.02507751621,1.149543005,-0.4822414936
5720.592429,0.1714221129,1.468351255,-0.4074735621
5734.573599,0.3249736358,1.797492009,-0.2107105751
5755.202007,0.5135192325,2.345600747,0.2751269245
5775.830416,0.6297288621,2.89508362,0.9298344715
5800.777804,0.6457775489,3.441812573,1.806735021
5827.31199,0.5067828439,3.750273825,2.633792305
5857.210507,0.1967363386,3.658501386,3.174230174
5887.4389,-0.1875391819,3.110481788,3.116276064
5917.667294,-0.5184314376,2.270017637,2.447959506
5951.19606,-0.6888152775,1.322535478,1.239787387
5965.000589,-0.6783775454,1.016797062,0.7030598606
5969.732539,-0.6634846269,0.9254816882,0.524542642
5972.483237,-0.6523264021,0.8707918596,0.4230764825
5989.425426,-0.5495730874,0.5183594911,-0.1482486899
6006.367615,-0.4058363169,0.1705108865,-0.5956180697
6027.322956,-0.207035768,-0.2019914337,-0.9413472527
6049.122127,-0.01504440587,-0.4833480394,-1.057038296
6073.611166,0.1438083849,-0.6608339926,-0.9436611931
6099.323644,0.221987711,-0.7315280438,-0.6565463156
6125.724745,0.2051365009,-0.7845718245,-0.3229333834
6141.781158,0.1520254493,-0.8749274405,-0.1587857407
6152.33743,0.1016329937,-0.9870689793,-0.08296699973
6159.080871,0.06354320901,-1.081356552,-0.05158372838
6162.78831,0.04092735511,-1.135532015,-0.04068882896
6180.392621,-0.07708477537,-1.416580509,-0.0568012869
6193.845579,-0.1712970908,-1.657819442,-0.1487889164
6215.083384,-0.3071385814,-2.071008344,-0.4295643002
6236.321188,-0.4042649853,-2.487627509,-0.8449027034
6261.490075,-0.4432189503,-2.914603091,-1.428331989
6288.383755,-0.3800502613,-3.201171641,-2.02434942
6318.665386,-0.1951511671,-3.231263462,-2.474350547
6349.940842,0.06370813619,-2.927278155,-2.537337893
6381.216299,0.3036523873,-2.382064479,-2.157005021
6413.866148,0.4415474686,-1.757991651,-1.417084963
6447.986331,0.4022904317,-1.302184928,-0.5628511228
6482.106514,0.1850921882,-1.244100281,0.02276965469
6516.226697,-0.1260469751,-1.625295768,0.08167949704
6544.307673,-0.3630079125,-2.173221009,-0.3059713268
6581.126674,-0.5269962424,-2.945538322,-1.234185526
6617.945676,-0.4489669939,-3.434651485,-2.230437638
6656.466953,-0.1391194534,-3.372566427,-2.821932664
6694.988231,0.25112578,-2.732340813,-2.623440062
6733.509508,0.5176113473,-1.827570097,-1.702974186
6772.933432,0.508596704,-1.117472794,-0.4907021739
6785.476618,0.4398557141,-1.009884928,-0.155746276
6810.078748,0.2308129494,-1.000851579,0.3104391846
6824.550585,0.0761492117,-1.138970465,0.4310859162
6851.868722,-0.2330833259,-1.632279021,0.3034753617
6873.672988,-0.449106917,-2.173157069,-0.1166682892
6901.718706,-0.6204610761,-2.9053788,-0.9590716539
6929.764424,-0.6245280871,-3.486416709,-1.924268641
6960.982436,-0.4255048847,-3.748943638,-2.811259752
6993.891623,-0.05265437295,-3.478913098,-3.194856572
7026.800809,0.3497113379,-2.732426939,-2.845065718
7059.709995,0.6248750966,-1.783171368,-1.869346228
7079.218176,0.6783700644,-1.273756049,-1.134293938
7091.661485,0.6625122901,-1.012910594,-0.6608006707
7096.026473,0.6476707877,-0.9328184183,-0.5000883875
7098.374262,0.6378064794,-0.8887261801,-0.415494246
7115.017798,0.53589255,-0.5662172634,0.1326239751
7131.661334,0.3938926661,-0.2579347402,0.5605686988
7152.549628,0.1923813165,0.05107603878,0.890754555
7174.205242,-0.007490953069,0.2251618699,0.9849984517
7198.223145,-0.1855710178,0.1947232616,0.8343950732
7223.3668,-0.3090502414,-0.1363938448,0.4700137363
7250.472887,-0.3876619927,-0.9295745153,-0.06305475114
7254.67956,-0.3978920328,-1.101621018,-0.1545311963
7258.069603,-0.4060680106,-1.234982249,-0.2297886883
7273.69322,-0.4387490494,-1.783404487,-0.5928043086
7289.316838,-0.4548703339,-2.23277413,-0.9736794275
7309.825727,-0.4378896321,-2.679659307,-1.469416594
7332.381847,-0.3615696599,-2.980373932,-1.94973411
7358.652481,-0.2040641238,-3.07421719,-2.330772703
7386.511912,0.0102502978,-2.895002028,-2.437234469
7414.371343,0.2195434656,-2.502470093,-2.209457762
7443.342769,0.3706439707,-1.998703488,-1.682149735
7475.083297,0.4041554438,-1.522856967,-0.9472055808
7507.299202,0.281638602,-1.303260456,-0.297955536
7539.515106,0.04173966542,-1.444701775,0.005891547965
7571.731011,-0.2296820398,-1.909907433,-0.1643556413
7604.297777,-0.4330751155,-2.544280086,-0.7719797001
7639.014904,-0.4813679251,-3.136371271,-1.657187603
7674.104099,-0.3264753979,-3.386754964,-2.425164223
7711.649229,-0.003457008541,-3.128913583,-2.717567545
7749.194359,0.3282014408,-2.435289773,-2.297864748
7786.739489,0.5006899366,-1.637404179,-1.345757105
7824.950273,0.4153523389,-1.130838706,-0.3037731442
7863.161057,0.09957668735,-1.210314361,0.271850197
7894.609608,-0.2261644834,-1.715707297,0.1548675234
7929.446262,-0.509240064,-2.530417098,-0.5771616681
7964.282916,-0.588244528,-3.276367276,-1.651982326
8000.202919,-0.4109304784,-3.625389243,-2.636017685
8037.827107,-0.02220254974,-3.343248229,-3.03523324
8075.451295,0.3877910367,-2.513319225,-2.562634484
8113.075484,0.6112481659,-1.532679042,-1.41819396
8132.284189,0.6081979889,-1.136008098,-0.7454593643
8140.098003,0.5824166737,-1.014265075,-0.4832022773
8145.418072,0.5570174463,-0.9427787669,-0.3131971961
8148.130457,0.54178331,-0.9068697331,-0.2298794864
8164.959255,0.4184022969,-0.7068643202,0.2224348834
8181.788052,0.2592195174,-0.5896372373,0.5366837263
8202.751268,0.03643023095,-0.6543897136,0.701018046
8212.524963,-0.07067016835,-0.7992580078,0.6870105637
8219.387584,-0.1461327976,-0.9567703427,0.642506284
8227.615941,-0.2365431717,-1.193313986,0.5515838287
8231.53234,-0.2790399185,-1.31042113,0.4940592323
8250.868876,-0.4725428795,-1.912888283,0.08313964559
8266.561737,-0.5943257297,-2.40697915,-0.3833030167
8286.617059,-0.6813836883,-2.990708314,-1.091808597
8308.976859,-0.6695381528,-3.499063566,-1.919858928
8334.484354,-0.5138329751,-3.79591238,-2.73364543
8362.66244,-0.2032474451,-3.700281607,-3.250164719
8391.809368,0.183690117,-3.159980359,-3.201146532
8420.956297,0.5219948807,-2.326559034,-2.556193806
8453.545878,0.7135646151,-1.356658364,-1.355145768
8467.096661,0.7140057106,-1.028493721,-0.8045250737
8473.400682,0.6973945263,-0.8927572047,-0.5540980824
8477.21626,0.6825086027,-0.8064006896,-0.406511725
8495.049623,0.5737950658,-0.3721723723,0.2215847164
8509.358453,0.4547967088,-0.007521113349,0.6273724571
8528.742729,0.2787955059,0.4834631138,1.011243512
8541.474883,0.1699261195,0.801715649,1.159589538
8549.146329,0.1116121697,0.9951740079,1.213010965
8553.996189,0.07851987596,1.110242192,1.234433113
8556.190052,0.06452779321,1.156774119,1.241258337
8570.231517,-0.01133993664,1.385393476,1.248312795
8584.272982,-0.06504495967,1.523302387,1.205142164
8601.853554,-0.1035895672,1.617737735,1.106151681
8622.181145,-0.1122013316,1.676060887,0.96626525
8646.073192,-0.08086512419,1.738553141,0.8190195261
8675.186019,-0.000960650214,1.866040053,0.7329351076
8704.298846,0.09537447413,2.068020283,0.7941760328
8733.732008,0.1755952826,2.318000749,1.002094577
8766.229151,0.2109398115,2.573785704,1.335009602
8800.171254,0.171110349,2.726131972,1.671884972
8837.96494,0.05110558678,2.685027135,1.868286458
8875.758626,-0.09219103681,2.438393296,1.774331431
8913.552312,-0.1864499008,2.104719113,1.425139851
8952.961155,-0.178342776,1.845267836,0.9710977626
8993.358609,-0.05761455456,1.825568631,0.6668254551
9033.756062,0.1122400391,2.078143439,0.7093829176
9074.153515,0.2344551553,2.469161172,1.091340521
9115.263003,0.2340054214,2.780568861,1.615098426
9157.36341,0.09754915181,2.810287868,1.971380432
9199.463817,-0.09757248028,2.514734232,1.913359768
9233.506045,-0.2153743792,2.149414791,1.564612868
9273.603776,-0.2342001066,1.788019948,1.000215274
9313.701508,-0.1098322696,1.699689414,0.5726830448
9353.799239,0.09324504321,1.948898275,0.5350407441
9393.89697,0.2620076353,2.408955029,0.9283953417
9434.621696,0.2967901401,2.830167573,1.55737884
9475.575357,0.1656784691,2.95385729,2.059410411
9517.795801,-0.06903212686,2.674290278,2.117119609
9552.950764,-0.238799541,2.232481966,1.756654604
9591.483969,-0.3009613077,1.764959387,1.111407939
9630.017173,-0.1970089225,1.556935992,0.5287895359
9668.550378,0.02556482811,1.731771466,0.3225208366
9707.083582,0.2537311397,2.214539312,0.6206163459
9745.616787,0.3660707593,2.762500149,1.288225243
9784.525703,0.2955768013,3.087831928,1.992640678
9825.195226,0.05754539319,2.982829787,2.35084589
9865.864749,-0.2170571906,2.464572057,2.097441068
9906.534272,-0.3675771016,1.818855662,1.351460561
9947.542658,-0.2971605458,1.419954452,0.5237189809
9988.551045,-0.03480310227,1.525945274,0.1125522785
10029.55943,0.2715307558,2.098843543,0.3864326401
10070.56782,0.4398888069,2.817982041,1.21561238
10111.5762,0.3620035288,3.258409062,2.129832854
10153.47929,0.06453449641,3.131969906,2.585512068
10195.38237,-0.2788075598,2.473437811,2.25097688
10237.28546,-0.4552365524,1.667784412,1.294688148
10279.18854,-0.3454798452,1.212254773,0.2835516803
10315.22536,-0.0587255304,1.342278054,-0.1420523087
10351.26219,0.2758834272,1.923679749,0.08261430806
10387.29901,0.5037431409,2.704278394,0.8813625098
10424.49828,0.5095506374,3.340989709,1.937160575
10462.07546,0.2663761689,3.483589845,2.722560278
10500.99544,-0.1292129678,3.002607453,2.803389726
10539.91541,-0.464923767,2.112810358,2.063498253
10578.83538,-0.555332459,1.278230163,0.8655023263
10596.28783,-0.4939368971,1.049995801,0.3445122741
10603.52482,-0.450781933,0.9935290055,0.1530271271
10608.03844,-0.4190931457,0.9677332212,0.04358499216
10628.7222,-0.2359747138,0.9557009887,-0.335742943
10635.53703,-0.1650038447,1.006710758,-0.4100087732
10640.20856,-0.1140768924,1.057526816,-0.4448685297
10659.63878,0.1081577289,1.367101201,-0.4426313777
10673.45895,0.2640867985,1.668600257,-0.2955181876
10695.29361,0.4768611721,2.23069792,0.1609532164
10717.12828,0.6153018836,2.814942782,0.8252215879
10742.44923,0.6487994787,3.388696043,1.709352624
10769.671,0.5211724119,3.73427104,2.573803534
10799.93499,0.2167350032,3.672179251,3.151867728
10830.83871,-0.173870619,3.132651389,3.12258305
10861.74243,-0.5134219425,2.280919672,2.454899491
10895.46009,-0.6861818564,1.330205619,1.246697559
10909.38408,-0.6760960548,1.022295744,0.7071291488
10914.75613,-0.6588889397,0.9194682302,0.5054786892
10920.12818,-0.6348321335,0.8125941526,0.3107434955
10936.35769,-0.5281449303,0.4777486349,-0.2173784938
10952.58721,-0.3869479836,0.1544170822,-0.6268294918
10972.97973,-0.1924355891,-0.1893964504,-0.9438732456
10994.28968,-0.004301738969,-0.4375693617,-1.042219904
11018.23502,0.1540676724,-0.5658355077,-0.9183845594
11043.56657,0.2402473016,-0.551034055,-0.6170538611
11069.59932,0.2431944582,-0.4357374578,-0.2500773339
11096.55719,0.1765202076,-0.2982084597,0.07269252387
11124.29902,0.06648703445,-0.242495057,0.259775122
11152.68809,-0.06018566976,-0.3991447852,0.2598689819
11181.51936,-0.1933207509,-0.9565241181,0.05457726048
11189.86532,-0.2347841421,-1.205950364,-0.04464875076
11196.39706,-0.2676874403,-1.393859056,-0.1354181179
11216.6285,-0.3611320839,-1.933741438,-0.4864377032
11232.7763,-0.4142036852,-2.316109775,-0.8287723193
11255.68167,-0.4379985031,-2.762407539,-1.360762201
11279.16691,-0.3887237784,-3.065392127,-1.881803066
11307.05118,-0.2395257534,-3.17633655,-2.338379027
11336.3387,-0.0146787691,-2.993313416,-2.500897818
11365.62621,0.2154362928,-2.566962338,-2.28406042
11394.96343,0.3805189395,-2.029662962,-1.743717913
11427.50324,0.4233198256,-1.509186174,-0.9611740955
11460.05807,0.2986807514,-1.266124803,-0.2709659797
11492.6129,0.04788907927,-1.406788102,0.05712013909
11525.16773,-0.2376683178,-1.893254866,-0.1178054194
11557.72257,-0.4496119643,-2.552827953,-0.7488852012
11592.95812,-0.4995673147,-3.176571073,-1.683664985
11628.19367,-0.3349175895,-3.431492697,-2.481246199
11665.97875,0.005121770186,-3.151166634,-2.774159647
11703.76384,0.3502161296,-2.417263274,-2.317024146
11741.54893,0.5234021396,-1.585371137,-1.309402825
11779.80807,0.4247891892,-1.075211094,-0.231579251
11818.0672,0.08958454017,-1.181646474,0.3424115236
11856.32634,-0.3171248319,-1.87797682,0.08670892031
11894.58548,-0.5847981308,-2.825937007,-0.9035899618
11932.84462,-0.5660303399,-3.53883329,-2.142459422
11971.80622,-0.2494487777,-3.62530254,-2.998459762
12011.15808,0.2141002644,-2.981090404,-2.957873548
12050.50995,0.5724630462,-1.92347349,-1.987127655
12090.46146,0.6193333436,-1.010044454,-0.5590091062
12094.71199,0.6018551752,-0.9430937541,-0.4133070063
12098.96252,0.580372368,-0.875490649,-0.2726344235
12119.08889,0.4345885352,-0.5711355468,0.300377095
12134.35868,0.2911993859,-0.3972890312,0.6046660968
12156.46328,0.06497488773,-0.3173960266,0.8128908884
12178.56788,-0.1561990587,-0.5465570998,0.7430710023
12188.12623,-0.2466672551,-0.7757913697,0.6313767856
12195.25271,-0.3122804022,-1.011284141,0.5178339049
12198.94019,-0.3457520577,-1.14631717,0.4491850677
12217.76607,-0.5031241659,-1.820358941,-0.000431838651
12232.74794,-0.5985383369,-2.326124165,-0.4589377442
12252.82693,-0.6636944267,-2.924593732,-1.159207518
12274.77141,-0.6363905664,-3.415936691,-1.938920377
12300.21637,-0.4750838518,-3.695320923,-2.698559652
12328.13809,-0.174386834,-3.591715722,-3.157356498
12356.94996,0.1898890831,-3.073141589,-3.082023631
12385.76183,0.5032708029,-2.288704399,-2.457185312
12418.25155,0.6772022458,-1.378297687,-1.312932122
12433.098,0.6715223264,-1.046939962,-0.7422451029
12437.14985,0.6601678375,-0.9710120836,-0.5904095524
12439.67786,0.6510175125,-0.9234727077,-0.4973619679
12455.87168,0.559948861,-0.6041623433,0.05365377016
12472.0655,0.4276032838,-0.2886540136,0.4969791298
12492.49335,0.2336282065,0.05030547077,0.8635230454
12513.73346,0.03629895699,0.2831623505,1.006588399
12537.72852,-0.1446740635,0.3597755993,0.9115802316
12562.87996,-0.2653986142,0.2068310533,0.6030607478
12589.27144,-0.321066947,-0.2312892552,0.1586133315
12600.82416,-0.3303878782,-0.5272495007,-0.05117452588
12609.57577,-0.3351101479,-0.8032423957,-0.2121852918
12615.94059,-0.3387357884,-1.035949861,-0.3301009075
12619.12894,-0.3408755252,-1.15382067,-0.389491391
12636.13757,-0.3522087428,-1.698686703,-0.7107282409
12653.1462,-0.3541438429,-2.122850475,-1.035297533
12675.08854,-0.3288676611,-2.516371342,-1.436408172
12699.11707,-0.2574578865,-2.762261578,-1.80567161
12726.75716,-0.1256919005,-2.819342956,-2.067876435
12755.23953,0.03735507972,-2.660264649,-2.097178035
12783.7219,0.1856064223,-2.35180988,-1.876180656
12814.25876,0.2805066336,-1.972649071,-1.433187013
12846.88231,0.2729640022,-1.663502675,-0.8871871589
12880.70429,0.1467041516,-1.581466731,-0.4611099446
12914.52627,-0.0526111958,-1.788034947,-0.3581115596
12948.34824,-0.2453177332,-2.211261583,-0.6348607117
12983.43777,-0.3527598597,-2.701820466,-1.216630804
13019.32039,-0.3125855556,-3.035987825,-1.867585071
13057.29531,-0.1195057414,-3.028805391,-2.28896868
13095.27022,0.1362901688,-2.639961513,-2.210540737
13133.24514,0.3251353954,-2.053112305,-1.64941792
13172.74742,0.3426745779,-1.549662794,-0.8436595129
13212.2497,0.1603444069,-1.437669506,-0.2462547655
13251.75198,-0.1296478247,-1.799007853,-0.2016845489
13291.25426,-0.3703316873,-2.454735383,-0.7620178765
13331.85368,-0.4227889523,-3.064595059,-1.667993874
13372.4531,-0.2380131128,-3.250414093,-2.394817372
13414.17209,0.09623503316,-2.864266801,-2.497111317
13455.89108,0.3780302732,-2.103358465,-1.852522653
13497.61006,0.4295297065,-1.421102807,-0.822865681
13539.32905,0.2067769259,-1.245567145,-0.0280320191
13568.72698,-0.05292055577,-1.515719914,0.1015857694
13598.12491,-0.310454042,-2.040404675,-0.2009346142
13632.66597,-0.5017503368,-2.76860749,-0.9938254369
13667.20703,-0.4917326294,-3.323008622,-1.94698417
13703.53505,-0.2605947558,-3.450171675,-2.679443144
13740.84472,0.1072325911,-3.014950553,-2.774755628
13778.15439,0.4302987818,-2.198081906,-2.128896146
13815.46405,0.5446583583,-1.391193764,-1.031165288
13852.78025,0.3832939918,-0.9989507124,-0.0105349318
13862.08956,0.3052289787,-0.9955139006,0.1675111554
13869.99624,0.2301151882,-1.02669722,0.2840996735
13873.94084,0.1901356937,-1.053377406,0.3293323833
13892.84786,-0.01645585494,-1.278021233,0.4170337929
13907.29584,-0.1790322785,-1.544950607,0.3344712187
13927.54855,-0.3879906566,-2.018338701,0.009446636758
13949.16212,-0.5542947279,-2.580118117,-0.5598895885
13972.89768,-0.6350456226,-3.153956501,-1.341672699
13999.35247,-0.5773488964,-3.599508138,-2.219043064
14028.30838,-0.3490165018,-3.718772153,-2.93187227
14059.50605,0.01718133158,-3.366285286,-3.162372756
14090.70372,0.3857370684,-2.620873999,-2.738590578
14122.01484,0.6269472138,-1.727824977,-1.781041365
14141.01954,0.6691713216,-1.247890188,-1.070187898
14153.13493,0.6491277503,-1.004957302,-0.61737322
14156.41357,0.6374149569,-0.9473385311,-0.4988934524
14158.13012,0.6302668286,-0.9166696888,-0.4378841711
14173.54487,0.5388819573,-0.6345936296,0.06787988734
14188.95962,0.4107534362,-0.3668708224,0.4735027831
14208.8824,0.2183063611,-0.09666194107,0.8139135278
14229.65249,0.01700489639,0.03357389081,0.9354416453
14252.61202,-0.1770920338,-0.07205890984,0.8148573015
14275.72593,-0.3308214121,-0.526342891,0.4738682795
14285.89647,-0.3877244097,-0.867931228,0.268013817
14290.88229,-0.4143060922,-1.071170295,0.1561873002
14293.67178,-0.4288969193,-1.185743352,0.09060821948
14308.1489,-0.4977423229,-1.738861816,-0.282078005
14322.62601,-0.54680659,-2.223747967,-0.6988923681
14342.11364,-0.5667366255,-2.76056286,-1.293550232
14363.49412,-0.5161127814,-3.173081763,-1.920467058
14388.58863,-0.3615397006,-3.387622547,-2.504361855
14416.04683,-0.1061203272,-3.276586195,-2.817827513
14443.96378,0.1824114678,-2.84587519,-2.703191182
14471.88074,0.4218225237,-2.223596077,-2.175465144
14503.53772,0.5484869228,-1.513848785,-1.256603984
14535.21932,0.4737052457,-1.053340361,-0.309954734
14543.62026,0.4208578186,-0.9992250858,-0.09952776452
14552.0212,0.3561644055,-0.9736091442,0.08226008581
14562.35672,0.2629457539,-0.9862823079,0.2593968287
14571.59218,0.1693589488,-1.048527274,0.3686227412
14577.16437,0.1093097946,-1.105327576,0.4103000974
14596.36608,-0.1075977215,-1.401304151,0.4062069573
14610.06938,-0.2598379568,-1.69219801,0.2625021283
14631.8045,-0.4682108295,-2.238387507,-0.1835604788
14653.53962,-0.6039727145,-2.807485105,-0.8322808295
14678.9617,-0.637311532,-3.371884125,-1.703661051
14706.16025,-0.512037913,-3.709904602,-2.551672412
14736.48388,-0.2123018458,-3.647636381,-3.119758978
14767.3792,0.1713024433,-3.116642738,-3.089520997
14798.27453,0.5045384604,-2.279720794,-2.432733805
14832.00004,0.673846808,-1.345809142,-1.245099547
14846.29065,0.6627907502,-1.036735279,-0.7014243614
14849.76746,0.6522739467,-0.9734633146,-0.5728314971
14852.49959,0.6419312482,-0.9234573092,-0.4735961453
14866.96149,0.5605786829,-0.648474638,0.0144995494
14881.42338,0.4450466286,-0.378338383,0.4180223635
14900.39015,0.265906484,-0.07632161961,0.7860422812
14920.35091,0.07318123241,0.1283926661,0.9607622019
14943.12044,-0.1197002611,0.1673199516,0.9118579102
14966.43381,-0.267956143,-0.05826040403,0.6422515126
14991.33377,-0.3744473889,-0.6727357929,0.1856360479
14998.58275,-0.3993741786,-0.9434983934,0.02923158504
15007.77563,-0.4296912611,-1.314673817,-0.1820666285
15012.7014,-0.4448282265,-1.499907436,-0.300924972
15030.65875,-0.4859585568,-2.094114764,-0.7608435523
15048.61611,-0.4936885334,-2.565077615,-1.240291829
15071.39601,-0.442210287,-2.97820481,-1.815786559
15096.16279,-0.3083619621,-3.178057326,-2.305020873
15124.261,-0.08497757754,-3.091609122,-2.570808912
15152.3592,0.159898178,-2.72689151,-2.461085074
15180.45741,0.3594248167,-2.201011322,-2.001619608
15212.27532,0.4591626245,-1.609421985,-1.218431968
15244.34299,0.3859345521,-1.236693319,-0.4215532668
15276.43311,0.1591069375,-1.239936407,0.08553584525
15308.52324,-0.1424169448,-1.63518295,0.100608244
15340.61337,-0.4088176001,-2.291237157,-0.4018012972
15377.1913,-0.5426035105,-3.056388615,-1.385472172
15413.76923,-0.4286107291,-3.488160123,-2.366075826
15452.30262,-0.09026466836,-3.34040972,-2.877692821
15490.83601,0.3038263266,-2.627181442,-2.565261143
15529.3694,0.5461522404,-1.701832209,-1.555992267
15568.49809,0.4970846981,-1.042016064,-0.3381881953
15574.63232,0.4608905454,-0.9922172814,-0.1736660469
15580.76655,0.4178999458,-0.9546325179,-0.02332762184
15603.36936,0.213183079,-0.9500647956,0.3764220143
15610.03822,0.1422988947,-1.008245683,0.4404891999
15614.78732,0.08971172347,-1.065858363,0.4696247314
15634.04959,-0.1321139246,-1.393877602,0.4411236577
15648.06827,-0.2894204179,-1.711690189,0.2726940853
15669.92911,-0.4975626518,-2.286232478,-0.2121321555
15691.78994,-0.6275986526,-2.872334244,-0.8966224023
15717.49643,-0.6475222474,-3.440940561,-1.801352499
15744.89359,-0.5023436049,-3.756630876,-2.654364538
15775.44846,-0.1807780968,-3.646139103,-3.189251707
15806.14907,0.2105248267,-3.067835068,-3.09625936
15836.84967,0.5389760662,-2.201846967,-2.379629809
15870.74673,0.692135871,-1.256219639,-1.135907795
15880.24288,0.6837282397,-1.04694073,-0.7656807313
15890.49725,0.6487730226,-0.8445132912,-0.3808330362
15897.07313,0.6137724921,-0.7080465288,-0.1487377406
15915.94619,0.472854765,-0.3088497554,0.4233604295
15931.03794,0.334473569,-0.00920221315,0.7564181892
15951.52327,0.1414484737,0.3319114169,1.013496672
15973.02473,-0.03417387529,0.5866253141,1.057558819
15996.65673,-0.1643682281,0.7544170855,0.902516404
16022.02106,-0.2130050559,0.8695885951,0.6117546701
16034.1215,-0.2022323217,0.9364014383,0.466459632
16042.16846,-0.1834237215,0.9980385511,0.3775620647
16048.52068,-0.1623090972,1.055377986,0.3148770763
16051.3999,-0.1510646379,1.082235817,0.2891971278
16070.76114,-0.05349906891,1.285709648,0.1731360299
16086.40572,0.04387626717,1.488321215,0.1664364727
16105.74059,0.1697643655,1.786651804,0.2785976229
16128.07252,0.2981432766,2.174578317,0.5657647047
16152.86281,0.3885407112,2.602902096,1.03292529
16179.91133,0.3978340292,2.977535601,1.611601762
16209.49359,0.2943238125,3.173734117,2.156658694
16241.82443,0.07872192962,3.065777458,2.450583529
16274.15528,-0.1685911681,2.655760256,2.313367101
16306.48612,-0.355465446,2.089653842,1.780650891
16341.54494,-0.4059481457,1.542995783,0.9753358787
16376.60376,-0.271147634,1.305251331,0.2731148875
16411.66257,-0.002915138427,1.495729133,-0.009613911177
16446.72139,0.2854207318,2.048594207,0.2709616225
16483.19059,0.4702873913,2.760233752,1.050444937
16519.6598,0.4457708462,3.280264665,1.978445093
16557.61934,0.2014747597,3.342404201,2.631287633
16595.85267,-0.1528825192,2.859011465,2.615486553
16634.08601,-0.4352947472,2.055574899,1.900890443
16673.11403,-0.492290503,1.3280073,0.8075097563
16712.14205,-0.274157531,1.092919669,-0.07691993308
16751.17007,0.1132030745,1.50268967,-0.258816509
16790.19809,0.4662523984,2.364584241,0.3953037976
16829.8487,0.5898181385,3.240437137,1.58813345
16869.49932,0.3961331964,3.625758162,2.669862444
16910.38233,-0.03557943206,3.257395134,3.020855331
16951.26533,-0.458355408,2.294110016,2.353094916
16992.14833,-0.6190217535,1.281474084,1.013954472
17008.77353,-0.5769665005,1.000777734,0.448323565
17011.84485,-0.5623224168,0.959883043,0.3502453464
17013.6726,-0.5526563333,0.9356658411,0.2932230377
17029.83749,-0.4404440408,0.7382545777,-0.1566970993
17046.00239,-0.2923483452,0.6087169169,-0.4840739001
17066.49599,-0.07730162527,0.628610648,-0.6876647765
17079.87422,0.06927253943,0.8070274985,-0.6843089011
17086.91286,0.1468725493,0.9698262682,-0.6388086749
17093.40422,0.218475717,1.154755105,-0.5701877966
17096.90233,0.2567534633,1.25784701,-0.5226748083
17114.32275,0.4361511093,1.794166988,-0.1809780709
17131.74317,0.5798106393,2.343027643,0.3137193929
17151.24195,0.6747496543,2.919220652,0.9916630191
17174.4048,0.6754139734,3.465156157,1.851239016
17199.83494,0.5311780249,3.786761574,2.680242875
17228.40586,0.2236605187,3.718844586,3.235758092
17257.84297,-0.1664801649,3.192909732,3.21784148
17287.28008,-0.5124406327,2.358376456,2.588144194
17319.74393,-0.7115974014,1.387144377,1.401909073
17333.73932,-0.7155567839,1.043276645,0.8328064344
17337.17548,-0.7084328865,0.9700017431,0.6950153156
17339.94058,-0.7004382991,0.9099861231,0.5855480053
17353.88694,-0.6331356833,0.5831112071,0.06312732993
17367.83331,-0.5312326471,0.2323978309,-0.3880674215
17385.60241,-0.3746166878,-0.22202157,-0.8289029365
17403.85066,-0.2114750897,-0.6821558374,-1.112446413
17413.57407,-0.1335874342,-0.9271271827,-1.197396608
17418.95141,-0.09512943712,-1.062074611,-1.226938118
17421.56724,-0.07775964792,-1.121455242,-1.237251572
17436.639,0.006193466916,-1.378904023,-1.252254614
17448.93852,0.05567658957,-1.507396529,-1.219603475
17465.815,0.0979728559,-1.608592494,-1.131528404
17484.7703,0.1131808828,-1.668182095,-1.003445588
17507.61223,0.0923306305,-1.723684301,-0.8542706523
17534.78458,0.0261314904,-1.82548142,-0.7455072027
17562.83835,-0.06518668834,-1.999035234,-0.7603513428
17590.89211,-0.1503644627,-2.227278135,-0.9149180606
17622.48764,-0.2056629655,-2.491174381,-1.212575238
17655.24673,-0.1942689986,-2.686908452,-1.556293147
17691.47244,-0.1022690554,-2.726202883,-1.823606956
17727.83162,0.03474475925,-2.558469685,-1.847419848
17764.19079,0.1535316914,-2.255535063,-1.604633894
17800.59997,0.1967490896,-1.956106222,-1.19860558
17839.01775,0.1343859736,-1.802077429,-0.7998234047
17878.07486,-0.01348988297,-1.904893171,-0.6403035156
17917.13197,-0.1699657271,-2.225360458,-0.8268882045
17956.18909,-0.2497978699,-2.598637912,-1.274237486
17996.18295,-0.2029923058,-2.825172848,-1.759609417
18038.44117,-0.03616680398,-2.745358736,-2.000210998
18080.6994,0.1522228277,-2.373522788,-1.799020724
18122.95763,0.2433192088,-1.931143597,-1.260950783
18165.50238,0.1729901201,-1.695877323,-0.7080970905
18208.04714,-0.02305891075,-1.833735339,-0.49931288
18250.5919,-0.2249889911,-2.275526086,-0.7875309983
18293.13666,-0.3028207644,-2.752288402,-1.413103162
18335.68141,-0.1997636501,-2.95825415,-1.990257197
18379.7874,0.0362624294,-2.731130497,-2.138956066
18423.89339,0.2490750823,-2.189009837,-1.706751056
18467.99937,0.2902999887,-1.689304432,-0.9604683526
18512.10536,0.122013607,-1.579747592,-0.3986901135
18551.35932,-0.1213679697,-1.896830388,-0.3844884785
18590.61328,-0.3184213764,-2.44861599,-0.868303371
18631.02985,-0.3561683533,-2.952105651,-1.628747921
18671.44643,-0.1969586544,-3.095774658,-2.227409168
18713.12872,0.08477131179,-2.761247851,-2.298434471
18754.81102,0.3185392928,-2.119165706,-1.74547822
18796.49331,0.3568290452,-1.551927321,-0.8792383445
18838.1756,0.1657495618,-1.415327335,-0.2208840059
18875.18047,-0.1124435844,-1.748980731,-0.1563340223
18912.18534,-0.3558869761,-2.36646633,-0.6462754418
18951.09252,-0.4418242236,-3.001494064,-1.519325621
18989.9997,-0.3005813827,-3.282489778,-2.308172819
19030.70112,0.01753353764,-3.01648671,-2.575925955
19071.40254,0.3318219033,-2.308513978,-2.09315893
19112.10396,0.4558215149,-1.555799275,-1.108013777
19152.80538,0.3064126705,-1.202188229,-0.1789324944
19187.02263,0.01982454855,-1.392444556,0.1451859846
19221.23989,-0.2941156051,-1.972364912,-0.1234032345
19257.5088,-0.5104619832,-2.755669515,-0.9525456951
19293.77771,-0.5020503893,-3.354975026,-1.977478427
19331.32544,-0.2511151314,-3.471602744,-2.736704522
19369.67025,0.1389241886,-2.980609342,-2.788267188
19408.01506,0.4656407841,-2.103227222,-2.049021156
19446.46393,0.5532418463,-1.282872071,-0.8686004112
19464.23222,0.490582272,-1.052219165,-0.3407121968
19471.56516,0.4465902378,-0.9964834587,-0.1482409085
19476.32036,0.4129247735,-0.9709675936,-0.03432542113
19496.87053,0.22986248,-0.9695350529,0.335376106
19504.81142,0.146465597,-1.035364734,0.4165051426
19510.01347,0.08912642379,-1.095646204,0.4490229821
19530.30566,-0.1433306524,-1.436951544,0.412570681
19544.63749,-0.301944385,-1.761254809,0.2311614097
19567.13506,-0.509207467,-2.348806893,-0.2827055912
19589.63263,-0.6311157895,-2.939322861,-0.9960693969
19616.10453,-0.6323244833,-3.49193282,-1.91820023
19644.12537,-0.4625441194,-3.758779347,-2.745784948
19675.29979,-0.1200136493,-3.572574006,-3.201421385
19706.47422,0.2723441706,-2.927125059,-2.998473142
19737.64864,0.5779607682,-2.032858217,-2.183294312
19771.61648,0.683402924,-1.134571156,-0.912001726
19777.87444,0.6711496955,-1.008476671,-0.6728033258
19781.33344,0.6600885479,-0.9432422968,-0.5433851423
19782.87603,0.6542117119,-0.9135438596,-0.4865124485
19797.40486,0.5738532581,-0.6217536081,0.01427210548
19811.93369,0.4588659002,-0.3287139205,0.4305445112
19830.83043,0.2823889056,0.0129945383,0.812741091
19850.68951,0.09483285062,0.2835282579,1.006847321
19873.71664,-0.08968598282,0.4502890174,0.9885123365
19897.34238,-0.2168953249,0.4489181863,0.7650531889
19923.00592,-0.2765806992,0.2656040232,0.3935837615
19949.36458,-0.2698989809,-0.09805552208,-0.01645538497
19977.28956,-0.2296875251,-0.6948806572,-0.4007271609
19986.17139,-0.2190659499,-0.9472228715,-0.5084864584
19990.57484,-0.2154080198,-1.084094042,-0.5599715875
19992.7462,-0.2140389905,-1.148309079,-0.5850081313
20008.31734,-0.2099446648,-1.547581937,-0.7605297578
20023.88848,-0.2100411618,-1.859787846,-0.9329880955
20044.63939,-0.205835862,-2.172538741,-1.158562726
20067.71367,-0.1851198446,-2.406698216,-1.390871896
20094.80751,-0.133475459,-2.547248603,-1.605973814
20124.09656,-0.05081137113,-2.553308697,-1.72454484
20153.42285,0.04047010227,-2.438367026,-1.697323874
20182.74914,0.1146360858,-2.25362297,-1.533829237
20215.37414,0.149931437,-2.045771149,-1.253306843
20249.46131,0.1190811089,-1.91639497,-0.9616023766
20287.02008,0.01855102461,-1.948191298,-0.7867111202
20324.57886,-0.1044483299,-2.155184861,-0.8569436354
20362.13763,-0.1884167214,-2.441370382,-1.148372067
20401.21447,-0.1869070266,-2.67141771,-1.537747333
20442.0014,-0.08601975563,-2.701517928,-1.814726691
20482.78833,0.06159315846,-2.490279307,-1.791539465
20516.53006,0.1579306054,-2.210688165,-1.538497265
20555.21464,0.1837830945,-1.924608271,-1.116302375
20593.89923,0.1034725139,-1.82300102,-0.7654058532
20633.48543,-0.04863282102,-1.975409469,-0.6797166455
20673.07162,-0.1899331862,-2.314000681,-0.9308315555
20712.65782,-0.2405139095,-2.657709923,-1.394238247
20753.2746,-0.1641163816,-2.814047894,-1.828221911
20796.1314,0.01367083608,-2.654951549,-1.960348882
20838.9882,0.1814743208,-2.250844926,-1.658763384
20881.845,0.2289656233,-1.853068085,-1.097657123
20924.89759,0.1178484301,-1.722486178,-0.628950917
20967.95018,-0.08762549517,-1.961775979,-0.5692763591
21011.00276,-0.2568929875,-2.432822569,-0.979945753
21054.05535,-0.276290149,-2.837139288,-1.61511241
21097.26244,-0.1242119417,-2.903760919,-2.068422436
21140.46953,0.1079068754,-2.568382876,-2.026622936
21175.45811,0.2511073806,-2.134006498,-1.618981024
21215.92829,0.2750685396,-1.708167943,-0.9579338768
21256.39847,0.1295586783,-1.604015431,-0.456369731
21296.86865,-0.1086487011,-1.898787639,-0.4163336699
21337.33883,-0.3045775703,-2.439755443,-0.8845138933
21378.27857,-0.3405099953,-2.926183374,-1.62039152
21419.21831,-0.1838251977,-3.058152963,-2.193743763
21461.25007,0.08855632485,-2.724827208,-2.245794453
21503.28184,0.3092167849,-2.102136917,-1.69595967
21545.3136,0.336344878,-1.567498364,-0.8593825055
21587.34536,0.1427173352,-1.46255755,-0.2484526033
21625.07278,-0.1302606568,-1.814297081,-0.2259735525
21662.80019,-0.3575645685,-2.427827944,-0.745515467
21702.25393,-0.4185877637,-3.021339471,-1.604814484
21741.70767,-0.2579297477,-3.237654187,-2.328677057
21782.78596,0.05891568793,-2.915234356,-2.498873712
21823.86424,0.3467023362,-2.201259608,-1.946524783
21864.94253,0.4303362262,-1.506439077,-0.9679293861
21906.02081,0.248935839,-1.250907176,-0.1316590006
21939.9533,-0.03672633036,-1.507910073,0.07833385931
21973.8858,-0.3257893045,-2.103035155,-0.2716380175
22011.741,-0.5061250281,-2.876847786,-1.165704019
22049.5962,-0.4423995032,-3.386382738,-2.164140963
22088.8171,-0.1429686263,-3.344427928,-2.766047914
22128.03799,0.2410715102,-2.720456136,-2.580911234
22167.25889,0.5019098862,-1.830452018,-1.672555247
22207.2279,0.4863986316,-1.144651071,-0.4864824446
22228.3629,0.3547824402,-1.020138943,0.01806253781
22256.88829,0.08071593244,-1.177444568,0.3693791112
22285.41368,-0.2317057472,-1.671256742,0.2419289052
22315.12321,-0.4995480522,-2.397405808,-0.3756394928
22346.14696,-0.6230451547,-3.144681759,-1.352783015
22378.53232,-0.5306358746,-3.634493892,-2.382517457
22412.98724,-0.215448483,-3.615538697,-3.058412882
22447.83031,0.203343478,-3.019068598,-2.997473924
22482.67338,0.5439420898,-2.078504274,-2.18333523
22519.64013,0.6508185917,-1.14865603,-0.8623906821
22526.87707,0.6332157772,-1.015991909,-0.6001643412
22531.84801,0.6137915347,-0.933734615,-0.4260722514
22534.24239,0.6024251484,-0.8935840665,-0.3445265634
22550.34639,0.4972359481,-0.6249730221,0.1517969638
22566.45039,0.3556657166,-0.3909970392,0.531393538
22587.07961,0.150009594,-0.2086515216,0.8124508204
22608.3841,-0.06114500315,-0.2393387213,0.8510646726
22631.72448,-0.2691526809,-0.6411505634,0.6215409722
22640.5806,-0.3412311779,-0.9264549803,0.4678957912
22645.2135,-0.3779496314,-1.107065445,0.3739738355
22647.56233,-0.3962971795,-1.198085622,0.3228865988
22663.36836,-0.509883239,-1.786462871,-0.07794753238
22679.17439,-0.5946508698,-2.325350983,-0.5620886996
22699.0779,-0.6411739095,-2.905897047,-1.239858512
22721.38382,-0.598330348,-3.376462492,-1.993454775
22746.92498,-0.4276190336,-3.617331027,-2.693582807
22775.05052,-0.1283481851,-3.479184941,-3.081706807
22803.53583,0.2143725211,-2.959754383,-2.951948363
22832.02113,0.4991334869,-2.211170379,-2.320570308
22864.08852,0.6453275931,-1.369297431,-1.227657022
22880.61433,0.6268233122,-1.038170046,-0.6279578251
22884.57021,0.612583151,-0.9746051729,-0.4901617721
22887.71837,0.5986589431,-0.924417631,-0.3832531943
22903.4012,0.4998685852,-0.6757205611,0.1000301327
22919.08403,0.3646885657,-0.4608844291,0.4754371432
22939.37034,0.1625410345,-0.3002908837,0.7651231324
22960.3282,-0.0505189425,-0.3583711044,0.8177799502
22983.36995,-0.2688818626,-0.8098121045,0.5994562493
22989.0676,-0.3200094517,-1.004725648,0.5040441863
22993.79974,-0.3618426047,-1.180191414,0.4128901665
23011.78601,-0.507459917,-1.828437147,-0.02632315682
23026.3932,-0.5974552419,-2.322272098,-0.4743426235
23046.13664,-0.6592154992,-2.910157755,-1.159422432
23067.73336,-0.6325341454,-3.394397746,-1.921451161
23092.8834,-0.4762903994,-3.676455681,-2.67039558
23120.52606,-0.1835020973,-3.587231554,-3.132941585
23149.20282,0.1757286077,-3.08809535,-3.077248985
23177.87958,0.4885332086,-2.320752305,-2.478918465
23210.22867,0.6686916427,-1.417870737,-1.360757575
23227.80831,0.6615635393,-1.030434524,-0.692259755
23234.82353,0.6369960462,-0.902350774,-0.4360809793
23239.2291,0.6157518269,-0.8193993816,-0.2815913255
23258.98625,0.4770228434,-0.4435866389,0.3233425118
23274.06474,0.3399041049,-0.1845728349,0.6614515938
23295.7625,0.1291740391,0.08767852824,0.9317660416
23317.46025,-0.06427001782,0.1887685379,0.9532011034
23341.22963,-0.2299520532,0.05072987491,0.7386086143
23366.39916,-0.3478967705,-0.4456199745,0.3190328399
23376.71611,-0.3839923405,-0.7793979156,0.1075328927
23382.35275,-0.4023537154,-1.001422873,-0.01578120445
23386.04046,-0.4141876454,-1.153037448,-0.09928075311
23399.6729,-0.4541149061,-1.662469455,-0.4261554206
23413.30533,-0.4815282466,-2.098020381,-0.7758149176
23431.80424,-0.4872403932,-2.575428674,-1.264046604
23452.35713,-0.4414479786,-2.94702698,-1.777924889
23476.68777,-0.3158131366,-3.157791761,-2.263462603
23503.48167,-0.109756206,-3.102518456,-2.541461612
23531.02718,0.1279996717,-2.776991552,-2.478443991
23558.57269,0.3306074144,-2.281593818,-2.07511302
23590.10085,0.4486459812,-1.690850574,-1.333008603
23621.98968,0.4009307241,-1.283364183,-0.5343123229
23654.28144,0.193548747,-1.230375446,0.02391334907
23686.5732,-0.1016752932,-1.575384039,0.1093580409
23718.86496,-0.3764435328,-2.204839671,-0.3295286651
23755.68688,-0.5326066533,-2.978574486,-1.2773215
23792.5088,-0.4436463395,-3.452766274,-2.272911308
23831.09416,-0.1240533479,-3.364217134,-2.841794139
23869.67952,0.2685785371,-2.698826577,-2.60638798
23908.26488,0.5278041366,-1.784784099,-1.654044699
23947.63398,0.5050433555,-1.090438173,-0.4373441747
23958.71721,0.4418832762,-0.9992313731,-0.1424294416
23969.80044,0.3573619559,-0.9558411646,0.1047368771
23980.72416,0.2571786088,-0.9665136161,0.2904187244
23987.53684,0.1879070642,-1.009661821,0.3732134109
23991.22009,0.1486572411,-1.044040381,0.4066683349
24009.65016,-0.05919411214,-1.304556753,0.4478911535
24023.71479,-0.2191543931,-1.589550652,0.3348325935
24044.31804,-0.4290455475,-2.098776151,-0.042615107
24065.39661,-0.5828004739,-2.661289689,-0.6378085377
24089.25358,-0.6495378747,-3.236632409,-1.451178492
24115.53144,-0.5728318626,-3.657247357,-2.327886217
24144.56993,-0.3237179184,-3.73466269,-3.016258405
24175.5137,0.05306618156,-3.334109795,-3.18937817
24206.45748,0.420163541,-2.555879795,-2.707002694
24238.15715,0.6525146158,-1.635589995,-1.683720191
24255.30482,0.6830153942,-1.202738186,-1.025547137
24263.63397,0.6707721068,-1.029144793,-0.706634352
24270.00332,0.649531741,-0.9093844356,-0.4701433839
24272.91382,0.6366142771,-0.8530044415,-0.3652925836
24290.64592,0.5222444778,-0.4988771482,0.2108760307
24305.11147,0.3969861415,-0.2216319074,0.5775425885
24325.62339,0.2002899004,0.1054462524,0.9076574608
24346.13531,0.01310932065,0.3140281852,1.012989159
24369.77512,-0.158235731,0.3749916647,0.8952362998
24394.50211,-0.2689264713,0.2186699458,0.5807321307
24420.5188,-0.316208175,-0.2030216521,0.1441225001
24433.15947,-0.3226329053,-0.5176014318,-0.08085058162
24442.08103,-0.3248070167,-0.7926637757,-0.2403247633
24448.59952,-0.326754824,-1.026267923,-0.3569217374
24451.95356,-0.3281847504,-1.148319742,-0.4170355745
24469.04739,-0.3363366041,-1.684577111,-0.7259384181
24486.14122,-0.3367108066,-2.099631166,-1.036091365
24508.18851,-0.3118991361,-2.483118012,-1.417904713
24532.33541,-0.2440133763,-2.722986094,-1.768731352
24560.09294,-0.1194714846,-2.781563437,-2.017401856
24588.65588,0.03412228193,-2.634117267,-2.045359178
24617.21882,0.1734918408,-2.344970852,-1.837082013
24647.77843,0.2621417933,-1.990028196,-1.420909858
24680.48729,0.2543070223,-1.70096795,-0.9080689758
24714.54174,0.1340560151,-1.626811189,-0.5087532761
24748.59619,-0.05463153644,-1.826516305,-0.4181286838
24782.65064,-0.2352679262,-2.229330409,-0.6877333758
24817.95018,-0.332838515,-2.69015969,-1.241774189
24854.11587,-0.2894132446,-2.99635038,-1.853070263
24892.47807,-0.1017760902,-2.972603984,-2.23443064
24930.84027,0.140100719,-2.588569199,-2.132823703
24969.20248,0.3109098072,-2.0301829,-1.578984042
25008.9281,0.3136984811,-1.574060596,-0.8195530902
25048.65373,0.1300913088,-1.502334533,-0.2868771913
25088.37935,-0.1452593277,-1.87455119,-0.2934442514
25128.10498,-0.3611368401,-2.502090084,-0.8621574236
25168.83194,-0.3904090081,-3.052071128,-1.719675377
25209.55889,-0.1990453906,-3.179759132,-2.36370722
25251.11583,0.1168986285,-2.775596116,-2.394658724
25292.67276,0.3671478488,-2.053153179,-1.743808593
25334.22969,0.3939465839,-1.441597624,-0.7773724278
25375.78662,0.1692139009,-1.323883702,-0.07515765644
25409.70147,-0.1167958085,-1.67408899,-0.02084194462
25443.61631,-0.3728939881,-2.296819941,-0.4911738609
25482.55456,-0.4927199367,-3.025294468,-1.444998836
25521.49281,-0.3589536938,-3.390735584,-2.358815514
25562.01552,-0.01694950658,-3.155905976,-2.732539553
25602.53823,0.3427918095,-2.40241502,-2.275420854
25643.06094,0.5097531223,-1.546942169,-1.214242395
25683.58365,0.3761042764,-1.08708928,-0.1422016365
25719.28733,0.05582516577,-1.249635591,0.3040822936
25754.99101,-0.3117103344,-1.899598981,0.03825472428
25791.4859,-0.5625631951,-2.778028059,-0.8730916785
25827.9808,-0.5624264786,-3.463595583,-2.024250969
25865.55425,-0.2891699507,-3.613194766,-2.888945503
25904.07409,0.1464241198,-3.079290885,-2.970762661
25942.59393,0.5162399122,-2.101034035,-2.158953718
25981.11377,0.6200314973,-1.178551399,-0.843446902
25992.05845,0.5871351864,-1.00012394,-0.4700586075
25994.96517,0.5737886217,-0.9596311025,-0.3754449372
25996.44042,0.5663144442,-0.9390841281,-0.3283608698
26011.19291,0.4688041716,-0.7433877815,0.099564463
26025.94541,0.3393162607,-0.5931442727,0.4296526135
26045.31096,0.1418356947,-0.5318154258,0.6825974507
26065.36705,-0.07401850093,-0.7257019132,0.7106640221
26073.55562,-0.1621880055,-0.9082754943,0.6530265841
26078.93915,-0.2199717318,-1.065685945,0.5935384541
26081.69754,-0.2494547971,-1.150737619,0.5564658365
26098.79617,-0.423607957,-1.694595,0.2303639244
26115.8948,-0.5666394656,-2.246603879,-0.2433088023
26134.63277,-0.6653023323,-2.816785496,-0.88339359
26157.50116,-0.6808843622,-3.385495207,-1.730780619
26182.39755,-0.5585882117,-3.746944759,-2.566753949
26210.594,-0.2728151463,-3.745218093,-3.177610956
26240.06743,0.1124487652,-3.279987603,-3.246706287
26269.54087,0.4700465509,-2.478069943,-2.695902983
26301.11992,0.6941471964,-1.524868407,-1.59495133
26317.32655,0.7148632941,-1.10836106,-0.9411153927
26322.59182,0.7064389129,-0.9943145239,-0.7300026222
26325.81901,0.697621405,-0.9259520703,-0.6026038597
26343.44769,0.6075459322,-0.5169103309,0.04509780859
26357.81315,0.4958655235,-0.1614181351,0.4843597496
26377.53748,0.3176879961,0.3244566395,0.9213527707
26397.80781,0.1418701493,0.8062323143,1.16271959
26406.13352,0.08038908566,1.004097106,1.206928128
26412.23662,0.04107958269,1.135576648,1.222228343
26430.16347,-0.04718303461,1.396309525,1.200765536
26442.68612,-0.08660724515,1.500753655,1.143006434
26462.77151,-0.1153511478,1.595816556,1.011503235
26483.03825,-0.1064391752,1.657554925,0.8701572462
26509.06178,-0.05142773012,1.752962353,0.7367333345
26537.85114,0.04254888959,1.924032886,0.7127992439
26566.6405,0.1387033575,2.161681146,0.8444298931
26598.60373,0.2090782548,2.448574834,1.13964435
26631.70428,0.2115100717,2.67960019,1.508143989
26667.64196,0.1282272608,2.757225369,1.818657051
26705.20094,-0.0171002545,2.607425369,1.890463286
26742.75992,-0.1521128261,2.289458675,1.658576405
26780.3189,-0.2079456403,1.957939043,1.226890466
26819.53336,-0.1477874174,1.778650249,0.7906127643
26859.26788,0.00806118042,1.87761409,0.6067091166
26899.00239,0.1761519784,2.216724789,0.7985044462
26938.73691,0.2619674905,2.615981952,1.27602844
26979.15262,0.2108780314,2.854032887,1.790350333
27021.72299,0.03269418877,2.762953697,2.037544894
27064.29337,-0.1656603586,2.363773607,1.812827321
27106.86375,-0.2571232188,1.898027353,1.236354278
27149.57327,-0.1764219818,1.662899134,0.6604429196
27192.2828,0.03370190399,1.825152098,0.4610067624
27234.99232,0.243544802,2.300445228,0.7876975708
27277.70185,0.3166902204,2.796472033,1.456131396
27320.41138,0.1983250342,2.991908702,2.049982846
27364.41612,-0.05259927569,2.730041634,2.173810622
27408.42086,-0.2700116459,2.153374462,1.693940992
27452.4256,-0.3024539115,1.641507159,0.9075219277
27496.43034,-0.1174598667,1.550254087,0.3389549181
27535.87123,0.1406651925,1.904057718,0.3532913098
27575.31213,0.3419420358,2.492424988,0.8890321031
27615.7306,0.3694001807,3.00738967,1.691841935
27656.14908,0.1916292547,3.130748205,2.298085281
27697.56205,-0.1048975821,2.756800213,2.336159396
27738.97503,-0.3425692611,2.079693347,1.733172933
27780.388,-0.3727255392,1.498695956,0.8255732772
27821.80098,-0.1661997385,1.374753306,0.1537837877
27857.65939,0.1183041661,1.722460344,0.09865540334
27893.5178,0.3680306775,2.350536696,0.5922673792
27932.27256,0.4646123654,3.021602878,1.501913975
27971.02732,0.3239671703,3.332308783,2.3392933
28011.53869,-0.00538639678,3.074703895,2.646379366
28052.05007,-0.3387156177,2.34526141,2.170325316
28092.56144,-0.4804371499,1.548663073,1.151305775
28133.07281,-0.3376602284,1.149415215,0.1605058159
28167.68261,-0.03859487387,1.324829661,-0.2165436347
28202.29241,0.2969696111,1.927220267,0.04121124415
28238.55811,0.5314480471,2.750636208,0.8969746822
28274.8238,0.532071207,3.394278227,1.97604802
28312.25521,0.2770342108,3.539682967,2.792791646
28350.66964,-0.1321081539,3.043883639,2.879180255
28389.08407,-0.4821993528,2.126603085,2.125442147
28427.49849,-0.5848209813,1.254038819,0.8911055819
28443.24611,-0.5343401363,1.023440558,0.3906549654
28447.17479,-0.5135223745,0.9820053648,0.2753369693
28449.85413,-0.4975615273,0.9554368976,0.1996274525
28466.62119,-0.3699334365,0.8266374779,-0.2076563823
28483.38826,-0.2066383539,0.8118395075,-0.4742292319
28493.40101,-0.09819348992,0.8879765198,-0.5556894697
28500.05821,-0.02300687051,0.9847232456,-0.5755421138
28505.65709,0.04168624347,1.091817343,-0.5704303395
28508.3301,0.07285433063,1.146973591,-0.5608762846
28523.30369,0.2461064956,1.496780937,-0.4225722167
28538.27728,0.4060330556,1.900193476,-0.1468161811
28557.82403,0.5715240062,2.4623261,0.3880312166
28577.49161,0.6652622027,3.003049689,1.06147741
28601.58252,0.6585643797,3.526622999,1.937801875
28627.41602,0.5011855116,3.803362885,2.745108078
28656.64944,0.1782764371,3.676494044,3.250803464
28686.07301,-0.2087705798,3.106526418,3.159814183
28715.49658,-0.5387802529,2.25788888,2.474565621
28748.40479,-0.7113607606,1.297697919,1.249314394
28758.04464,-0.7099424246,1.068103517,0.8605550587
28762.09114,-0.7019200829,0.9826142465,0.6995839919
28764.10754,-0.6963060317,0.9402942531,0.6203340566
28779.52016,-0.622239217,0.590639302,0.04865279013
28794.93278,-0.5065307385,0.2169489237,-0.4347214496
28814.15532,-0.3335244077,-0.2466573439,-0.875702523
28834.07637,-0.1566517781,-0.703645677,-1.130935156
28844.18865,-0.07898869573,-0.929431121,-1.188416307
28849.42307,-0.04379525715,-1.045176812,-1.201830148
28852.49277,-0.02491885928,-1.106576026,-1.205104966
28865.71183,0.04213028532,-1.308920212,-1.18638846
28878.93089,0.08753643612,-1.43598238,-1.126862848
28896.90109,0.1176565577,-1.537240073,-1.008199841
28916.87117,0.1134056931,-1.60911988,-0.8636752857
28941.20408,0.06529823364,-1.702484868,-0.7250497547
28969.90179,-0.02897042673,-1.872725182,-0.6789500417
28998.59951,-0.1308962686,-2.11406354,-0.7933546522
29029.52573,-0.2100900695,-2.40689752,-1.073575982
29062.21986,-0.2260683545,-2.664519255,-1.453145875
29097.1772,-0.1556055675,-2.780463545,-1.797650891
29134.9056,-0.009285820864,-2.6650278,-1.928513496
29172.63401,0.1400888945,-2.35159194,-1.736127507
29210.36242,0.2163657929,-1.992736977,-1.304313389
29249.62669,0.1731056818,-1.766617504,-0.8273034766
29289.5759,0.01992414945,-1.82422922,-0.5799462611
29329.52512,-0.16146047,-2.152925523,-0.7243997227
29369.47433,-0.2687316199,-2.578269577,-1.197535584
29409.99834,-0.2353528325,-2.863919802,-1.751993072
29452.24485,-0.06272331663,-2.819408155,-2.064887756
29494.49135,0.1486718204,-2.437744735,-1.898856014
29536.73786,0.2662978213,-1.94417054,-1.334414696
29579.24155,0.20946903,-1.646318754,-0.7068128514
29621.74525,0.004369699063,-1.749498245,-0.4194929278
29664.24895,-0.2247524916,-2.208472675,-0.6755004395
29706.75264,-0.3316054841,-2.746467963,-1.338699863
29749.25634,-0.2409039901,-3.021176183,-2.003507841
29793.15595,0.00827531592,-2.828388286,-2.239379627
29837.05556,0.2543931582,-2.258607376,-1.835524538
29880.95517,0.3286771435,-1.681550932,-1.033623933
29924.85478,0.1708418895,-1.492138195,-0.3612594956
29963.82796,-0.08963760556,-1.77894595,-0.2578442754
30002.80115,-0.322627786,-2.360126604,-0.7103125303
30042.24358,-0.3994515656,-2.938569296,-1.508837409
30081.68601,-0.2661673128,-3.185468462,-2.222577175
30122.93497,0.02719210899,-2.925039575,-2.444102126
30164.18392,0.3092856219,-2.267205041,-1.973211713
30205.43288,0.4079997764,-1.591593997,-1.06072392
30246.68183,0.2539010047,-1.308120257,-0.2388504554
30283.03292,-0.03026887441,-1.544783709,0.001935180074
30319.38401,-0.3204902173,-2.148785523,-0.3603369604
30357.53324,-0.4813599558,-2.880072415,-1.226724136
30395.68246,-0.4064612779,-3.339137366,-2.165525785
30435.31259,-0.110281332,-3.258944359,-2.695943253
30474.94271,0.2535159376,-2.631233655,-2.459077202
30514.57283,0.483439623,-1.782451387,-1.550504535
30554.72102,0.4409996119,-1.175182099,-0.4357964219
30594.86921,0.1325820627,-1.18316265,0.2433211157
30635.0174,-0.2770452068,-1.832486041,0.07307988931
30675.1656,-0.556467592,-2.780320443,-0.8906268115
30715.31379,-0.5378864324,-3.494406385,-2.131074329
30755.6428,-0.2152355663,-3.549362779,-2.947802403
30796.0118,0.2399827625,-2.87484863,-2.837643035
30836.38081,0.5686559422,-1.827314648,-1.8171588
30866.57346,0.6070079091,-1.155115862,-0.7748631093
30875.18644,0.5794849945,-1.020183833,-0.4865552774
30882.10718,0.5453975096,-0.9291793293,-0.2681685991
30886.59486,0.5180920118,-0.8720925945,-0.1348904097
30903.99966,0.3809720239,-0.6854138661,0.3021886973
30921.40446,0.2098249013,-0.6052947532,0.5842498271
30942.36199,-0.0168780289,-0.7529378013,0.6881695796
30953.07461,-0.1356287026,-0.9752913472,0.6378542111
30959.39057,-0.2058809699,-1.150978165,0.575264399
30962.93545,-0.2450413275,-1.253246535,0.5294952959
30981.59687,-0.4385729872,-1.820272649,0.1679634203
31000.25829,-0.5901843059,-2.403131257,-0.3689154763
31021.03236,-0.6817814585,-3.004517226,-1.101325663
31045.23566,-0.6628749019,-3.54119994,-1.995062424
31071.7387,-0.4866615904,-3.812108573,-2.815196441
31101.2089,-0.1474185085,-3.649267511,-3.285873702
31130.71305,0.2449035936,-3.041758127,-3.138017079
31160.21719,0.5681923081,-2.170342845,-2.396569159
31193.0303,0.7207328961,-1.219573147,-1.14058153
31201.52359,0.7147216657,-1.022244511,-0.7954459244
31206.44989,0.7023283013,-0.916414536,-0.5990045946
31209.35272,0.6921254784,-0.851456676,-0.4854434679
31224.44446,0.6096497297,-0.4888554232,0.06557537182
31239.53621,0.4912393013,-0.104029301,0.5257489559
31258.31814,0.3219944123,0.37795966,0.9410332681
31278.89682,0.1465257128,0.9007257702,1.190522738
31284.25593,0.1073047711,1.03771487,1.223724063
31288.07993,0.081536932,1.126765983,1.240477571
31304.42447,-0.008846778055,1.402061515,1.256879128
31317.09582,-0.05845810735,1.528096079,1.221258186
31334.78518,-0.1002932725,1.626117,1.126271593
31354.29032,-0.1126290541,1.681723055,0.9935222142
31377.87907,-0.08709332392,1.737881892,0.8433378761
31406.01083,-0.01494037312,1.848556434,0.7438328935
31434.14259,0.07695083405,2.029543397,0.7770408512
31462.27435,0.1587858549,2.260688098,0.9477917707
31493.90578,0.2067820437,2.51841001,1.253697685
31526.79103,0.1866454298,2.698490293,1.591852569
31563.39156,0.08664572762,2.713529566,1.836949493
31599.99209,-0.05158506001,2.523679968,1.826623614
31636.59262,-0.1632629239,2.212883425,1.554792204
31674.12561,-0.1927986801,1.92072952,1.130301746
31713.08173,-0.1131891943,1.803960578,0.7553689906
31752.22971,0.04151567261,1.949373779,0.6520354206
31791.37768,0.1897644032,2.291026397,0.8926616431
31830.52566,0.249721743,2.650619,1.361666893
31870.69278,0.1808635669,2.832331198,1.82131287
31913.2072,0.002308176345,2.695651486,1.992793392
31955.72162,-0.1768187983,2.292593322,1.718392794
31998.23605,-0.2411277874,1.868771427,1.151326916
32040.95997,-0.1422714283,1.696247203,0.6397428764
32083.68388,0.06484249953,1.90300275,0.5217710746
32126.4078,0.2512568564,2.37472756,0.8950777594
32169.13172,0.2946200752,2.818686137,1.542977739
32211.85564,0.159119395,2.944634914,2.058656551
32255.40563,-0.08121476416,2.644723368,2.094840706
32291.23543,-0.2463813415,2.192951216,1.707318922
32330.88308,-0.2942104408,1.732729435,1.042145727
32370.53072,-0.1695488865,1.565805829,0.4820210089
32410.17837,0.06585532096,1.800687867,0.3477423672
32449.82601,0.284810393,2.324816137,0.7359517508
32489.47366,0.3631277747,2.857100031,1.453636817
32529.29273,0.2488844318,3.098115005,2.11474481
32570.93926,-0.01610052806,2.874370823,2.334140418
32612.5858,-0.2748792298,2.279237396,1.916154855
32654.23233,-0.3668483364,1.662086551,1.086658163
32695.87886,-0.2264022664,1.404027218,0.3381029897
32737.5254,0.0715105845,1.683499194,0.1383212219
32779.17193,0.3505275053,2.355251744,0.6394837227
32820.81847,0.4368526362,3.023539172,1.567495525
32862.465,0.2670352637,3.274259499,2.369680528
32905.0994,-0.0753910104,2.91591739,2.53701366
32947.73381,-0.3767286185,2.135317245,1.90324868
32990.36821,-0.4395810527,1.415748272,0.8364461821
33033.00262,-0.2105746711,1.226608781,0.004734264325
33063.79902,0.06710729699,1.522567602,-0.12194527
33094.59543,0.33776938,2.095526465,0.2321334736
33130.03963,0.5202480401,2.852257541,1.09271321
33165.48383,0.4820630003,3.388773297,2.079094365
33202.69328,0.2142972972,3.440907096,2.767846182
33240.15574,-0.1671707912,2.918430697,2.74731313
33277.61821,-0.4738212524,2.056039652,1.988176318
33316.12489,-0.5452168045,1.257032578,0.8072047646
33333.45953,-0.4780153827,1.046591958,0.3030484531
33340.89508,-0.4314276432,0.9961860302,0.1137972729
33345.68198,-0.3963539666,0.9749567655,0.003452209946
33358.64373,-0.2843984383,0.9647259268,-0.2418866953
33365.87403,-0.21298798,0.9994995651,-0.3404968772
33370.92572,-0.1599982362,1.041882377,-0.3916009546
33375.9774,-0.1049788084,1.095955498,-0.4273843033
33395.15157,0.1131962982,1.398697923,-0.4177744239
33408.90007,0.2667112437,1.695361549,-0.2687200403
33430.64708,0.4755289644,2.248406738,0.1863066217
33452.39408,0.6104825217,2.822178627,0.8437548373
33477.83721,0.6413492947,3.388462776,1.723215191
33505.05758,0.5120918412,3.723447477,2.574705906
33535.40202,0.2076130336,3.652555086,3.138752143
33566.25408,-0.1786667271,3.111561075,3.097628147
33597.10614,-0.5122825423,2.266771033,2.428433689
33630.91798,-0.6796500717,1.325843203,1.224636342
33644.90324,-0.66742738,1.02300348,0.6888006989
33650.52943,-0.6484985612,0.9182779466,0.4806585305
33656.15562,-0.6221765822,0.8097774401,0.2804079417
33672.28084,-0.5133938862,0.4911526775,-0.2316745584
33688.40607,-0.3712775479,0.1914350785,-0.6247453976
33708.84025,-0.1741315406,-0.1115616708,-0.9233693291
33730.08988,0.01751853156,-0.2902860411,-0.9985247563
33753.73126,0.1842696579,-0.2893670937,-0.8441234258
33778.56163,0.2933039765,-0.03505728421,-0.4953048087
33804.93541,0.3486187792,0.5678235854,-0.01467410792
33814.14143,0.3606098953,0.8797257214,0.1662553512
33819.20601,0.367174166,1.076097528,0.2678715247
33822.0533,0.3709771007,1.184502979,0.3256656679
33837.54881,0.3896930213,1.706496421,0.6482824957
33853.04431,0.397558646,2.12722405,0.9794776615
33873.46274,0.379199974,2.542983075,1.406616179
33895.97612,0.3132144454,2.825547593,1.81938645
33922.23762,0.1802281152,2.927337318,2.149185415
33950.08837,-0.000135487534,2.792324653,2.248189123
33977.93912,-0.1768141982,2.471969859,2.065486949
34006.65243,-0.3048375022,2.056862451,1.633783366
34038.40881,-0.3368447786,1.655367033,1.019352013
34070.96166,-0.2361058274,1.463851683,0.4656568289
34103.5506,-0.03370778923,1.580379064,0.2039811496
34136.13955,0.1962335672,1.974634609,0.3481765957
34168.72849,0.3661726384,2.506825781,0.8593550205
34203.4969,0.405594159,3.002422668,1.60248305
34238.83617,0.2732148956,3.209634951,2.247430215
34276.68962,-0.0009487236966,2.984041912,2.484267776
34314.54307,-0.2792109119,2.391968831,2.115140757
34352.39652,-0.4183825545,1.721307851,1.301793879
34391.05594,-0.3362061621,1.310157213,0.4270793903
34429.71536,-0.06100877619,1.407014492,-0.02825211181
34468.37478,0.2687756172,1.984284448,0.2003108107
34507.0342,0.478770578,2.755206467,1.022927827
34545.83226,0.4499531128,3.316510411,2.029886667
34585.41411,0.1782388384,3.346414263,2.69018738
34624.99596,-0.1979177403,2.786364351,2.594653837
34664.57781,-0.472371039,1.921920264,1.759775763
34705.07844,-0.482687854,1.213081934,0.5930242454
34745.57907,-0.2007158385,1.102806126,-0.225228283
34781.72093,0.1775514751,1.596256002,-0.2462346844
34817.86279,0.4967037129,2.440266007,0.4539749122
34855.39846,0.6024027081,3.278046529,1.623010652
34892.93414,0.415792164,3.655719937,2.676017001
34932.24511,-0.003202513283,3.330397805,3.070705397
34971.55607,-0.4319674826,2.414421405,2.495809008
35010.86704,-0.633316168,1.386671436,1.22264413
35027.56411,-0.6136198195,1.059054648,0.6284527828
35032.28073,-0.5960890979,0.9866538101,0.4680527506
35035.19956,-0.5826976358,0.943681427,0.3716022432
35053.0563,-0.4648050409,0.6906052414,-0.1538659648
35067.79031,-0.3331669242,0.5282591401,-0.4787209781
35088.75661,-0.118909203,0.4483726608,-0.7346731867
35109.7229,0.1020400752,0.6486451029,-0.7332006287
35118.84796,0.1963881325,0.8566512081,-0.653077672
35124.56713,0.2548425146,1.032395524,-0.5789287189
35127.56524,0.2852765707,1.132039997,-0.5327860425
35145.20794,0.4543931429,1.724665908,-0.1639865923
35162.85063,0.5886750811,2.307958112,0.3499429919
35182.68735,0.6734031177,2.905485631,1.043245584
35206.09203,0.6613212133,3.451289385,1.900828784
35231.82675,0.504644828,3.755440904,2.70965944
35260.62337,0.1898814459,3.657512846,3.220041827
35289.99037,-0.1937250235,3.113659577,3.151772196
35319.35737,-0.5242078757,2.28392888,2.492536157
35352.30506,-0.7030710985,1.329108372,1.286683189
35365.87125,-0.6974781882,1.015307742,0.7462627661
35370.35366,-0.6849337798,0.9235737396,0.5719786852
35372.82056,-0.6758840032,0.8713618044,0.4778128082
35389.5341,-0.5806539387,0.4944722763,-0.111763126
35406.24763,-0.44367737,0.1048485626,-0.5854263817
35426.71011,-0.2546845566,-0.3486592216,-0.9714889517
35448.87164,-0.06746933059,-0.7910725289,-1.149115821
35457.43117,-0.008816993093,-0.9528837554,-1.159991557
35461.51747,0.01554936604,-1.02912506,-1.155892914
35463.55328,0.02675586658,-1.064400311,-1.151863276
35475.38281,0.08003147101,-1.227491799,-1.106387342
35487.21234,0.1142478261,-1.336671172,-1.032744145
35503.71147,0.1330322552,-1.436321949,-0.9058490771
35522.33517,0.1188754492,-1.520328452,-0.7618158722
35545.62773,0.05993195232,-1.637815953,-0.6308399847
35571.9122,-0.03948477708,-1.828218832,-0.6023179112
35598.19667,-0.1442204583,-2.082374301,-0.7258120716
35627.80683,-0.2314713572,-2.400644542,-1.023907964
35658.8165,-0.255289784,-2.685908057,-1.428347073
35692.35945,-0.1899744356,-2.837800038,-1.819211009
35728.72876,-0.03848894956,-2.752249,-2.010516928
35765.09806,0.130098865,-2.440975527,-1.864279578
35801.46736,0.2364029319,-2.043992492,-1.435593035
35839.66891,0.2232202209,-1.738254785,-0.8923243478
35878.33191,0.08163181064,-1.710582567,-0.5277723683
35916.99491,-0.1192227916,-1.994365731,-0.5530870251
35955.65791,-0.2743613513,-2.452287089,-0.9734181491
35995.4962,-0.2965637758,-2.855385249,-1.600227888
36035.66435,-0.1587043426,-2.958111712,-2.082215052
36077.00923,0.07519101036,-2.669065616,-2.12217932
36118.3541,0.2653631214,-2.135741209,-1.653903082
36159.69898,0.2934070185,-1.671331214,-0.937273615
36201.04385,0.1338565242,-1.563040306,-0.3972357452
36242.38873,-0.125481858,-1.895325049,-0.3727242764
36283.7336,-0.3313361643,-2.48788227,-0.9052205224
36325.47663,-0.3543814811,-2.995435525,-1.705497364
36367.21966,-0.1681574622,-3.092629551,-2.286799124
36409.31748,0.1247670169,-2.692665126,-2.273111169
36443.98659,0.318251308,-2.140537003,-1.780707273
36483.46965,0.3692201224,-1.577279493,-0.949619337
36522.9527,0.207309188,-1.386733537,-0.2662011332
36562.43576,-0.08741761222,-1.693693997,-0.11971778
36601.91882,-0.3567268151,-2.350977736,-0.6183892049
36642.14721,-0.4482728237,-3.018203463,-1.532895895
36682.3756,-0.2939471762,-3.298814592,-2.350473358
36724.01024,0.04140972652,-2.991273872,-2.587212628
36765.64488,0.3585446133,-2.23583692,-2.03115962
36807.27952,0.4601950002,-1.476950861,-0.9854722152
36848.91416,0.2722749821,-1.184216801,-0.07211205882
36882.79161,-0.028988817,-1.445254183,0.1661397448
36916.66907,-0.3375289997,-2.069555472,-0.1890760887
36953.94534,-0.5338533175,-2.882331242,-1.11264849
36991.22161,-0.4802768687,-3.438156648,-2.166004028
37029.85121,-0.178585095,-3.43584867,-2.839542113
37068.48081,0.2246630496,-2.821222895,-2.713223721
37107.1104,0.5182361465,-1.894289473,-1.816376909
37146.80312,0.5356598586,-1.122845242,-0.5604874514
37157.00091,0.4867193177,-1.013463989,-0.266980645
37165.77742,0.4286978217,-0.9511599368,-0.0423227335
37170.43093,0.3926758874,-0.9272181553,0.06388662218
37188.86826,0.2216743399,-0.9277882763,0.3789329799
37196.43577,0.1413674096,-0.9891601386,0.4532143933
37202.86711,0.06971207935,-1.071356952,0.4888901578
37205.99495,0.03402467586,-1.117822459,0.4968379349
37221.62975,-0.1473015227,-1.406759492,0.4424734374
37237.26456,-0.3213058088,-1.773438282,0.2340212368
37258.00362,-0.5135140367,-2.328974067,-0.252646927
37278.74268,-0.6328623663,-2.887295514,-0.9130496347
37303.83522,-0.6508865495,-3.444305766,-1.801287848
37330.46646,-0.5115235916,-3.759101403,-2.638951603
37360.46133,-0.1987346085,-3.668388149,-3.186828414
37390.78117,0.1893802512,-3.115204661,-3.128578474
37421.10101,0.5232644506,-2.265995205,-2.452177283
37454.6978,0.6939354,-1.310896827,-1.231800389
37468.61999,0.6824164994,-1.001802225,-0.6869959884
37471.28688,0.6744487987,-0.9496628392,-0.5852788007
37472.76633,0.6692629968,-0.9201361923,-0.5294814287
37487.26309,0.592951908,-0.6150841334,-0.01561038373
37501.75985,0.4810703943,-0.3011362667,0.4166518979
37520.45655,0.3093332815,0.07924310777,0.8203997474
37540.06133,0.1273192923,0.4155819937,1.044025755
37563.24696,-0.05133969326,0.7153637903,1.069508319
37586.89907,-0.1610951693,0.9434562748,0.9042806501
37594.27048,-0.1772888015,1.011025261,0.8302445318
37599.9366,-0.1836927773,1.05907938,0.7701445817
37621.34176,-0.1650476368,1.208586736,0.5467184569
37638.34762,-0.1102508881,1.330423968,0.4087258792
37662.75118,0.008680326035,1.559551215,0.3299498225
37687.15474,0.1447298459,1.866322753,0.4278238781
37713.84211,0.2727376884,2.25907528,0.7319584425
37742.87383,0.3450625978,2.67105629,1.222365226
37773.62696,0.3171430484,2.973390568,1.77196673
37807.07872,0.170834357,3.035883158,2.194685364
37841.61919,-0.05063403665,2.781809887,2.260416547
37876.15966,-0.2524120239,2.303329823,1.908001342
37911.05486,-0.3470371693,1.794298131,1.264941205
37947.54216,-0.2794514619,1.475653432,0.5778109469
37984.02946,-0.06695294125,1.534753577,0.1996795682
38020.51677,0.1950233545,1.960489694,0.3260336255
38057.00407,0.3829935807,2.565223472,0.9190897107
38094.72887,0.4006887885,3.078841596,1.741544207
38132.83679,0.2197253837,3.213399805,2.373749725
38172.42452,-0.087933591,2.852754815,2.459148351
38212.01225,-0.3522826051,2.160136885,1.890023258
38251.59998,-0.4226679998,1.50836403,0.9539430122
38291.1877,-0.2500039206,1.265642031,0.1587925616
38325.42407,0.03273004242,1.514205107,-0.05879323767
38359.66044,0.3203939545,2.103700135,0.2848689415
38397.23259,0.4981378301,2.860978301,1.156998442
38434.80474,0.4393329261,3.365324953,2.135677196
38473.80758,0.1494652088,3.336704513,2.73849544
38512.81041,-0.2272630976,2.737146612,2.577924172
38551.81324,-0.4893860061,1.86632105,1.704647214
38591.70208,-0.4847580998,1.176711201,0.5366177059
38616.84766,-0.3283988094,1.037853402,-0.04756678844
38646.99545,-0.03393755222,1.247412436,-0.3569602659
38677.14324,0.2880279595,1.810615317,-0.1344544045
38708.90223,0.5411252121,2.594756181,0.6135722244
38741.1194,0.6113602891,3.307583935,1.652481502
38774.98607,0.4470984146,3.672357604,2.633652005
38810.72645,0.07474904204,3.453163497,3.101759586
38846.46683,-0.3411392526,2.689666303,2.753914821
38882.20721,-0.610780382,1.709707119,1.714318083
38902.09736,-0.6446569916,1.23487425,0.9932888351
38914.85404,-0.6161721232,1.001416418,0.5374272083
38917.66055,-0.604686521,0.9575316243,0.4412736606
38919.19134,-0.597668608,0.9334042891,0.3897018973
38934.13616,-0.5046523201,0.6998489331,-0.07235498574
38949.08098,-0.377575591,0.4964857577,-0.43770211
38968.7239,-0.1826148199,0.3364839719,-0.7368529602
38989.09714,0.02698831298,0.3792658334,-0.8133130083
39011.61267,0.2465466875,0.7926335713,-0.6287974593
39017.67803,0.3029122117,0.9905356357,-0.5337427356
39022.35173,0.3457339975,1.160368694,-0.4479225319
39024.58672,0.3659192438,1.241344663,-0.4030777691
39039.89242,0.4943821956,1.786544781,-0.03344120908
39055.19812,0.5948642611,2.304558335,0.4300978566
39073.80819,0.6617255355,2.867172372,1.075899595
39095.41371,0.6470113009,3.373143666,1.849757025
39119.91503,0.5070205532,3.682563606,2.611101808
39147.35357,0.2245765047,3.638478863,3.126690978
39176.02243,-0.1373461658,3.174099501,3.135418192
39204.69129,-0.464463483,2.41713598,2.586662011
39236.25066,-0.6676625419,1.512484983,1.517386625
39252.05235,-0.6811710181,1.132194648,0.907363497
39258.3763,-0.6686162411,1.005864416,0.6664980428
39261.5176,-0.6585923889,0.9470591808,0.549326413
39262.90454,-0.6533979723,0.9205933066,0.4982729882
39276.77398,-0.5785728143,0.6447178775,0.01869455056
39290.64341,-0.4712670262,0.3665168991,-0.3855928291
39308.91908,-0.3024506722,0.03426672531,-0.7724395961
39328.27744,-0.118036159,-0.2355846155,-0.9857403174
39350.81362,0.0696017265,-0.4072202227,-0.9956768833
39374.03028,0.2066799845,-0.4078337518,-0.79586069
39399.35286,0.2819625193,-0.2078285352,-0.4324588676
39425.5057,0.2938439374,0.2164421051,-0.003947823196
39453.40838,0.2764413667,0.9675755986,0.4340175172
39459.96685,0.2745282224,1.18684193,0.5321381194
39466.52532,0.2739949764,1.385313573,0.6293924184
39487.27421,0.2734640709,1.894659176,0.9339990958
39503.60947,0.2659170659,2.19151867,1.167582993
39527.47615,0.2323449332,2.487268234,1.479244352
39551.99835,0.1660785974,2.637079554,1.726719057
39580.65414,0.05709572559,2.63531176,1.871496911
39609.30993,-0.06141786073,2.481879515,1.830091834
39637.96572,-0.1575341072,2.241240294,1.616221553
39670.45877,-0.2046669359,1.965647512,1.244967701
39703.97745,-0.1656319132,1.793872887,0.8620095862
39739.9805,-0.04003018214,1.824061089,0.6273090945
39775.98355,0.1176794798,2.07311033,0.6898091503
39811.98659,0.2350389947,2.435454054,1.033920414
39849.79809,0.2532893617,2.758596314,1.535111785
39888.51001,0.1468061603,2.856403145,1.938273824
39928.99033,-0.04376817855,2.640584071,2.003842776
39969.47066,-0.208825345,2.210292826,1.652115283
40009.95098,-0.2502791045,1.807118677,1.06838434
40051.09123,-0.1346987328,1.669638606,0.5780737008
40092.23149,0.07801983597,1.902544692,0.4914147412
40133.37175,0.2641499911,2.383877964,0.881488711
40174.512,0.3097213103,2.835138881,1.53668883
40215.88328,0.1788350793,2.981426231,2.076148455
40258.52478,-0.06584343647,2.700710633,2.154311274
40301.16628,-0.2704165646,2.141187565,1.674392226
40343.80779,-0.3001844729,1.650651091,0.9177759655
40386.44929,-0.1265783377,1.550649098,0.3600924436
40429.09079,0.1486928852,1.926714972,0.3733004996
40471.7323,0.3526390177,2.560411835,0.9791418604
40514.3738,0.3493095039,3.054754214,1.8164633
40557.01531,0.1298604849,3.081992958,2.354934866
40599.65681,-0.1749676378,2.599683999,2.229744525
40634.89193,-0.3530785005,2.012703507,1.644315284
40675.36423,-0.3609713725,1.477186821,0.7630736407
40715.83652,-0.1482056186,1.393288425,0.1444948001
40751.98989,0.1377390007,1.765792121,0.1277572566
40788.14327,0.3791554143,2.403729218,0.6565816443
40827.23968,0.4577484824,3.057782897,1.578060872
40866.33608,0.2979152035,3.32438896,2.384494955
40907.10459,-0.03925715141,3.014868741,2.621987648
40947.87309,-0.3606172401,2.260753565,2.077640665
40988.6416,-0.4742999106,1.487864573,1.03546378
41029.4101,-0.3021886818,1.154768938,0.08984595806
41064.00865,0.00674092682,1.391900358,-0.2057490902
41098.6072,0.3329535536,2.029359289,0.1318729474
41135.77146,0.5430988349,2.862646102,1.058843636
41172.93572,0.5008605911,3.451313924,2.141872693
41211.36553,0.2028988661,3.481624991,2.861792526
41249.79535,-0.2083967091,2.882989791,2.780386814
41288.22516,-0.5202150899,1.943013555,1.9026128
41327.90659,-0.5583464119,1.12596775,0.6166690781
41338.60607,-0.5104385608,0.9980965356,0.2944698358
41349.30555,-0.4400734758,0.9054652804,0.009846594739
41375.72847,-0.1965359832,0.8535526076,-0.4625161796
41384.94247,-0.09629929818,0.9347590503,-0.534488645
41390.45517,-0.03388846285,1.017326633,-0.5523793249
41393.4532,0.0006680468863,1.07021021,-0.5539981391
41407.40528,0.1634438865,1.35816114,-0.4852771584
41421.35735,0.3203562704,1.703707171,-0.2931369304
41440.32332,0.5031098748,2.229491492,0.1459598913
41459.47159,0.6282563495,2.768475735,0.7481912714
41482.50828,0.6739045802,3.332245428,1.576115024
41507.59183,0.5808747564,3.72379883,2.432311958
41535.87809,0.3194651853,3.777317346,3.103021977
41565.85573,-0.06155104782,3.361824624,3.257768438
41595.83337,-0.4310609752,2.579908646,2.773219664
41626.96091,-0.6730765595,1.641306697,1.740174128
41643.43738,-0.7095674705,1.202832143,1.085795385
41651.50987,-0.7012995365,1.022011813,0.7635971054
41656.91588,-0.6861273512,0.9100423736,0.5525938243
41659.47757,-0.6763895819,0.8549621526,0.4547254037
41675.85542,-0.5816443647,0.4803193349,-0.1232881395
41692.23326,-0.4472436062,0.0923769289,-0.589318369
41712.35084,-0.2618104856,-0.3649063386,-0.9747878795
41734.2739,-0.07691673386,-0.822632477,-1.160552808
41742.43891,-0.02088572026,-0.9871304458,-1.175761519
41747.31239,0.008069838267,-1.079740575,-1.173440738
41749.58376,0.02039496518,-1.118135044,-1.169788836
41761.88473,0.07478225641,-1.281352102,-1.126268451
41774.18571,0.1095096561,-1.388189635,-1.052898748
41791.18739,0.1281030054,-1.482541521,-0.9264339133
41810.32129,0.1134563326,-1.561451753,-0.783665853
41834.213,0.0541198259,-1.67508528,-0.6564377328
41860.94627,-0.04381728057,-1.86186127,-0.634643217
41887.67954,-0.1452292666,-2.111473044,-0.7637885425
41917.9668,-0.2269833091,-2.422211495,-1.065284513
41949.43577,-0.2431569037,-2.690280463,-1.460351488
41983.61705,-0.1708632928,-2.818253899,-1.828007589
42020.38382,-0.01892342701,-2.708654661,-1.980675068
42057.15059,0.1409686295,-2.389166244,-1.801446169
42093.91736,0.2315108189,-2.007354586,-1.362983432
42132.40898,0.2013381292,-1.740376364,-0.8467003722
42171.46302,0.05126246565,-1.757310742,-0.5380014728
42210.51706,-0.1429659702,-2.068430297,-0.6240962926
42249.57109,-0.2771743268,-2.517774458,-1.077030658
42289.49045,-0.2732013264,-2.870986204,-1.678872943
42330.32247,-0.1175535675,-2.908556324,-2.091425563
42371.15449,0.1065051268,-2.581237256,-2.045054941
42404.69035,0.2497649781,-2.158754568,-1.657511511
42443.82248,0.2853874904,-1.724864655,-1.009132551
42482.9546,0.1570996427,-1.58230153,-0.4817589043
42522.08672,-0.07257849999,-1.823555906,-0.371034558
42561.21884,-0.2823797393,-2.334727692,-0.7580478859
42600.35183,-0.3560634592,-2.848085154,-1.454365746
42639.85752,-0.2446863221,-3.08190409,-2.096958131
42681.21821,0.0128304321,-2.866764137,-2.314028578
42722.57889,0.2659207183,-2.290132323,-1.914328757
42763.93958,0.3596563264,-1.685876545,-1.110445293
42805.30027,0.2285440572,-1.421924854,-0.3729566244
42846.66096,-0.05884101217,-1.677122949,-0.1560655053
42888.02164,-0.3348749379,-2.322188476,-0.6191268411
42929.38233,-0.4302490704,-2.982883405,-1.514074786
42970.74302,-0.2773726728,-3.25616443,-2.316093193
43013.25351,0.0526864514,-2.939185492,-2.525093142
43055.76401,0.355904621,-2.189443588,-1.94735202
43098.27451,0.4355185518,-1.467049908,-0.913443643
43140.785,0.2284075392,-1.238841261,-0.06531030472
43172.81745,-0.05087750875,-1.514458745,0.09911546058
43204.84989,-0.328272311,-2.091039483,-0.2459257638
43241.85234,-0.5125470486,-2.863238729,-1.12843882
43278.85478,-0.4604790306,-3.389934872,-2.129508484
43317.33777,-0.1728163968,-3.388438437,-2.772908156
43355.82076,0.2119699151,-2.804365222,-2.656424088
43394.30375,0.4938206785,-1.920596498,-1.805716146
43433.93895,0.5139616039,-1.178230665,-0.60474135
43451.94297,0.4198055059,-1.020325477,-0.1282520383
43460.28034,0.3570440836,-0.9965191569,0.05229048734
43467.08187,0.2982425661,-1.000985696,0.1757459204
43473.8834,0.2336054001,-1.028248882,0.275321758
43494.09055,0.01779575068,-1.234666667,0.4138396923
43509.06483,-0.1507556061,-1.495692297,0.3543444311
43529.56168,-0.3657660411,-1.962333539,0.05398381052
43551.81604,-0.5433482041,-2.537461548,-0.5126011515
43575.80821,-0.6323452666,-3.12242446,-1.294652536
43602.64106,-0.5810661573,-3.585225462,-2.186637833
43631.80876,-0.356242317,-3.71815877,-2.914575565
43663.30718,0.01112664893,-3.37279164,-3.159679152
43694.80561,0.3829976584,-2.625116042,-2.739550531
43726.30404,0.6255718187,-1.728836217,-1.779645733
43745.39265,0.6676512458,-1.248124452,-1.067164844
43757.552,0.647230506,-1.005414778,-0.6138787556
43760.87468,0.6352571078,-0.9474115339,-0.4941906318
43762.62519,0.6279001565,-0.9163554482,-0.4322005373
43778.10031,0.5355248379,-0.6357619648,0.07303464562
43793.57544,0.4063347858,-0.3711520715,0.4768574851
43813.56775,0.2126480729,-0.1086870577,0.812832661
43834.39155,0.01026646782,0.007143906157,0.9275778217
43857.41252,-0.1855409022,-0.1257484093,0.7972619028
43881.95876,-0.3509514467,-0.6719467891,0.4161092283
43889.36232,-0.3940977054,-0.9422425762,0.2610706192
43898.65217,-0.4458237339,-1.320024348,0.04320141124
43903.43376,-0.4707974348,-1.505155071,-0.07852222358
43918.79904,-0.5374591239,-2.052435557,-0.5075051672
43934.16431,-0.5744676669,-2.523347507,-0.9766491831
43954.42219,-0.5648717886,-3.009951443,-1.606242573
43976.65052,-0.4717534504,-3.337816251,-2.225329499
44002.59933,-0.2670740018,-3.41686975,-2.723411747
44030.25381,0.01824971837,-3.151689045,-2.864820101
44057.90829,0.3001354317,-2.611169064,-2.561876969
44086.79404,0.5075745973,-1.920083562,-1.852033876
44118.21458,0.5585596885,-1.267077102,-0.8619003951
44135.58118,0.497510519,-1.039536662,-0.3402464596
44143.62077,0.448903763,-0.9766292744,-0.1271474812
44148.5113,0.4137082178,-0.9479338022,-0.009643897628
44169.82304,0.2211389009,-0.9396104722,0.3687897575
44176.94699,0.1458979629,-0.9980752836,0.4395536745
44182.08937,0.08910346764,-1.060533745,0.4715338723
44184.57712,0.0610452851,-1.094880304,0.4810901223
44199.49008,-0.1110014774,-1.352513351,0.4556588098
44214.40303,-0.2792752262,-1.685470379,0.2892548267
44234.54571,-0.4757579899,-2.211340345,-0.1390610018
44255.04252,-0.6109576675,-2.76652956,-0.7590314415
44279.0417,-0.6566394586,-3.331601461,-1.59910926
44305.12698,-0.5552951847,-3.710371133,-2.458884105
44334.27431,-0.2821170867,-3.727386914,-3.098696218
44364.82402,0.1011106128,-3.269992148,-3.190239464
44395.37373,0.458958671,-2.463384916,-2.639148852
44427.56592,0.6744030671,-1.523685624,-1.545159873
44443.5722,0.6902086136,-1.130079184,-0.9198285034
44449.6212,0.6788759408,-1.006046061,-0.6861466173
44452.72944,0.6693817331,-0.9459833721,-0.5683494138
44454.10239,0.6644247024,-0.9189017447,-0.5169608733
44467.83196,0.5920991113,-0.6348573436,-0.03270914052
44481.56152,0.4874068104,-0.3437699025,0.3789128492
44499.58346,0.3227390417,0.01438641886,0.7786222484
44518.6711,0.1429583572,0.3304741561,1.012665253
44541.21003,-0.04021730526,0.5962262773,1.055515736
44564.45876,-0.1660143591,0.7595538297,0.8982904521
44590.23376,-0.2124582906,0.8787259668,0.6017666389
44601.95793,-0.2006058599,0.946410853,0.4618282241
44609.47808,-0.1825954841,1.005912045,0.3793093759
44613.84444,-0.1685582837,1.044905871,0.3355847699
44634.65251,-0.07194476384,1.252917245,0.1887122384
44650.83381,0.02625326508,1.454256166,0.1652779229
44671.48635,0.1604204557,1.766023962,0.2695130015
44693.94468,0.2909544946,2.1529967,0.5480632461
44719.53268,0.3863440543,2.594685674,1.024230333
44746.87142,0.396891157,2.973664774,1.607083089
44776.93362,0.2918055315,3.171648456,2.158555431
44809.55836,0.073920074,3.05821999,2.448503789
44842.18311,-0.1744217371,2.640177325,2.300192006
44874.80785,-0.3589614317,2.069155196,1.754026919
44910.06639,-0.4027384887,1.528732299,0.944153532
44945.32492,-0.2603131289,1.307480125,0.2525131734
44980.58345,0.01246304704,1.51899405,-0.005096908092
45015.84198,0.2987977037,2.087357288,0.3059925801
45052.8554,0.4744981874,2.804755991,1.115727
45089.86881,0.4320995277,3.302815771,2.046997617
45128.39734,0.1692423366,3.315167323,2.657939018
45166.92587,-0.1878529897,2.783335813,2.566972688
45205.4544,-0.4532917211,1.964863546,1.789024544
45245.23019,-0.4773905858,1.267347093,0.6722243341
45285.00597,-0.2228799322,1.117168147,-0.1513520399
45320.34899,0.1341761525,1.542196701,-0.2395891454
45355.692,0.4536033292,2.324715052,0.3567779253
45392.80593,0.5899618155,3.161328058,1.455011573
45429.91985,0.447970554,3.606026037,2.520343882
45468.83238,0.06469844853,3.394945296,3.026596929
45507.74492,-0.3635182615,2.575000595,2.611676514
45546.65745,-0.606111581,1.562415724,1.456578914
45566.5039,-0.6066543297,1.149299426,0.7643052238
45576.17289,-0.5739228043,1.001219126,0.4422302708
45579.13045,-0.559725078,0.9623889024,0.3482586998
45580.59808,-0.551990169,0.9432225438,0.3026024551
45595.27429,-0.4525503432,0.7647481669,-0.1103805613
45609.95051,-0.3219594733,0.6385075309,-0.4249939614
45629.12822,-0.124057955,0.6211881859,-0.6570173491
45649.02001,0.09428843818,0.8805647077,-0.6645990667
45654.46839,0.1547947624,1.018002115,-0.6244623246
45658.48919,0.1994867583,1.131022085,-0.5832027049
45676.89559,0.3958619757,1.681389352,-0.271376399
45695.30199,0.5577677555,2.257691076,0.2207534714
45715.46199,0.6675196037,2.859936496,0.906847756
45739.27004,0.680002564,3.436384486,1.790598234
45765.22979,0.5412542729,3.782741825,2.649223952
45794.28627,0.2324929428,3.728330882,3.230760379
45824.23342,-0.1642852336,3.198745777,3.222032107
45854.18056,-0.5161390534,2.34859979,2.579630542
45886.9427,-0.7136384284,1.36954855,1.376745303
45900.6383,-0.7157636113,1.035036283,0.819299401
45903.62251,-0.7094904152,0.9714583825,0.6995464394
45905.53984,-0.7042135653,0.9299836845,0.6233646265
45919.70064,-0.6385312847,0.5992632608,0.08884856309
45933.86144,-0.536387468,0.242445848,-0.3737291487
45951.78954,-0.3789259748,-0.2185415688,-0.8234254639
45970.27628,-0.2137423063,-0.6886054368,-1.114062846
45979.59458,-0.138978042,-0.9258874118,-1.197487611
45984.94371,-0.1004907663,-1.061692071,-1.228470514
45987.55459,-0.08302507938,-1.121745821,-1.239531777
46002.52157,0.001307206609,-1.381412912,-1.258646467
46014.87617,0.05199726448,-1.512691669,-1.228720536
46031.50906,0.09534667908,-1.614068437,-1.144776226
46050.4174,0.112789026,-1.673493682,-1.018424345
46073.06376,0.09491103643,-1.725766163,-0.8689425038
46099.94999,0.03225918148,-1.820338441,-0.7545158035
46128.42684,-0.05913034662,-1.989727391,-0.7595721901
46156.90369,-0.1460269458,-2.217326135,-0.9081983674
46188.86878,-0.203503421,-2.483063567,-1.203759356
46221.93435,-0.1937953362,-2.681743791,-1.548598834
46258.39399,-0.1028368464,-2.723692306,-1.818058246
46295.06736,0.03420222926,-2.556830371,-1.843411956
46331.74073,0.1529260911,-2.253414319,-1.599692494
46368.4141,0.1950672888,-1.955038724,-1.193026152
46407.06956,0.1309996037,-1.805128907,-0.7973369149
46446.30213,-0.01753885917,-1.913397473,-0.6454857366
46485.5347,-0.1725189818,-2.236759568,-0.8402896705
46524.76727,-0.2486758861,-2.607174745,-1.291086972
46564.91072,-0.1975369339,-2.824295285,-1.770385454
46607.38061,-0.02826795585,-2.732039775,-1.995588482
46649.85049,0.1577829437,-2.352881362,-1.776854798
46692.32037,0.2418619095,-1.915475683,-1.23137708
46735.01937,0.163685607,-1.697815226,-0.6904580544
46777.71837,-0.03544410136,-1.855588929,-0.5081887328
46820.41737,-0.23257913,-2.30624389,-0.8220537916
46863.11637,-0.2995326575,-2.772551302,-1.454501247
46905.81537,-0.1858850758,-2.952378032,-2.011555707
46949.90014,0.05199595905,-2.699711024,-2.12154039
46993.98491,0.2559269758,-2.152625336,-1.661058019
47038.06968,0.2832129801,-1.672757085,-0.916777538
47082.15445,0.1053093773,-1.595184736,-0.3870968933
47126.23922,-0.1661965221,-1.995572463,-0.4495882721
47170.32399,-0.3489491983,-2.623670865,-1.093618925
47214.40876,-0.3118691424,-3.058234518,-1.906373449
47258.63121,-0.06754489131,-2.987447004,-2.33614408
47302.85366,0.2259904723,-2.430655706,-2.060564784
47347.07611,0.3675304882,-1.747884078,-1.232216924
47391.29856,0.2503734362,-1.406509711,-0.3960946819
47430.59414,-0.02020694489,-1.605333511,-0.1223017464
47469.88973,-0.3017117011,-2.195007191,-0.4800934988
47509.18531,-0.4387542187,-2.868001008,-1.302126079
47548.4809,-0.3483776733,-3.255624254,-2.155753251
47589.28054,-0.05685781464,-3.113834527,-2.572305531
47630.08018,0.2737277576,-2.476390078,-2.244526726
47670.87983,0.4485234778,-1.697694616,-1.329824578
47711.68111,0.3555404595,-1.234226328,-0.3430249084
47748.16612,0.07640994277,-1.332525037,0.1187163448
47784.65114,-0.2597291632,-1.896339401,-0.07299091005
47821.13615,-0.4941741766,-2.676209406,-0.8557294599
47859.22951,-0.504773786,-3.326691785,-1.9238847
47897.32286,-0.2609635279,-3.468981523,-2.71019093
47936.79052,0.1361511446,-2.978588593,-2.778648451
47976.25818,0.4677038216,-2.081465807,-2.017122885
48015.72584,0.5452856466,-1.258772924,-0.8102808346
48033.15808,0.4778896732,-1.046873732,-0.3032391979
48040.62932,0.4310634916,-0.9963147223,-0.1131794488
48045.45173,0.3956935672,-0.9750768464,-0.002155052355
48058.00082,0.2875292622,-0.96446631,0.2361780352
48066.11847,0.2072830591,-1.004114082,0.3463605611
48070.48085,0.1614467654,-1.041157415,0.3899581058
48090.42723,-0.06251122425,-1.316720679,0.440204556
48104.89703,-0.2264079127,-1.610613111,0.3196927765
48126.36344,-0.441802064,-2.143016614,-0.08564900191
48147.82984,-0.5911740541,-2.712934062,-0.7040716085
48172.41561,-0.6469207249,-3.290120633,-1.545863451
48199.15075,-0.5514586807,-3.683037186,-2.418621367
48228.78583,-0.2808908285,-3.707330933,-3.066250252
48259.84839,0.1022536176,-3.249759906,-3.158083174
48290.91094,0.4585973216,-2.439182871,-2.597333594
48323.50049,0.6666128524,-1.50586572,-1.497574566
48340.01233,0.6767954458,-1.113984632,-0.8625687549
48345.80798,0.6638551594,-1.000783869,-0.6434778172
48348.30423,0.6556611993,-0.9547230937,-0.5509292068
48349.40658,0.6515581942,-0.9340614408,-0.5104933618
48360.43007,0.5956931245,-0.7200791456,-0.1248547296
48373.06326,0.5044384235,-0.4707596558,0.2619912435
48388.9934,0.3626323281,-0.1774083177,0.6421280989
48407.21315,0.1865646596,0.09327483442,0.9102997744
48427.73236,-0.0008015868909,0.2763773396,0.9999625771
48450.04117,-0.1647668331,0.2969174067,0.877298754
48474.00451,-0.280478138,0.08660539582,0.5617295264
48499.28437,-0.3430661868,-0.4355293209,0.1121640276
48509.11315,-0.357612705,-0.7404658778,-0.07937539498
48516.08384,-0.3671010252,-0.9998577284,-0.2189774434
48520.71358,-0.3736286288,-1.179155438,-0.3133791026
48525.34333,-0.3801225345,-1.347818729,-0.4091575038
48544.02431,-0.3997774208,-1.930685754,-0.807288652
48559.30726,-0.3998993833,-2.303625084,-1.137747797
48581.37743,-0.3630925289,-2.689233435,-1.589368271
48604.38619,-0.274456748,-2.902181499,-1.973485228
48631.65557,-0.1157148556,-2.913679597,-2.23451315
48659.10024,0.06902623773,-2.698907465,-2.227493498
48686.54492,0.2325799458,-2.335167378,-1.951653673
48717.18995,0.3369267394,-1.887450896,-1.415788122
48749.17885,0.3199516408,-1.541511165,-0.7875327336
48782.28735,0.170018556,-1.458573366,-0.3070546472
48815.39584,-0.06031419596,-1.701258127,-0.195126472
48848.50434,-0.2826776283,-2.187896966,-0.5117576425
48883.62945,-0.4114047174,-2.766333886,-1.193250913
48918.86694,-0.3691708622,-3.15965111,-1.948124879
48956.33919,-0.1501647734,-3.168832631,-2.45519151
48993.81145,0.1467663109,-2.736069257,-2.395399624
49031.2837,0.3752138267,-2.059517198,-1.772615475
49070.38354,0.4132510142,-1.45121378,-0.8368657611
49109.48337,0.2176145498,-1.275399716,-0.1024481491
49142.36073,-0.0603114049,-1.557183599,0.04857558257
49175.23809,-0.3322173093,-2.138881056,-0.3173791526
49212.82735,-0.5002078339,-2.891809944,-1.20410731
49250.41662,-0.4299303407,-3.37569334,-2.174194903
49289.52654,-0.1316614483,-3.318087342,-2.747219287
49328.63646,0.2445304194,-2.69532849,-2.546496393
49367.74637,0.4959603099,-1.821759941,-1.644604933
49407.60231,0.475342513,-1.157041861,-0.4824575064
49434.11577,0.2991156771,-1.042918688,0.1048155035
49464.33476,-0.003954498246,-1.298431378,0.3563975288
49494.55375,-0.3223677178,-1.893981089,0.07161526754
49526.84639,-0.5610563044,-2.695543099,-0.7380089071
49559.13903,-0.6031365554,-3.377033426,-1.787530762
49593.4033,-0.4077174331,-3.677928529,-2.731429076
49629.32596,-0.0177668085,-3.37641076,-3.1008626
49665.24862,0.390332737,-2.557296386,-2.642165382
49701.17128,0.6273965022,-1.578878574,-1.532007584
49719.62416,0.6394487387,-1.162626292,-0.8603127273
49728.81151,0.6147680215,-1.001804389,-0.5349257477
49731.61488,0.6032439852,-0.9582177083,-0.4391060922
49732.97541,0.5970089479,-0.9369103919,-0.3933500273
49746.58062,0.5141777511,-0.7251377933,0.030460098
49760.18902,0.4018902923,-0.5358683817,0.3762561057
49778.61803,0.2222042712,-0.3652621824,0.6905345812
49797.91219,0.02289615965,-0.3595986507,0.8116664853
49819.50659,-0.1925909324,-0.6639315074,0.6968103075
49828.93631,-0.282081508,-0.9341267241,0.5681992528
49833.27422,-0.322516231,-1.089301192,0.4937365221
49835.76441,-0.3454902637,-1.179042146,0.4467128031
49851.48863,-0.4813129563,-1.737880298,0.08113930725
49867.21284,-0.5889671235,-2.271725401,-0.3873623924
49885.86458,-0.6613458696,-2.840950588,-1.031909179
49907.75648,-0.6520873277,-3.36302309,-1.819768082
49932.35739,-0.5158413732,-3.68508258,-2.594399336
49959.97526,-0.2335224246,-3.651488689,-3.127641588
49988.83179,0.1317663233,-3.189528735,-3.148266826
50000,0.2701749526,-2.919067422,-2.999249527
