time,core.port_p.Phi,core.port_p.Phiˍt,voltageSensor.v,magFluxSensor.Phi
0,0,0,0,0
0.0001002004008,0,0,0,0
0.0002004008016,0,0,0,0
0.0003006012024,0,0,0,0
0.0004008016032,0,0,0,0
0.000501002004,0,0,0,0
0.0006012024048,0,0,0,0
0.0007014028056,0,0,0,0
0.0008016032064,0,0,0,0
0.0009018036072,0,0,0,0
0.001002004008,0,0,0,0
0.001102204409,0,0,0,0
0.00120240481,0,0,0,0
0.00130260521,0,0,0,0
0.001402805611,0,0,0,0
0.001503006012,0,0,0,0
0.001603206413,0,0,0,0
0.001703406814,0,0,0,0
0.001803607214,0,0,0,0
0.001903807615,0,0,0,0
0.002004008016,0,0,0,0
0.002104208417,0,0,0,0
0.002204408818,0,0,0,0
0.002304609218,0,0,0,0
0.002404809619,0,0,0,0
0.00250501002,0,0,0,0
0.002605210421,0,0,0,0
0.002705410822,0,0,0,0
0.002805611222,0,0,0,0
0.002905811623,0,0,0,0
0.003006012024,0,0,0,0
0.003106212425,0,0,0,0
0.003206412826,0,0,0,0
0.003306613226,0,0,0,0
0.003406813627,0,0,0,0
0.003507014028,0,0,0,0
0.003607214429,0,0,0,0
0.00370741483,0,0,0,0
0.00380761523,0,0,0,0
0.003907815631,0,0,0,0
0.004008016032,0,0,0,0
0.004108216433,0,0,0,0
0.004208416834,0,0,0,0
0.004308617234,0,0,0,0
0.004408817635,0,0,0,0
0.004509018036,0,0,0,0
0.004609218437,0,0,0,0
0.004709418838,0,0,0,0
0.004809619238,0,0,0,0
0.004909819639,0,0,0,0
0.00501002004,0,0,0,0
0.005110220441,0,0,0,0
0.005210420842,0,0,0,0
0.005310621242,0,0,0,0
0.005410821643,0,0,0,0
0.005511022044,0,0,0,0
0.005611222445,0,0,0,0
0.005711422846,0,0,0,0
0.005811623246,0,0,0,0
0.005911823647,0,0,0,0
0.006012024048,0,0,0,0
0.006112224449,0,0,0,0
0.00621242485,0,0,0,0
0.006312625251,0,0,0,0
0.006412825651,0,0,0,0
0.006513026052,0,0,0,0
0.006613226453,0,0,0,0
0.006713426854,0,0,0,0
0.006813627255,0,0,0,0
0.006913827655,0,0,0,0
0.007014028056,0,0,0,0
0.007114228457,0,0,0,0
0.007214428858,0,0,0,0
0.007314629259,0,0,0,0
0.007414829659,0,0,0,0
0.00751503006,0,0,0,0
0.007615230461,0,0,0,0
0.007715430862,0,0,0,0
0.007815631263,0,0,0,0
0.007915831663,0,0,0,0
0.008016032064,0,0,0,0
0.008116232465,0,0,0,0
0.008216432866,0,0,0,0
0.008316633267,0,0,0,0
0.008416833667,0,0,0,0
0.008517034068,0,0,0,0
0.008617234469,0,0,0,0
0.00871743487,0,0,0,0
0.008817635271,0,0,0,0
0.008917835671,0,0,0,0
0.009018036072,0,0,0,0
0.009118236473,0,0,0,0
0.009218436874,0,0,0,0
0.009318637275,0,0,0,0
0.009418837675,0,0,0,0
0.009519038076,0,0,0,0
0.009619238477,0,0,0,0
0.009719438878,0,0,0,0
0.009819639279,0,0,0,0
0.009919839679,9.054782325e-22,-2.981230204e-18,2.981230204e-18,9.054782325e-22
0.01002004008,7.530985337e-08,0.003757961683,-0.003757961683,7.530985337e-08
0.01012024048,4.518591202e-07,0.003757961683,-0.003757961683,4.518591202e-07
0.01022044088,8.284083871e-07,0.003757961683,-0.003757961683,8.284083871e-07
0.01032064128,1.204957654e-06,0.003757961683,-0.003757961683,1.204957654e-06
0.01042084168,1.581506921e-06,0.003757961683,-0.003757961683,1.581506921e-06
0.01052104208,1.958056188e-06,0.003757961683,-0.003757961683,1.958056188e-06
0.01062124248,2.334605455e-06,0.003757961683,-0.003757961683,2.334605455e-06
0.01072144289,2.711154721e-06,0.003757961683,-0.003757961683,2.711154721e-06
0.01082164329,3.087703988e-06,0.003757961683,-0.003757961683,3.087703988e-06
0.01092184369,3.464253255e-06,0.003757961683,-0.003757961683,3.464253255e-06
0.01102204409,3.840802522e-06,0.003757961683,-0.003757961683,3.840802522e-06
0.01112224449,4.217351789e-06,0.003757961683,-0.003757961683,4.217351789e-06
0.01122244489,4.593901056e-06,0.003757961683,-0.003757961683,4.593901056e-06
0.01132264529,4.970450323e-06,0.003757961683,-0.003757961683,4.970450323e-06
0.01142284569,5.346999589e-06,0.003757961683,-0.003757961683,5.346999589e-06
0.01152304609,5.723548856e-06,0.003757961683,-0.003757961683,5.723548856e-06
0.01162324649,6.100098123e-06,0.003757961683,-0.003757961683,6.100098123e-06
0.01172344689,6.47664739e-06,0.003757961683,-0.003757961683,6.47664739e-06
0.01182364729,6.853196657e-06,0.003757961683,-0.003757961683,6.853196657e-06
0.0119238477,7.229745924e-06,0.003757961683,-0.003757961683,7.229745924e-06
0.0120240481,7.606295191e-06,0.003757961683,-0.003757961683,7.606295191e-06
0.0121242485,7.982844457e-06,0.003757961683,-0.003757961683,7.982844457e-06
0.0122244489,8.359393724e-06,0.003757961683,-0.003757961683,8.359393724e-06
0.0123246493,8.735942991e-06,0.003757961683,-0.003757961683,8.735942991e-06
0.0124248497,9.112492258e-06,0.003757961683,-0.003757961683,9.112492258e-06
0.0125250501,9.489041525e-06,0.003757961683,-0.003757961683,9.489041525e-06
0.0126252505,9.865590792e-06,0.003757961683,-0.003757961683,9.865590792e-06
0.0127254509,1.024214006e-05,0.003757961683,-0.003757961683,1.024214006e-05
0.0128256513,1.061868933e-05,0.003757961683,-0.003757961683,1.061868933e-05
0.0129258517,1.099523859e-05,0.003757961683,-0.003757961683,1.099523859e-05
0.0130260521,1.137178786e-05,0.003757961683,-0.003757961683,1.137178786e-05
0.01312625251,1.174833713e-05,0.003757961683,-0.003757961683,1.174833713e-05
0.01322645291,1.212488639e-05,0.003757961683,-0.003757961683,1.212488639e-05
0.01332665331,1.250143566e-05,0.003757961683,-0.003757961683,1.250143566e-05
0.01342685371,1.287798493e-05,0.003757961683,-0.003757961683,1.287798493e-05
0.01352705411,1.325453419e-05,0.003757961683,-0.003757961683,1.325453419e-05
0.01362725451,1.363108346e-05,0.003757961683,-0.003757961683,1.363108346e-05
0.01372745491,1.400763273e-05,0.003757961683,-0.003757961683,1.400763273e-05
0.01382765531,1.438418199e-05,0.003757961683,-0.003757961683,1.438418199e-05
0.01392785571,1.476073126e-05,0.003757961683,-0.003757961683,1.476073126e-05
0.01402805611,1.513728053e-05,0.003757961683,-0.003757961683,1.513728053e-05
0.01412825651,1.551382979e-05,0.003757961683,-0.003757961683,1.551382979e-05
0.01422845691,1.589037906e-05,0.003757961683,-0.003757961683,1.589037906e-05
0.01432865731,1.626692833e-05,0.003757961683,-0.003757961683,1.626692833e-05
0.01442885772,1.66434776e-05,0.003757961683,-0.003757961683,1.66434776e-05
0.01452905812,1.702002686e-05,0.003757961683,-0.003757961683,1.702002686e-05
0.01462925852,1.739657613e-05,0.003757961683,-0.003757961683,1.739657613e-05
0.01472945892,1.77731254e-05,0.003757961683,-0.003757961683,1.77731254e-05
0.01482965932,1.814967466e-05,0.003757961683,-0.003757961683,1.814967466e-05
0.01492985972,1.852622393e-05,0.003757961683,-0.003757961683,1.852622393e-05
0.01503006012,1.89027732e-05,0.003757961683,-0.003757961683,1.89027732e-05
0.01513026052,1.927932246e-05,0.003757961683,-0.003757961683,1.927932246e-05
0.01523046092,1.965587173e-05,0.003757961683,-0.003757961683,1.965587173e-05
0.01533066132,2.0032421e-05,0.003757961683,-0.003757961683,2.0032421e-05
0.01543086172,2.040897026e-05,0.003757961683,-0.003757961683,2.040897026e-05
0.01553106212,2.078551953e-05,0.003757961683,-0.003757961683,2.078551953e-05
0.01563126253,2.11620688e-05,0.003757961683,-0.003757961683,2.11620688e-05
0.01573146293,2.153861806e-05,0.003757961683,-0.003757961683,2.153861806e-05
0.01583166333,2.191516733e-05,0.003757961683,-0.003757961683,2.191516733e-05
0.01593186373,2.22917166e-05,0.003757961683,-0.003757961683,2.22917166e-05
0.01603206413,2.266826586e-05,0.003757961683,-0.003757961683,2.266826586e-05
0.01613226453,2.304481513e-05,0.003757961683,-0.003757961683,2.304481513e-05
0.01623246493,2.34213644e-05,0.003757961683,-0.003757961683,2.34213644e-05
0.01633266533,2.379791367e-05,0.003757961683,-0.003757961683,2.379791367e-05
0.01643286573,2.417446293e-05,0.003757961683,-0.003757961683,2.417446293e-05
0.01653306613,2.45510122e-05,0.003757961683,-0.003757961683,2.45510122e-05
0.01663326653,2.492756147e-05,0.003757961683,-0.003757961683,2.492756147e-05
0.01673346693,2.530411073e-05,0.003757961683,-0.003757961683,2.530411073e-05
0.01683366733,2.568066e-05,0.003757961683,-0.003757961683,2.568066e-05
0.01693386774,2.605720927e-05,0.003757961683,-0.003757961683,2.605720927e-05
0.01703406814,2.643375853e-05,0.003757961683,-0.003757961683,2.643375853e-05
0.01713426854,2.68103078e-05,0.003757961683,-0.003757961683,2.68103078e-05
0.01723446894,2.718685707e-05,0.003757961683,-0.003757961683,2.718685707e-05
0.01733466934,2.756340633e-05,0.003757961683,-0.003757961683,2.756340633e-05
0.01743486974,2.79399556e-05,0.003757961683,-0.003757961683,2.79399556e-05
0.01753507014,2.831650487e-05,0.003757961683,-0.003757961683,2.831650487e-05
0.01763527054,2.869305413e-05,0.003757961683,-0.003757961683,2.869305413e-05
0.01773547094,2.90696034e-05,0.003757961683,-0.003757961683,2.90696034e-05
0.01783567134,2.944615267e-05,0.003757961683,-0.003757961683,2.944615267e-05
0.01793587174,2.982270194e-05,0.003757961683,-0.003757961683,2.982270194e-05
0.01803607214,3.01992512e-05,0.003757961683,-0.003757961683,3.01992512e-05
0.01813627255,3.057580047e-05,0.003757961683,-0.003757961683,3.057580047e-05
0.01823647295,3.095234974e-05,0.003757961683,-0.003757961683,3.095234974e-05
0.01833667335,3.1328899e-05,0.003757961683,-0.003757961683,3.1328899e-05
0.01843687375,3.170544827e-05,0.003757961683,-0.003757961683,3.170544827e-05
0.01853707415,3.208199754e-05,0.003757961683,-0.003757961683,3.208199754e-05
0.01863727455,3.24585468e-05,0.003757961683,-0.003757961683,3.24585468e-05
0.01873747495,3.283509607e-05,0.003757961683,-0.003757961683,3.283509607e-05
0.01883767535,3.321164534e-05,0.003757961683,-0.003757961683,3.321164534e-05
0.01893787575,3.35881946e-05,0.003757961683,-0.003757961683,3.35881946e-05
0.01903807615,3.396474387e-05,0.003757961683,-0.003757961683,3.396474387e-05
0.01913827655,3.434129314e-05,0.003757961683,-0.003757961683,3.434129314e-05
0.01923847695,3.47178424e-05,0.003757961683,-0.003757961683,3.47178424e-05
0.01933867735,3.509439167e-05,0.003757961683,-0.003757961683,3.509439167e-05
0.01943887776,3.547094094e-05,0.003757961683,-0.003757961683,3.547094094e-05
0.01953907816,3.584749021e-05,0.003757961683,-0.003757961683,3.584749021e-05
0.01963927856,3.622403947e-05,0.003757961683,-0.003757961683,3.622403947e-05
0.01973947896,3.660058874e-05,0.003757961683,-0.003757961683,3.660058874e-05
0.01983967936,3.697713801e-05,0.003757961683,-0.003757961683,3.697713801e-05
0.01993987976,3.735368727e-05,0.003757961683,-0.003757961683,3.735368727e-05
0.02004008016,3.773023654e-05,0.003757961683,-0.003757961683,3.773023654e-05
0.02014028056,3.810678581e-05,0.003757961683,-0.003757961683,3.810678581e-05
0.02024048096,3.848333507e-05,0.003757961683,-0.003757961683,3.848333507e-05
0.02034068136,3.885988434e-05,0.003757961683,-0.003757961683,3.885988434e-05
0.02044088176,3.923643361e-05,0.003757961683,-0.003757961683,3.923643361e-05
0.02054108216,3.961298287e-05,0.003757961683,-0.003757961683,3.961298287e-05
0.02064128257,3.998953214e-05,0.003757961683,-0.003757961683,3.998953214e-05
0.02074148297,4.036608141e-05,0.003757961683,-0.003757961683,4.036608141e-05
0.02084168337,4.074263067e-05,0.003757961683,-0.003757961683,4.074263067e-05
0.02094188377,4.111917994e-05,0.003757961683,-0.003757961683,4.111917994e-05
0.02104208417,4.149572921e-05,0.003757961683,-0.003757961683,4.149572921e-05
0.02114228457,4.187227847e-05,0.003757961683,-0.003757961683,4.187227847e-05
0.02124248497,4.224882774e-05,0.003757961683,-0.003757961683,4.224882774e-05
0.02134268537,4.262537701e-05,0.003757961683,-0.003757961683,4.262537701e-05
0.02144288577,4.300192628e-05,0.003757961683,-0.003757961683,4.300192628e-05
0.02154308617,4.337847554e-05,0.003757961683,-0.003757961683,4.337847554e-05
0.02164328657,4.375502481e-05,0.003757961683,-0.003757961683,4.375502481e-05
0.02174348697,4.413157408e-05,0.003757961683,-0.003757961683,4.413157408e-05
0.02184368737,4.450812334e-05,0.003757961683,-0.003757961683,4.450812334e-05
0.02194388778,4.488467261e-05,0.003757961683,-0.003757961683,4.488467261e-05
0.02204408818,4.526122188e-05,0.003757961683,-0.003757961683,4.526122188e-05
0.02214428858,4.563777114e-05,0.003757961683,-0.003757961683,4.563777114e-05
0.02224448898,4.601432041e-05,0.003757961683,-0.003757961683,4.601432041e-05
0.02234468938,4.639086968e-05,0.003757961683,-0.003757961683,4.639086968e-05
0.02244488978,4.676741894e-05,0.003757961683,-0.003757961683,4.676741894e-05
0.02254509018,4.714396821e-05,0.003757961683,-0.003757961683,4.714396821e-05
0.02264529058,4.752051748e-05,0.003757961683,-0.003757961683,4.752051748e-05
0.02274549098,4.789706674e-05,0.003757961683,-0.003757961683,4.789706674e-05
0.02284569138,4.827361601e-05,0.003757961683,-0.003757961683,4.827361601e-05
0.02294589178,4.865016528e-05,0.003757961683,-0.003757961683,4.865016528e-05
0.02304609218,4.902671455e-05,0.003757961683,-0.003757961683,4.902671455e-05
0.02314629259,4.940326381e-05,0.003757961683,-0.003757961683,4.940326381e-05
0.02324649299,4.977981308e-05,0.003757961683,-0.003757961683,4.977981308e-05
0.02334669339,5.015636235e-05,0.003757961683,-0.003757961683,5.015636235e-05
0.02344689379,5.053291161e-05,0.003757961683,-0.003757961683,5.053291161e-05
0.02354709419,5.090946088e-05,0.003757961683,-0.003757961683,5.090946088e-05
0.02364729459,5.128601015e-05,0.003757961683,-0.003757961683,5.128601015e-05
0.02374749499,5.166255941e-05,0.003757961683,-0.003757961683,5.166255941e-05
0.02384769539,5.203910868e-05,0.003757961683,-0.003757961683,5.203910868e-05
0.02394789579,5.241565795e-05,0.003757961683,-0.003757961683,5.241565795e-05
0.02404809619,5.279220721e-05,0.003757961683,-0.003757961683,5.279220721e-05
0.02414829659,5.316875648e-05,0.003757961683,-0.003757961683,5.316875648e-05
0.02424849699,5.354530575e-05,0.003757961683,-0.003757961683,5.354530575e-05
0.02434869739,5.392185501e-05,0.003757961683,-0.003757961683,5.392185501e-05
0.0244488978,5.429840428e-05,0.003757961683,-0.003757961683,5.429840428e-05
0.0245490982,5.467495355e-05,0.003757961683,-0.003757961683,5.467495355e-05
0.0246492986,5.505150281e-05,0.003757961683,-0.003757961683,5.505150281e-05
0.024749499,5.542805208e-05,0.003757961683,-0.003757961683,5.542805208e-05
0.0248496994,5.580460135e-05,0.003757961683,-0.003757961683,5.580460135e-05
0.0249498998,5.618115062e-05,0.003757961683,-0.003757961683,5.618115062e-05
0.0250501002,5.636942525e-05,0,0,5.636942525e-05
0.0251503006,5.636942525e-05,0,0,5.636942525e-05
0.025250501,5.636942525e-05,0,0,5.636942525e-05
0.0253507014,5.636942525e-05,0,0,5.636942525e-05
0.0254509018,5.636942525e-05,0,0,5.636942525e-05
0.0255511022,5.636942525e-05,0,0,5.636942525e-05
0.02565130261,5.636942525e-05,0,0,5.636942525e-05
0.02575150301,5.636942525e-05,0,0,5.636942525e-05
0.02585170341,5.636942525e-05,0,0,5.636942525e-05
0.02595190381,5.636942525e-05,0,0,5.636942525e-05
0.02605210421,5.636942525e-05,0,0,5.636942525e-05
0.02615230461,5.636942525e-05,0,0,5.636942525e-05
0.02625250501,5.636942525e-05,0,0,5.636942525e-05
0.02635270541,5.636942525e-05,0,0,5.636942525e-05
0.02645290581,5.636942525e-05,0,0,5.636942525e-05
0.02655310621,5.636942525e-05,0,0,5.636942525e-05
0.02665330661,5.636942525e-05,0,0,5.636942525e-05
0.02675350701,5.636942525e-05,0,0,5.636942525e-05
0.02685370741,5.636942525e-05,0,0,5.636942525e-05
0.02695390782,5.636942525e-05,0,0,5.636942525e-05
0.02705410822,5.636942525e-05,0,0,5.636942525e-05
0.02715430862,5.636942525e-05,0,0,5.636942525e-05
0.02725450902,5.636942525e-05,0,0,5.636942525e-05
0.02735470942,5.636942525e-05,0,0,5.636942525e-05
0.02745490982,5.636942525e-05,0,0,5.636942525e-05
0.02755511022,5.636942525e-05,0,0,5.636942525e-05
0.02765531062,5.636942525e-05,0,0,5.636942525e-05
0.02775551102,5.636942525e-05,0,0,5.636942525e-05
0.02785571142,5.636942525e-05,0,0,5.636942525e-05
0.02795591182,5.636942525e-05,0,0,5.636942525e-05
0.02805611222,5.636942525e-05,0,0,5.636942525e-05
0.02815631263,5.636942525e-05,0,0,5.636942525e-05
0.02825651303,5.636942525e-05,0,0,5.636942525e-05
0.02835671343,5.636942525e-05,0,0,5.636942525e-05
0.02845691383,5.636942525e-05,0,0,5.636942525e-05
0.02855711423,5.636942525e-05,0,0,5.636942525e-05
0.02865731463,5.636942525e-05,0,0,5.636942525e-05
0.02875751503,5.636942525e-05,0,0,5.636942525e-05
0.02885771543,5.636942525e-05,0,0,5.636942525e-05
0.02895791583,5.636942525e-05,0,0,5.636942525e-05
0.02905811623,5.636942525e-05,0,0,5.636942525e-05
0.02915831663,5.636942525e-05,0,0,5.636942525e-05
0.02925851703,5.636942525e-05,0,0,5.636942525e-05
0.02935871743,5.636942525e-05,0,0,5.636942525e-05
0.02945891784,5.636942525e-05,0,0,5.636942525e-05
0.02955911824,5.636942525e-05,0,0,5.636942525e-05
0.02965931864,5.636942525e-05,0,0,5.636942525e-05
0.02975951904,5.636942525e-05,0,0,5.636942525e-05
0.02985971944,5.636942525e-05,0,0,5.636942525e-05
0.02995991984,5.636942525e-05,0,0,5.636942525e-05
0.03006012024,5.636942525e-05,0,0,5.636942525e-05
0.03016032064,5.636942525e-05,0,0,5.636942525e-05
0.03026052104,5.636942525e-05,0,0,5.636942525e-05
0.03036072144,5.636942525e-05,0,0,5.636942525e-05
0.03046092184,5.636942525e-05,0,0,5.636942525e-05
0.03056112224,5.636942525e-05,0,0,5.636942525e-05
0.03066132265,5.636942525e-05,0,0,5.636942525e-05
0.03076152305,5.636942525e-05,0,0,5.636942525e-05
0.03086172345,5.636942525e-05,0,0,5.636942525e-05
0.03096192385,5.636942525e-05,0,0,5.636942525e-05
0.03106212425,5.636942525e-05,0,0,5.636942525e-05
0.03116232465,5.636942525e-05,0,0,5.636942525e-05
0.03126252505,5.636942525e-05,0,0,5.636942525e-05
0.03136272545,5.636942525e-05,0,0,5.636942525e-05
0.03146292585,5.636942525e-05,0,0,5.636942525e-05
0.03156312625,5.636942525e-05,0,0,5.636942525e-05
0.03166332665,5.636942525e-05,0,0,5.636942525e-05
0.03176352705,5.636942525e-05,0,0,5.636942525e-05
0.03186372745,5.636942525e-05,0,0,5.636942525e-05
0.03196392786,5.636942525e-05,0,0,5.636942525e-05
0.03206412826,5.636942525e-05,0,0,5.636942525e-05
0.03216432866,5.636942525e-05,0,0,5.636942525e-05
0.03226452906,5.636942525e-05,0,0,5.636942525e-05
0.03236472946,5.636942525e-05,0,0,5.636942525e-05
0.03246492986,5.636942525e-05,0,0,5.636942525e-05
0.03256513026,5.636942525e-05,0,0,5.636942525e-05
0.03266533066,5.636942525e-05,0,0,5.636942525e-05
0.03276553106,5.636942525e-05,0,0,5.636942525e-05
0.03286573146,5.636942525e-05,0,0,5.636942525e-05
0.03296593186,5.636942525e-05,0,0,5.636942525e-05
0.03306613226,5.636942525e-05,0,0,5.636942525e-05
0.03316633267,5.636942525e-05,0,0,5.636942525e-05
0.03326653307,5.636942525e-05,0,0,5.636942525e-05
0.03336673347,5.636942525e-05,0,0,5.636942525e-05
0.03346693387,5.636942525e-05,0,0,5.636942525e-05
0.03356713427,5.636942525e-05,0,0,5.636942525e-05
0.03366733467,5.636942525e-05,0,0,5.636942525e-05
0.03376753507,5.636942525e-05,0,0,5.636942525e-05
0.03386773547,5.636942525e-05,0,0,5.636942525e-05
0.03396793587,5.636942525e-05,0,0,5.636942525e-05
0.03406813627,5.636942525e-05,0,0,5.636942525e-05
0.03416833667,5.636942525e-05,0,0,5.636942525e-05
0.03426853707,5.636942525e-05,0,0,5.636942525e-05
0.03436873747,5.636942525e-05,0,0,5.636942525e-05
0.03446893788,5.636942525e-05,0,0,5.636942525e-05
0.03456913828,5.636942525e-05,0,0,5.636942525e-05
0.03466933868,5.636942525e-05,0,0,5.636942525e-05
0.03476953908,5.636942525e-05,0,0,5.636942525e-05
0.03486973948,5.636942525e-05,0,0,5.636942525e-05
0.03496993988,5.636942525e-05,0,0,5.636942525e-05
0.03507014028,5.636942525e-05,0,0,5.636942525e-05
0.03517034068,5.636942525e-05,0,0,5.636942525e-05
0.03527054108,5.636942525e-05,0,0,5.636942525e-05
0.03537074148,5.636942525e-05,0,0,5.636942525e-05
0.03547094188,5.636942525e-05,0,0,5.636942525e-05
0.03557114228,5.636942525e-05,0,0,5.636942525e-05
0.03567134269,5.636942525e-05,0,0,5.636942525e-05
0.03577154309,5.636942525e-05,0,0,5.636942525e-05
0.03587174349,5.636942525e-05,0,0,5.636942525e-05
0.03597194389,5.636942525e-05,0,0,5.636942525e-05
0.03607214429,5.636942525e-05,0,0,5.636942525e-05
0.03617234469,5.636942525e-05,0,0,5.636942525e-05
0.03627254509,5.636942525e-05,0,0,5.636942525e-05
0.03637274549,5.636942525e-05,0,0,5.636942525e-05
0.03647294589,5.636942525e-05,0,0,5.636942525e-05
0.03657314629,5.636942525e-05,0,0,5.636942525e-05
0.03667334669,5.636942525e-05,0,0,5.636942525e-05
0.03677354709,5.636942525e-05,0,0,5.636942525e-05
0.03687374749,5.636942525e-05,0,0,5.636942525e-05
0.0369739479,5.636942525e-05,0,0,5.636942525e-05
0.0370741483,5.636942525e-05,0,0,5.636942525e-05
0.0371743487,5.636942525e-05,0,0,5.636942525e-05
0.0372745491,5.636942525e-05,0,0,5.636942525e-05
0.0373747495,5.636942525e-05,0,0,5.636942525e-05
0.0374749499,5.636942525e-05,0,0,5.636942525e-05
0.0375751503,5.636942525e-05,0,0,5.636942525e-05
0.0376753507,5.636942525e-05,0,0,5.636942525e-05
0.0377755511,5.636942525e-05,0,0,5.636942525e-05
0.0378757515,5.636942525e-05,0,0,5.636942525e-05
0.0379759519,5.636942525e-05,0,0,5.636942525e-05
0.0380761523,5.636942525e-05,0,0,5.636942525e-05
0.03817635271,5.636942525e-05,0,0,5.636942525e-05
0.03827655311,5.636942525e-05,0,0,5.636942525e-05
0.03837675351,5.636942525e-05,0,0,5.636942525e-05
0.03847695391,5.636942525e-05,0,0,5.636942525e-05
0.03857715431,5.636942525e-05,0,0,5.636942525e-05
0.03867735471,5.636942525e-05,0,0,5.636942525e-05
0.03877755511,5.636942525e-05,0,0,5.636942525e-05
0.03887775551,5.636942525e-05,0,0,5.636942525e-05
0.03897795591,5.636942525e-05,0,0,5.636942525e-05
0.03907815631,5.636942525e-05,0,0,5.636942525e-05
0.03917835671,5.636942525e-05,0,0,5.636942525e-05
0.03927855711,5.636942525e-05,0,0,5.636942525e-05
0.03937875752,5.636942525e-05,0,0,5.636942525e-05
0.03947895792,5.636942525e-05,0,0,5.636942525e-05
0.03957915832,5.636942525e-05,0,0,5.636942525e-05
0.03967935872,5.636942525e-05,0,0,5.636942525e-05
0.03977955912,5.636942525e-05,0,0,5.636942525e-05
0.03987975952,5.636942525e-05,0,0,5.636942525e-05
0.03997995992,5.636942525e-05,0,0,5.636942525e-05
0.04008016032,5.636942525e-05,0,0,5.636942525e-05
0.04018036072,5.636942525e-05,0,0,5.636942525e-05
0.04028056112,5.636942525e-05,0,0,5.636942525e-05
0.04038076152,5.636942525e-05,0,0,5.636942525e-05
0.04048096192,5.636942525e-05,0,0,5.636942525e-05
0.04058116232,5.636942525e-05,0,0,5.636942525e-05
0.04068136273,5.636942525e-05,0,0,5.636942525e-05
0.04078156313,5.636942525e-05,0,0,5.636942525e-05
0.04088176353,5.636942525e-05,0,0,5.636942525e-05
0.04098196393,5.636942525e-05,0,0,5.636942525e-05
0.04108216433,5.636942525e-05,0,0,5.636942525e-05
0.04118236473,5.636942525e-05,0,0,5.636942525e-05
0.04128256513,5.636942525e-05,0,0,5.636942525e-05
0.04138276553,5.636942525e-05,0,0,5.636942525e-05
0.04148296593,5.636942525e-05,0,0,5.636942525e-05
0.04158316633,5.636942525e-05,0,0,5.636942525e-05
0.04168336673,5.636942525e-05,0,0,5.636942525e-05
0.04178356713,5.636942525e-05,0,0,5.636942525e-05
0.04188376754,5.636942525e-05,0,0,5.636942525e-05
0.04198396794,5.636942525e-05,0,0,5.636942525e-05
0.04208416834,5.636942525e-05,0,0,5.636942525e-05
0.04218436874,5.636942525e-05,0,0,5.636942525e-05
0.04228456914,5.636942525e-05,0,0,5.636942525e-05
0.04238476954,5.636942525e-05,0,0,5.636942525e-05
0.04248496994,5.636942525e-05,0,0,5.636942525e-05
0.04258517034,5.636942525e-05,0,0,5.636942525e-05
0.04268537074,5.636942525e-05,0,0,5.636942525e-05
0.04278557114,5.636942525e-05,0,0,5.636942525e-05
0.04288577154,5.636942525e-05,0,0,5.636942525e-05
0.04298597194,5.636942525e-05,0,0,5.636942525e-05
0.04308617234,5.636942525e-05,0,0,5.636942525e-05
0.04318637275,5.636942525e-05,0,0,5.636942525e-05
0.04328657315,5.636942525e-05,0,0,5.636942525e-05
0.04338677355,5.636942525e-05,0,0,5.636942525e-05
0.04348697395,5.636942525e-05,0,0,5.636942525e-05
0.04358717435,5.636942525e-05,0,0,5.636942525e-05
0.04368737475,5.636942525e-05,0,0,5.636942525e-05
0.04378757515,5.636942525e-05,0,0,5.636942525e-05
0.04388777555,5.636942525e-05,0,0,5.636942525e-05
0.04398797595,5.636942525e-05,0,0,5.636942525e-05
0.04408817635,5.636942525e-05,0,0,5.636942525e-05
0.04418837675,5.636942525e-05,0,0,5.636942525e-05
0.04428857715,5.636942525e-05,0,0,5.636942525e-05
0.04438877756,5.636942525e-05,0,0,5.636942525e-05
0.04448897796,5.636942525e-05,0,0,5.636942525e-05
0.04458917836,5.636942525e-05,0,0,5.636942525e-05
0.04468937876,5.636942525e-05,0,0,5.636942525e-05
0.04478957916,5.636942525e-05,0,0,5.636942525e-05
0.04488977956,5.636942525e-05,0,0,5.636942525e-05
0.04498997996,5.636942525e-05,0,0,5.636942525e-05
0.04509018036,5.636942525e-05,0,0,5.636942525e-05
0.04519038076,5.636942525e-05,0,0,5.636942525e-05
0.04529058116,5.636942525e-05,0,0,5.636942525e-05
0.04539078156,5.636942525e-05,0,0,5.636942525e-05
0.04549098196,5.636942525e-05,0,0,5.636942525e-05
0.04559118236,5.636942525e-05,0,0,5.636942525e-05
0.04569138277,5.636942525e-05,0,0,5.636942525e-05
0.04579158317,5.636942525e-05,0,0,5.636942525e-05
0.04589178357,5.636942525e-05,0,0,5.636942525e-05
0.04599198397,5.636942525e-05,0,0,5.636942525e-05
0.04609218437,5.636942525e-05,0,0,5.636942525e-05
0.04619238477,5.636942525e-05,0,0,5.636942525e-05
0.04629258517,5.636942525e-05,0,0,5.636942525e-05
0.04639278557,5.636942525e-05,0,0,5.636942525e-05
0.04649298597,5.636942525e-05,0,0,5.636942525e-05
0.04659318637,5.636942525e-05,0,0,5.636942525e-05
0.04669338677,5.636942525e-05,0,0,5.636942525e-05
0.04679358717,5.636942525e-05,0,0,5.636942525e-05
0.04689378758,5.636942525e-05,0,0,5.636942525e-05
0.04699398798,5.636942525e-05,0,0,5.636942525e-05
0.04709418838,5.636942525e-05,0,0,5.636942525e-05
0.04719438878,5.636942525e-05,0,0,5.636942525e-05
0.04729458918,5.636942525e-05,0,0,5.636942525e-05
0.04739478958,5.636942525e-05,0,0,5.636942525e-05
0.04749498998,5.636942525e-05,0,0,5.636942525e-05
0.04759519038,5.636942525e-05,0,0,5.636942525e-05
0.04769539078,5.636942525e-05,0,0,5.636942525e-05
0.04779559118,5.636942525e-05,0,0,5.636942525e-05
0.04789579158,5.636942525e-05,0,0,5.636942525e-05
0.04799599198,5.636942525e-05,0,0,5.636942525e-05
0.04809619238,5.636942525e-05,0,0,5.636942525e-05
0.04819639279,5.636942525e-05,0,0,5.636942525e-05
0.04829659319,5.636942525e-05,0,0,5.636942525e-05
0.04839679359,5.636942525e-05,0,0,5.636942525e-05
0.04849699399,5.636942525e-05,0,0,5.636942525e-05
0.04859719439,5.636942525e-05,0,0,5.636942525e-05
0.04869739479,5.636942525e-05,0,0,5.636942525e-05
0.04879759519,5.636942525e-05,0,0,5.636942525e-05
0.04889779559,5.636942525e-05,0,0,5.636942525e-05
0.04899799599,5.636942525e-05,0,0,5.636942525e-05
0.04909819639,5.636942525e-05,0,0,5.636942525e-05
0.04919839679,5.636942525e-05,0,0,5.636942525e-05
0.04929859719,5.636942525e-05,0,0,5.636942525e-05
0.0493987976,5.636942525e-05,0,0,5.636942525e-05
0.049498998,5.636942525e-05,0,0,5.636942525e-05
0.0495991984,5.636942525e-05,0,0,5.636942525e-05
0.0496993988,5.636942525e-05,0,0,5.636942525e-05
0.0497995992,5.636942525e-05,0,0,5.636942525e-05
0.0498997996,5.636942525e-05,0,0,5.636942525e-05
0.05,5.636942525e-05,0,0,5.636942525e-05
