time,r_mFe.port_p.Phi,r_mFe.B,coil.Phi,r_mLeak.port_p.Phi,r_mFe.mu_r,coil.i,r_mFe.H
0,0,0,-0,0,1210,0,0
1e-06,4.070452038e-07,0.0006512723261,-5.421134988e-07,1.350682949e-07,1222.155426,0.0002701365899,0.4240590344
3.707103903e-06,1.515687685e-06,0.002425100296,-2.009653884e-06,4.939661989e-07,1255.094342,0.0009879323979,1.537600347
8.021299962e-06,3.301539746e-06,0.005282463594,-4.348357697e-06,1.04681795e-06,1307.64266,0.002093635901,3.214678667
1.355527889e-05,5.623351746e-06,0.008997362794,-7.348202067e-06,1.724850321e-06,1375.034559,0.003449700641,5.207050083
2.0862898e-05,8.735987472e-06,0.01397757995,-1.130932131e-05,2.573333842e-06,1463.775353,0.005146667685,7.598846834
3.015643422e-05,1.275917293e-05,0.02041467669,-1.6346608e-05,3.587435067e-06,1575.834589,0.007174870133,10.30912993
4.196984572e-05,1.795757582e-05,0.02873212132,-2.274918383e-05,4.791608007e-06,1716.389977,0.009583216013,13.32115426
5.692833409e-05,2.464434314e-05,0.03943094903,-3.08553613e-05,6.211018159e-06,1890.510043,0.01242203632,16.59771782
7.600217442e-05,3.329452871e-05,0.05327124594,-4.118994244e-05,7.895413731e-06,2105.301551,0.01579082746,20.1357903
0.0001006114636,4.459650052e-05,0.07135440084,-5.452035693e-05,9.923856405e-06,2369.553834,0.01984771281,23.9631728
0.0001329546947,5.960639451e-05,0.09537023121,-7.20331933e-05,1.242679879e-05,2694.616524,0.02485359758,28.16475661
0.0001765155269,7.998735611e-05,0.1279797698,-9.560481702e-05,1.561746091e-05,3094.57642,0.03123492181,32.9101793
0.0002370448902,0.00010846915,0.1735506401,-0.0001283221384,1.985298832e-05,3586.17392,0.03970597665,38.51101877
0.0003244455971,0.0001497179312,0.2395486899,-0.0001754678811,2.574994988e-05,4187.029946,0.05149989977,45.52792622
0.0004561827882,0.000211858106,0.3389729696,-0.0002462442344,3.438612845e-05,4908.338972,0.06877225689,54.95670119
0.0006565134534,0.0003057700961,0.4892321537,-0.0003529698402,4.719974413e-05,5716.273568,0.09439948826,68.10705839
0.0009218381694,0.0004282553162,0.6852085059,-0.0004919997764,6.374446023e-05,6454.037066,0.1274889205,84.48535357
0.001248342825,0.0005744684121,0.9191494594,-0.0006581428321,8.367442001e-05,6974.815777,0.16734884,104.8681317
0.001454482302,0.0006621865409,1.059498465,-0.0007594898597,9.730331878e-05,6754.995143,0.1946066376,124.8146107
0.001560969082,0.0007045921456,1.127347433,-0.0008105896171,0.0001059974716,6222.388114,0.2119949431,144.1752854
0.001637527971,0.0007330815483,1.172930477,-0.0008467534741,0.0001136719258,5634.890141,0.2273438516,165.6444745
0.001698082368,0.0007541050861,1.206568138,-0.0008749991781,0.000120894092,5088.750584,0.241788184,188.682153
0.001749856141,0.0007708800447,1.233408072,-0.0008988884045,0.0001280083597,4601.518916,0.2560167195,213.3023844
0.001801629914,0.0007864810605,1.258369697,-0.0009225293181,0.0001360482576,4124.806289,0.2720965152,242.7698943
0.001847008001,0.0007991744838,1.278679174,-0.0009430397188,0.0001438652351,3732.285654,0.2877304702,272.6320142
0.001892386088,0.0008109666244,1.297546599,-0.0009633485892,0.0001523819647,3372.539258,0.3047639295,306.1653834
0.001937764175,0.000821892021,1.315027234,-0.0009834509946,0.0001615589736,3049.402766,0.3231179472,343.1706148
0.001983142262,0.0008319992932,1.331198869,-0.001003342094,0.0001713428006,2763.165202,0.3426856012,383.3771502
0.002028520349,0.0008413453749,1.3461526,-0.001023017152,0.0001816717771,2511.848321,0.3633435542,426.4724875
0.002073898436,0.0008499907226,1.359985156,-0.001042471548,0.0001924808257,2292.269982,0.3849616515,472.126673
0.002119276523,0.0008579957567,1.372793211,-0.001061700778,0.0002037050217,2100.792536,0.4074100433,520.0104757
0.00216465461,0.0008654184884,1.384669581,-0.001080700453,0.0002152819647,1933.784746,0.4305639295,569.8074949
0.002210032696,0.0008723131181,1.395700989,-0.001099466297,0.0002271531785,1787.871006,0.454306357,621.2213034
0.002255410783,0.0008787293479,1.405966957,-0.001117994141,0.0002392647933,1660.041427,0.4785295866,673.9789358
0.00230078887,0.000884712179,1.415539486,-0.001136279923,0.0002515677442,1547.679521,0.5031354885,727.8319033
0.002346301317,0.000890318017,1.424508827,-0.001154372723,0.0002640547064,1448.269974,0.5281094127,782.7187791
0.002392468746,0.0008956379687,1.43302075,-0.001172469041,0.0002768310721,1359.05969,0.5536621443,839.0813792
0.002439557837,0.0009007186356,1.441149817,-0.001190656024,0.0002899373889,1278.398194,0.5798747778,897.0840151
0.002487894133,0.0009056040259,1.448966441,-0.001209036189,0.0003034321626,1204.8911,0.6068643252,956.975163
0.002537741509,0.0009103239088,1.456518254,-0.001227680245,0.0003173563364,1137.527893,0.6347126729,1018.929211
0.002589370556,0.0009149026814,1.46384429,-0.00124665317,0.0003317504888,1075.493634,0.6635009777,1083.121495
0.002643038948,0.0009193583855,1.470973417,-0.001266006112,0.0003466477268,1018.150424,0.6932954536,1149.695982
0.002699010322,0.0009237051261,1.477928202,-0.001285782476,0.0003620773502,964.9788593,0.7241547003,1218.780994
0.002757557221,0.000927953651,1.484725842,-0.001306017612,0.0003780639609,915.553031,0.7561279218,1290.484815
0.002818964076,0.0009321117878,1.49137886,-0.001326738183,0.0003946263949,869.5214366,0.7892527897,1364.890545
0.002883536417,0.0009361851355,1.497896217,-0.001347963168,0.0004117780322,826.588527,0.8235560643,1442.057198
0.002951605894,0.0009401772518,1.504283603,-0.001369702739,0.0004295254873,786.5047251,0.8590509746,1522.013559
0.003023538416,0.0009440898734,1.510543797,-0.001391957373,0.0004478674997,749.0576996,0.8957349994,1604.752959
0.003099742742,0.0009479229652,1.516676744,-0.001414716041,0.0004667930755,714.06661,0.9335861511,1690.224675
0.003180681661,0.0009516746964,1.522679514,-0.001437953818,0.0004862791218,681.3778162,0.9725582435,1778.323021
0.003266885947,0.0009553412907,1.528546065,-0.001461628464,0.0005062871734,650.8621807,1.012574347,1868.872313
0.003358972774,0.0009589167494,1.534266799,-0.001485675726,0.0005267589767,622.4136417,1.053517953,1961.606628
0.003457670485,0.0009623923967,1.539827835,-0.001510002808,0.000547610411,595.9491507,1.095220822,2056.141963
0.003563852976,0.0009657561761,1.545209882,-0.001534479174,0.0005687229978,571.410188,1.137445996,2151.937398
0.003678589012,0.0009689915743,1.550386519,-0.001558923352,0.0005899317781,548.7663995,1.179863556,2248.239672
0.003803215831,0.0009720759507,1.555321521,-0.001583083472,0.0006110075214,528.022417,1.222015043,2344.001884
0.003939461295,0.0009749780042,1.559964807,-0.001606608642,0.0006316306378,509.2291052,1.263261276,2437.764332
0.004089632545,0.0009776531344,1.564245015,-0.00162900002,0.0006513468851,492.5064675,1.30269377,2527.452355
0.004256986987,0.000980035695,1.568057112,-0.00164953132,0.0006694956247,478.0830561,1.338991249,2610.048998
0.004446504004,0.0009820233596,1.571237375,-0.001667096429,0.0006850730693,466.3798071,1.370146139,2680.971508
0.004666865578,0.0009834405097,1.573504816,-0.001679868228,0.0006964277182,458.2145394,1.392855436,2732.683576
0.004937741899,0.0009839207931,1.574273269,-0.001684244341,0.0007003235484,455.4805108,1.400647097,2750.429123
0.005359611623,0.0009819284521,1.571085523,-0.001666248556,0.0006843201043,466.9319183,1.368640209,2677.542669
0.005698243812,0.0009777975211,1.564476034,-0.001630228355,0.0006524308338,491.6199169,1.304861668,2532.384119
0.006036876,0.0009711198866,1.553791819,-0.00157550336,0.0006043834736,534.3662826,1.208766947,2313.896445
0.006375508188,0.0009613723748,1.5381958,-0.001502764079,0.0005413917037,603.5970016,1.082783407,2027.938046
0.006714140377,0.0009476227214,1.516196354,-0.001412897349,0.0004652746274,716.7484649,0.9305492547,1683.367012
0.006945118421,0.0009351188355,1.496190137,-0.00134231554,0.0004071967042,837.6254805,0.8143934084,1421.435125
0.007135028058,0.0009222264995,1.475562399,-0.001278952495,0.0003567259955,982.7656497,0.713451991,1194.80697
0.007296932064,0.0009087387496,1.453981999,-0.001221317914,0.0003125791646,1159.75874,0.6251583292,997.6575914
0.007435915518,0.0008947280701,1.431564912,-0.001169306966,0.000274578896,1373.969467,0.549157792,829.1328062
0.007558117834,0.0008799759786,1.407961566,-0.001121721071,0.0002417450924,1636.088581,0.4834901849,684.8163522
0.007667743334,0.0008642434337,1.382789494,-0.001077612621,0.0002133691874,1959.539208,0.4267383748,561.5549366
0.007777368834,0.0008455023317,1.352803731,-0.001032210866,0.0001867085342,2404.654835,0.3734170684,447.6846271
0.007867947541,0.0008272130685,1.32354091,-0.0009937553591,0.0001665422905,2896.984393,0.3330845811,363.5643991
0.007957981515,0.0008060470839,1.289675334,-0.0009547143213,0.0001486672373,3521.578174,0.2973344747,291.4292885
0.008050829092,0.0007807270419,1.249163267,-0.0009136274953,0.0001329004534,4302.162429,0.2658009069,231.0588127
0.008157621709,0.0007470740624,1.1953185,-0.0008653691681,0.0001182951058,5280.666807,0.2365902115,180.1295695
0.008264414326,0.000709016518,1.134426429,-0.0008160827693,0.0001070662513,6143.615469,0.2141325026,146.9408156
0.008345978622,0.0006775847096,1.084135535,-0.0007777763665,0.0001001916569,6605.642211,0.2003833139,130.6046587
0.00843671884,0.0006408670572,1.025387292,-0.0007345157238,9.364866659e-05,6892.44593,0.1872973332,118.3871862
0.008538339337,0.0005982167764,0.9571468422,-0.0006853011413,8.708436497e-05,6989.329516,0.1741687299,108.9765841
0.008665616665,0.000543262094,0.8692193503,-0.0006225902328,7.932813886e-05,6910.784583,0.1586562777,100.0903403
0.008841317272,0.0004654750332,0.7447600531,-0.0005342369981,6.876196491e-05,6628.112219,0.1375239298,89.41629222
0.009103036372,0.0003466003167,0.5545605067,-0.0003993278696,5.272755296e-05,5993.946244,0.1054551059,73.62515631
0.009434161646,0.0001925443729,0.3080709966,-0.0002242664154,3.172204254e-05,4703.756933,0.06344408508,52.11900042
0.009673239383,8.017277421e-05,0.1282764387,-9.58185012e-05,1.564572699e-05,3098.01676,0.03129145399,32.94983675
0.009804595071,1.965415745e-05,0.03144665192,-2.481802353e-05,5.163866085e-06,1761.264031,0.01032773217,14.20823342
0.009891895615,-1.771636081e-05,-0.0283461773,2.245429483e-05,-4.737934017e-06,1709.970648,-0.009475868033,-13.1915546
0.010003883,-6.917821522e-05,-0.1106851444,8.312631948e-05,-1.394810426e-05,2887.998571,-0.02789620852,-30.49878213
0.01013909795,-0.0001329632127,-0.2127411404,0.0001563410961,-2.337788336e-05,3956.869361,-0.04675576671,-42.78483945
0.01030360788,-0.0002109228968,-0.3374766349,0.0002451803392,-3.425744238e-05,4898.79106,-0.06851488475,-54.82074448
0.01057220087,-0.0003375748578,-0.5401197725,0.0003890819668,-5.150710893e-05,5935.654761,-0.1030142179,-72.41217278
0.01089929112,-0.0004891469067,-0.7826350507,0.000561105713,-7.195880626e-05,6727.265765,-0.1439176125,-92.57865026
0.011264316,-0.0006513977292,-1.042236367,0.0007468092697,-9.541154047e-05,6833.715613,-0.1908230809,-121.3666759
0.01138269832,-0.0007002366329,-1.120378613,0.0008052186601,-0.0001049820272,6295.43082,-0.2099640545,-141.6215978
0.01145350326,-0.0007276234973,-1.164197596,0.0008396638353,-0.000112040338,5761.910943,-0.224080676,-160.7867631
0.0115129383,-0.0007492129467,-1.198740715,0.0008682773674,-0.0001190644207,5223.188856,-0.2381288415,-182.6331724
0.01156427925,-0.0007666734458,-1.226677513,0.0008927639079,-0.0001260904621,4726.920861,-0.2521809242,-206.5105335
0.01161048266,-0.0007813700404,-1.250192065,0.000914611036,-0.0001332409956,4282.405883,-0.2664819912,-232.31596
0.01165668607,-0.0007950741803,-1.272118688,0.0009362732418,-0.0001411990615,3858.887905,-0.2823981231,-262.3346186
0.01170288948,-0.0008077896511,-1.292463442,0.0009577449978,-0.0001499553467,3468.583813,-0.2999106934,-296.521515
0.01174909289,-0.000819546866,-1.311274986,0.0009790208411,-0.0001594739751,3117.691943,-0.3189479502,-334.6961461
0.0117952963,-0.0008303958601,-1.328633376,0.001000095401,-0.0001696995413,2807.63101,-0.3393990826,-376.5782764
0.01184149971,-0.0008403988976,-1.344638236,0.00102096342,-0.0001805645226,2536.66129,-0.3611290453,-421.8257729
0.01188770313,-0.0008496240338,-1.359398454,0.001041619762,-0.0001919957279,2301.318177,-0.3839914559,-470.0675153
0.01193390654,-0.000858140237,-1.373024379,0.001062059417,-0.0002039191802,2097.444229,-0.4078383605,-520.928313
0.01198010995,-0.0008660141054,-1.385622569,0.001082277505,-0.0002162633998,1920.828744,-0.4325267997,-574.0456603
0.01202631336,-0.0008733079186,-1.39729267,0.001102269268,-0.0002289613496,1767.550655,-0.4579226991,-629.0796663
0.01207251677,-0.0008800786748,-1.40812588,0.001122030067,-0.0002419513926,1634.128107,-0.4839027851,-685.7179467
0.01211872018,-0.0008863777915,-1.418204466,0.001141555378,-0.000255177586,1517.555421,-0.510355172,-743.6771269
0.01216492359,-0.0008922512165,-1.427601946,0.001160840781,-0.0002685895649,1415.281355,-0.5371791298,-802.7022528
0.01221124935,-0.0008977538232,-1.436406117,0.001179932057,-0.0002821782339,1324.937104,-0.5643564677,-862.7244761
0.01225825319,-0.000902978908,-1.444766253,0.001199047475,-0.0002960685674,1243.903117,-0.5921371348,-924.2749193
0.01230620787,-0.0009079726521,-1.452756243,0.001218280092,-0.0003103074395,1170.644371,-0.6206148789,-987.5472982
0.0123554528,-0.0009127792037,-1.460446726,0.001237742198,-0.0003249629947,1103.864445,-0.6499259895,-1052.834506
0.01240625859,-0.0009174279628,-1.46788474,0.001257510348,-0.0003400823856,1042.635094,-0.6801647713,-1120.339769
0.01245890316,-0.0009219430485,-1.475108878,0.001277655522,-0.000355712474,986.2104834,-0.711424948,-1190.267561
0.01251364921,-0.0009263421394,-1.482147423,0.001298233605,-0.0003718914654,934.0108753,-0.7437829308,-1262.785557
0.01257076506,-0.0009306390319,-1.489022451,0.001319292487,-0.0003886534551,885.5658676,-0.7773069102,-1338.044362
0.01263052666,-0.0009348441592,-1.495750655,0.001340871436,-0.0004060272768,840.4915472,-0.8120545536,-1416.171947
0.01269322129,-0.0009389650972,-1.502344155,0.001363000752,-0.0004240356545,798.4718232,-0.848071309,-1497.269481
0.01275915651,-0.0009430072392,-1.508811583,0.001385702796,-0.0004426955571,759.2415016,-0.8853911143,-1581.41264
0.01282866517,-0.0009469739994,-1.515158399,0.001408990914,-0.0004620169148,722.5768942,-0.9240338297,-1668.645583
0.01290211334,-0.0009508670409,-1.521387265,0.001432868581,-0.0004820015402,688.2877378,-0.9640030804,-1758.975863
0.01297990865,-0.0009546863399,-1.527498144,0.001457327623,-0.0005026412831,656.2118299,-1.005282566,-1852.365874
0.01306251097,-0.0009584301794,-1.533488287,0.001482345856,-0.000523915677,626.2110278,-1.047831354,-1948.721997
0.01315044575,-0.0009620950268,-1.539352043,0.001507883705,-0.0005457886787,598.168676,-1.091577357,-2047.879607
0.01324432133,-0.0009656752962,-1.545080474,0.001533879588,-0.000568204292,571.9881372,-1.136408584,-2149.582996
0.01334485215,-0.0009691629528,-1.550660725,0.001560243512,-0.0005910805594,547.5924943,-1.182161119,-2253.457834
0.01345289054,-0.0009725469012,-1.556075042,0.001586848138,-0.0006143012366,524.9255297,-1.228602473,-2358.973041
0.01356947185,-0.0009758120545,-1.561299287,0.001613516059,-0.0006377040047,503.9543793,-1.275408009,-2465.386841
0.01369588078,-0.0009789379039,-1.566300646,0.00164000126,-0.0006610633558,484.6746243,-1.322126712,-2571.668472
0.01383375718,-0.000981896341,-1.571034146,0.001665961859,-0.0006840655185,467.1188712,-1.368131037,-2676.383522
0.01398526441,-0.000984647942,-1.575436707,0.001690916157,-0.000706268215,451.3728807,-1.41253643,-2777.510015
0.01415338845,-0.0009871355461,-1.579416874,0.001714169695,-0.0007270341485,437.6048476,-1.454068297,-2872.134574
0.01434255241,-0.0009892723322,-1.582835732,0.00173468547,-0.0007454131375,426.1221881,-1.490826275,-2955.914262
0.0145600478,-0.0009909154089,-1.585464654,0.001750810116,-0.0007598947072,417.5031591,-1.519789414,-3021.947633
0.01482058309,-0.0009917925994,-1.586868159,0.001759545198,-0.0007677525986,412.9752277,-1.535505197,-3057.785244
0.01517239311,-0.0009911376612,-1.585820258,0.001753014914,-0.000761877253,416.3511214,-1.523754506,-3030.988987
0.01561320783,-0.0009872637863,-1.579622058,0.001715386797,-0.0007281230111,436.9068471,-1.456246022,-2877.096803
0.0159421954,-0.0009819503162,-1.571120506,0.00166644392,-0.0006844936038,466.8046678,-1.368987208,-2678.3322
0.01627118297,-0.0009742098463,-1.558735754,0.001600305515,-0.000626095669,514.1366404,-1.252191338,-2412.593079
0.01660017055,-0.0009634691183,-1.541550589,0.001517736122,-0.0005542670038,587.9814699,-1.108534008,-2086.336124
0.01688582561,-0.0009509572561,-1.52153161,0.001433434163,-0.0004824769069,687.5124748,-0.9649538137,-1761.12642
0.01710823894,-0.0009384450618,-1.501512099,0.001360152654,-0.0004217075917,803.659988,-0.8434151835,-1486.779708
0.01729311294,-0.0009255451076,-1.480872172,0.001294433063,-0.0003688879558,943.2701009,-0.7377759116,-1249.314093
0.01745077091,-0.0009121452179,-1.459432349,0.001235119444,-0.000322974226,1112.467837,-0.6459484521,-1043.966686
0.01758666578,-0.0008982472699,-1.437195632,0.001181694953,-0.0002834476831,1317.088754,-0.5668953662,-868.3423505
0.01770622185,-0.0008836674048,-1.413867848,0.00113301271,-0.0002493453047,1566.830961,-0.4986906095,-718.0865784
0.01781340904,-0.0008681812676,-1.389090028,0.001088084714,-0.0002199034459,1874.247877,-0.4398068918,-589.7846996
0.01792059623,-0.0008497848152,-1.359655704,0.001041992658,-0.0001922078428,2297.347883,-0.3844156855,-470.968998
0.01800903688,-0.0008318891482,-1.331022637,0.001003117993,-0.0001712288448,2766.207626,-0.3424576896,-382.9047935
0.01809615302,-0.0008113915629,-1.298226501,0.0009641060024,-0.0001527144395,3359.754084,-0.305428879,-307.4915002
0.01818460792,-0.0007872829937,-1.25965279,0.0009237884988,-0.000136505505,4100.012053,-0.2730110101,-244.4870471
0.01829316494,-0.0007529280017,-1.204684803,0.0008733726371,-0.0001204446354,5121.461321,-0.2408892709,-187.184408
0.01837411713,-0.000724099677,-1.158559483,0.0008351317655,-0.0001110320885,5840.372239,-0.222064177,-157.85849
0.01845506931,-0.0006929953111,-1.108792498,0.0007963625064,-0.0001033671954,6407.100314,-0.2067343908,-137.714253
0.0185371566,-0.0006596777805,-1.055484449,0.000756532556,-9.685477542e-05,6775.095062,-0.1937095508,-123.9728489
0.01862805752,-0.0006213037341,-0.9940859746,0.0007118478119,-9.054407776e-05,6961.26384,-0.1810881555,-113.6386296
0.01873623857,-0.0005742759971,-0.9188415954,0.0006579232305,-8.364723342e-05,6974.558021,-0.1672944668,-104.8368809
0.01887818793,-0.0005111010148,-0.8177616237,0.0005860348145,-7.493379967e-05,6810.021127,-0.1498675993,-95.55829723
0.0190859983,-0.0004165807468,-0.6665291949,0.0004787517849,-6.217103803e-05,6395.028881,-0.1243420761,-82.94052928
0.01937825557,-0.0002807646487,-0.4492234379,0.0003245689682,-4.380431954e-05,5526.807219,-0.08760863908,-64.68122355
0.01973361002,-0.000113085874,-0.1809373984,0.0001336097131,-2.052383914e-05,3659.429447,-0.04104767828,-39.3464087
0.0198998164,-3.533220918e-05,-0.05653153469,4.360559869e-05,-8.273389514e-06,2154.272323,-0.01654677903,-20.88239515
0.01995793123,-9.363564588e-06,-0.01498170334,1.210077872e-05,-2.737214135e-06,1481.449144,-0.005474428271,-8.047566635
0.02000406078,1.000396207e-05,0.01600633931,-1.290599238e-05,2.90203031e-06,1499.409528,0.00580406062,8.494970767
0.02008419412,4.613910357e-05,0.07382256572,-5.63286624e-05,1.018955883e-05,2404.271965,0.02037911766,24.43406239
0.02017620175,8.913330969e-05,0.1426132955,-0.0001061325262,1.699921654e-05,3260.338365,0.03399843309,34.80867379
0.02027187417,0.0001342570509,0.2148112814,-0.0001578190702,2.356201931e-05,3975.279895,0.04712403862,43.00109446
0.02043065904,0.0002092277589,0.3347644142,-0.000243251872,3.402411311e-05,4881.394841,0.06804822622,54.57396195
0.02065752626,0.0003156488683,0.5050381893,-0.0003641877253,4.853885693e-05,5786.859231,0.09707771385,69.44986998
0.02096135389,0.0004556607767,0.7290572426,-0.0005230991293,6.743835269e-05,6584.300857,0.1348767054,88.113428
0.02132410854,0.0006165835503,0.9865336805,-0.0007064050905,8.982154022e-05,6971.149618,0.1796430804,112.615365
0.02147739962,0.0006804577476,1.088732396,-0.0007812174009,0.0001007596533,6572.517928,0.2015193067,131.8194521
0.02156816905,0.0007158615628,1.1453785,-0.0008246616274,0.0001088000647,6012.622325,0.2176001293,151.5916351
0.02163706365,0.0007409827694,1.185572431,-0.0008571816235,0.0001161988541,5439.690338,0.2323977081,173.4379174
0.02169358618,0.0007602251318,1.216360211,-0.000883555128,0.0001233299962,4915.248125,0.2466599924,196.9277391
0.02174305903,0.0007759506013,1.241520962,-0.0009064041594,0.0001304535581,4448.21957,0.2609071161,222.1048161
0.02179253188,0.0007905876462,1.264940234,-0.0009290268275,0.0001384391813,3997.744429,0.2768783626,251.7938483
0.02183681389,0.0008027612424,1.284417988,-0.0009490784925,0.0001463172501,3622.021302,0.2926345001,282.192531
0.0218810959,0.0008140784514,1.302525522,-0.0009689388733,0.0001548604219,3279.281295,0.3097208438,316.0805015
0.0219253779,0.0008245758513,1.319321362,-0.0009886033792,0.000164027528,2972.07007,0.3280550559,353.2496059
0.02196965991,0.0008343015526,1.334882484,-0.001008067508,0.0001737659555,2699.988319,0.3475319109,393.4334534
0.02201394192,0.0008433101586,1.349296254,-0.001027326857,0.000184016698,2460.817567,0.368033396,436.3329717
0.02205822393,0.0008516586884,1.362653901,-0.001046377126,0.0001947184374,2251.415445,0.3894368749,481.6372396
0.02210250594,0.0008594036048,1.375045768,-0.001065214123,0.0002058105183,2068.330203,0.4116210365,529.0386671
0.02214678795,0.0008665988592,1.386558175,-0.00108383376,0.0002172349008,1908.173559,0.4344698016,578.2429651
0.02219106996,0.0008732947556,1.397271609,-0.001102232051,0.000228937295,1767.818326,0.45787459,628.9749349
0.02223535197,0.0008795374094,1.407259855,-0.001120405107,0.0002408676973,1644.482686,0.4817353946,680.9812105
0.02227963397,0.0008853686094,1.416589775,-0.001138349134,0.0002529805247,1535.747684,0.5059610493,734.0309454
0.02232431173,0.0008908731233,1.425396997,-0.001156217655,0.0002653445319,1438.730262,0.5306890637,788.399966
0.02236972363,0.000896113603,1.433781765,-0.001174133176,0.0002780195729,1351.32246,0.5560391459,844.3338354
0.02241616804,0.0009011369952,1.441819192,-0.001192194925,0.0002910579294,1271.949629,0.5821158589,902.0508599
0.02246391878,0.0009059791177,1.449566588,-0.001210485232,0.0003045061144,1199.407985,0.6090122288,961.7481732
0.02251323335,0.0009106674238,1.457067878,-0.0012290727,0.0003184052763,1132.762047,0.6368105526,1023.602246
0.02256436101,0.0009152230904,1.464356945,-0.001248014917,0.0003327918265,1071.271883,0.6655836529,1087.77076
0.02261754912,0.0009196624673,1.471459948,-0.001267360187,0.0003476977199,1014.342972,0.6953954398,1154.393192
0.0226730495,0.0009239981815,1.47839709,-0.001287148934,0.0003631507525,961.4899111,0.7263015051,1223.591646
0.02273112444,0.0009282399244,1.485183879,-0.001307414541,0.0003791746168,912.3106779,0.7583492337,1295.470728
0.0227920491,0.0009323947773,1.491831644,-0.001328182538,0.0003957877608,866.4706266,0.7915755215,1370.112113
0.02285611982,0.0009364678016,1.498348483,-0.001349471353,0.000413003551,823.6863889,0.826007102,1447.575015
0.02292365886,0.0009404621946,1.504739511,-0.001371291209,0.0004308290143,783.7170357,0.8616580285,1527.890299
0.02299502209,0.0009443794743,1.511007159,-0.00139364321,0.0004492637359,746.3563082,0.8985274717,1611.055307
0.02307060706,0.0009482195136,1.517151222,-0.001416517578,0.0004682980643,711.42746,0.9365961287,1697.025556
0.02315086361,0.0009519805073,1.523168812,-0.00143989134,0.000487910833,678.7793861,0.975821666,1785.704239
0.02323630699,0.0009556588252,1.52905412,-0.001463725052,0.0005080662272,648.2841723,1.016132454,1876.927833
0.0233275352,0.0009592487512,1.534798002,-0.00148795834,0.0005287095888,619.8357646,1.057419178,1970.44687
0.0234252522,0.0009627420564,1.54038729,-0.001512503703,0.0005497616467,593.3498937,1.099523293,2065.899514
0.02353029994,0.0009661273504,1.545803761,-0.001537237876,0.0005711105256,568.765383,1.142221051,2162.774993
0.02364370399,0.0009693890933,1.551022549,-0.001561989487,0.0005926003932,546.0473569,1.185200786,2260.361691
0.02376674102,0.0009725060761,1.556009722,-0.00158652099,0.0006140149142,525.1932593,1.228029828,2357.671526
0.02390104804,0.0009754491127,1.56071858,-0.001610502122,0.0006350530089,506.2428594,1.270106018,2453.329188
0.02404879431,0.000978176997,1.565083195,-0.001633466117,0.0006552891195,489.2976198,1.310578239,2545.390746
0.02421299845,0.0009806296128,1.56900738,-0.001654737681,0.000674108068,474.5550752,1.348216136,2631.046355
0.02439818254,0.0009827147338,1.572343574,-0.001673301198,0.0006905864639,462.3778852,1.381172928,2706.079377
0.0246119498,0.0009842782136,1.574845142,-0.001687516781,0.0007032385677,453.456706,1.406477135,2763.70804
0.02487025602,0.0009850170377,1.57602726,-0.001694324261,0.0007093072229,449.3023872,1.418614446,2791.355398
0.02523269271,0.0009839756239,1.574360998,-0.001684745482,0.0007007698583,455.1694462,1.401539717,2752.462155
0.02561691499,0.0009801401498,1.56822424,-0.001650444483,0.0006703043329,477.4606437,1.340608666,2613.729978
0.02593658456,0.0009745867577,1.559338812,-0.001603391309,0.0006288045515,511.7227004,1.257609103,2424.91177
0.02625625414,0.0009665085424,1.546413668,-0.001540083522,0.0005735749799,566.0620098,1.14714996,2173.961288
0.02657592371,0.0009552785576,1.528445692,-0.00146121535,0.0005059367925,651.3727037,1.011873585,1867.284933
0.0268394133,0.0009429024837,1.508643974,-0.00138510151,0.0004421990264,760.2340384,0.8843980528,1579.172555
0.02705023645,0.0009302531733,1.488405077,-0.001317361198,0.0003871080243,889.8161552,0.7742160486,1331.100946
0.02722772265,0.0009170481223,1.467276996,-0.001255858741,0.0003388106182,1047.517094,0.6776212364,1114.656686
0.02737837751,0.0009033906137,1.445424982,-0.001200596473,0.0002972058591,1237.710492,0.5944117181,929.3228587
0.02750934545,0.0008891048311,1.42256773,-0.001150374638,0.0002612698072,1469.308532,0.5225396145,770.4599852
0.02762536965,0.0008740082443,1.398413191,-0.001104257499,0.0002302492548,1753.356001,0.4604985095,634.6810674
0.02774139384,0.0008559521666,1.369523467,-0.001056672478,0.0002007203111,2148.564102,0.4014406221,507.2374362
0.02783545452,0.000838580144,1.34172823,-0.001017057077,0.000178476933,2584.755851,0.3569538659,413.080949
0.02792593882,0.0008190553073,1.310488492,-0.0009781006585,0.0001590453512,3132.08635,0.3180907025,332.9581274
0.02801856328,0.0007957568354,1.273210937,-0.000937390041,0.0001416332056,3837.781161,0.2832664112,264.0038678
0.02811118774,0.0007688113962,1.230098234,-0.000895864631,0.0001270532348,4663.411362,0.2541064697,209.9066532
0.02820510097,0.0007378016881,1.180482701,-0.0008529585584,0.0001151568703,5519.838787,0.2303137406,170.185819
0.02829901419,0.000703528302,1.125645283,-0.0008092746139,0.0001057463119,6240.640157,0.2114926238,143.5365655
0.02839292742,0.0006667174558,1.066747929,-0.0007648455449,9.812808909e-05,6715.789869,0.1962561782,126.4022618
0.02849188883,0.0006259900099,1.001584016,-0.0007172606618,9.127065186e-05,6949.04198,0.1825413037,114.6971391
0.02860771661,0.0005766410895,0.9226257432,-0.0006606229138,8.398182431e-05,6977.587018,0.1679636486,105.2229425
0.02875729959,0.0005111486399,0.8178378238,-0.0005860889092,7.494026936e-05,6810.189768,0.1498805387,95.56483495
0.02897502869,0.0004133745988,0.6613993581,-0.0004751134923,6.173889354e-05,6378.451512,0.1234777871,82.51609105
0.02928034643,0.0002727240828,0.4363585325,-0.0003154345693,4.271048649e-05,5462.348733,0.08542097298,63.57028888
0.02964677761,0.0001007091814,0.1611346902,-0.0001194262087,1.871702732e-05,3459.212629,0.03743405464,37.0682366
0.02989528172,-1.164830914e-05,-0.01863729463,1.496376938e-05,-3.315460235e-06,1545.185129,-0.00663092047,-9.598259485
0.03001168113,-6.477612234e-05,-0.1036417957,7.803043881e-05,-1.325431647e-05,2800.332346,-0.02650863294,-29.45204722
0.03012808054,-0.0001195983189,-0.1913573103,0.0001410629266,-2.146460763e-05,3760.005505,-0.04292921527,-40.49922503
0.03031751664,-0.0002093235896,-0.3349177434,0.0002433608961,-3.403730647e-05,4882.381402,-0.06807461294,-54.58792541
0.03058726987,-0.0003364388213,-0.538302114,0.000387792259,-5.135343771e-05,5928.199248,-0.1027068754,-72.2592466
0.03093988604,-0.0004994752529,-0.7991604047,0.0005728320017,-7.33567488e-05,6767.399514,-0.1467134976,-93.97282397
0.0312779486,-0.0006492545384,-1.038807261,0.000744301133,-9.504659462e-05,6847.047108,-0.1900931892,-120.7318336
0.03139810762,-0.0006988104564,-1.11809673,0.0008034674294,-0.0001046569731,6318.383316,-0.2093139461,-140.8197418
0.03146990927,-0.0007265765684,-1.162522509,0.000838313766,-0.0001117371976,5785.516246,-0.2234743952,-159.9003407
0.03153001572,-0.0007484027193,-1.197444351,0.000867173567,-0.0001187708478,5245.058286,-0.2375416955,-181.6749948
0.03158180777,-0.0007660083775,-1.225613404,0.0008918043381,-0.0001257959606,4746.576146,-0.2515919212,-205.4769854
0.03162833356,-0.000780798668,-1.249277869,0.0009137368637,-0.0001329381957,4299.962629,-0.2658763915,-231.1982279
0.03167485934,-0.0007945879479,-1.271340717,0.0009354801405,-0.0001408921927,3873.926644,-0.2817843854,-261.1564156
0.03172138513,-0.0008073792639,-1.291806822,0.0009570285473,-0.0001496492834,3481.045624,-0.2992985668,-295.3098916
0.03176791092,-0.0008192028752,-1.3107246,0.0009783765289,-0.0001591736537,3127.762231,-0.3183473074,-333.4785122
0.0318144367,-0.0008301091472,-1.328174636,0.0009995186244,-0.0001694094772,2815.621427,-0.3388189544,-375.3799363
0.03186096249,-0.0008401610056,-1.344257609,0.001020449488,-0.0001802884822,2542.921212,-0.3605769644,-420.6682499
0.03190748827,-0.0008494273454,-1.359083753,0.001041163899,-0.0001917365533,2306.1814,-0.3834731067,-468.9676561
0.03195401406,-0.0008579780318,-1.372764851,0.001061656767,-0.0002036787354,2101.203574,-0.4073574708,-519.8980107
0.03200053984,-0.0008658805363,-1.385408858,0.001081923134,-0.0002160425975,1923.728402,-0.4320851949,-573.0919906
0.03204706563,-0.0008731979419,-1.397116707,0.001101958166,-0.0002287602245,1769.788031,-0.4575204489,-628.2052595
0.03209359142,-0.0008799879594,-1.407980735,0.001121757155,-0.0002417691953,1635.859766,-0.4835383907,-684.9214654
0.0321401172,-0.0008863026237,-1.418084198,0.001141315505,-0.0002550128815,1518.904136,-0.510025763,-742.9537661
0.03218664299,-0.0008921884091,-1.427501455,0.001160628735,-0.0002684403258,1416.342814,-0.5368806516,-802.0442168
0.03223326918,-0.0008976980519,-1.436316883,0.001179733335,-0.0002820352835,1325.82675,-0.5640705669,-862.0920179
0.03228057244,-0.0009029276015,-1.444684162,0.001198854876,-0.0002959272743,1244.676785,-0.5918545487,-923.6479235
0.03232882518,-0.0009079233447,-1.452677352,0.001218085378,-0.0003101620335,1171.348168,-0.620324067,-986.9003404
0.03237837443,-0.0009127302238,-1.460368358,0.001237538969,-0.0003248087448,1104.526925,-0.6496174895,-1052.146569
0.032429494,-0.00091737788,-1.467804608,0.001257292221,-0.0003399143408,1043.27758,-0.6798286817,-1119.588704
0.03248246659,-0.0009218907235,-1.475025158,0.001277416511,-0.0003555257875,986.8476415,-0.711051575,-1189.431555
0.03253755875,-0.0009262865677,-1.482058508,0.001297967573,-0.0003716810056,934.6536503,-0.7433620113,-1261.841418
0.03259504324,-0.0009305793152,-1.488926904,0.00131899308,-0.0003884137649,886.2223815,-0.7768275298,-1336.967343
0.03265520045,-0.000934779436,-1.495647098,0.001340531768,-0.0004057523322,841.1682679,-0.8115046643,-1414.934667
0.0327183227,-0.0009388945107,-1.502231217,0.001362613227,-0.0004237187161,799.1741205,-0.8474374322,-1495.841254
0.03278472319,-0.0009429298958,-1.508687833,0.001385258833,-0.0004423289374,759.9741916,-0.8846578747,-1579.758423
0.03285474133,-0.0009468889342,-1.515022295,0.001408480665,-0.0004615917304,723.344609,-0.9231834608,-1666.72485
0.03292875092,-0.000950773177,-1.521237083,0.001432280565,-0.0004815073885,689.0952725,-0.963014777,-1756.741128
0.03300716886,-0.0009545824444,-1.527331911,0.001456648287,-0.0005020658422,657.0644538,-1.004131684,-1849.760871
0.03309046637,-0.0009583148087,-1.533303694,0.001481558995,-0.0005232441861,627.1148112,-1.046488372,-1945.679305
0.03317918295,-0.0009619664574,-1.539146332,0.001506969716,-0.0005450032586,599.1308604,-1.090006517,-2044.317551
0.03327394481,-0.0009655314334,-1.544850293,0.001532814464,-0.0005672830307,573.0176002,-1.134566061,-2145.40147
0.0333754894,-0.000969001205,-1.550401928,0.001558997467,-0.0005899962624,548.7003639,-1.179992525,-2248.532594
0.03348469947,-0.0009723640016,-1.555782403,0.001585383666,-0.0006130196646,526.1260565,-1.226039329,-2353.147659
0.03360265155,-0.0009756037984,-1.560966078,0.001611785122,-0.0006361813234,505.2662228,-1.272362647,-2458.461064
0.033730688,-0.0009786987518,-1.565918003,0.001637941097,-0.0006592423449,486.1228169,-1.31848469,-2563.380918
0.0338705347,-0.0009816188227,-1.570590116,0.001663488782,-0.0006818699593,468.7377853,-1.363739919,-2666.386072
0.03402448412,-0.0009843215309,-1.574914449,0.001687914293,-0.0007035927617,453.2120574,-1.407185523,-2765.321612
0.03419574278,-0.00098674482,-1.578791712,0.00171047283,-0.0007237280099,439.7385878,-1.44745602,-2857.066811
0.03438914693,-0.0009887930918,-1.582068947,0.001730039904,-0.0007412468124,428.6703659,-1.482493625,-2936.919753
0.0346129277,-0.0009903053498,-1.58448856,0.001744787312,-0.0007544819618,420.6822392,-1.508963924,-2997.264478
0.03488479062,-0.0009909593728,-1.585534996,0.0017512458,-0.0007602864276,417.2750143,-1.520572855,-3023.734029
0.03527704382,-0.0009896562683,-1.583450029,0.001738425861,-0.000748769593,424.0919703,-1.497539186,-2971.217528
0.03566929701,-0.0009856025279,-1.576964045,0.001699760471,-0.0007141579431,446.0379037,-1.428315886,-2813.456217
0.0360615502,-0.0009784668255,-1.565546921,0.001635948935,-0.0006574821095,487.5314596,-1.314964219,-2555.368746
0.0364538034,-0.000967569089,-1.548110542,0.001548065208,-0.0005804961186,558.6085615,-1.160992237,-2205.385507
0.03676528506,-0.0009554077481,-1.528652397,0.001462066598,-0.0005066588501,650.3217823,-1.0133177,-1870.555406
0.03700851201,-0.0009429773237,-1.508763718,0.001385530935,-0.0004425536109,759.524815,-0.8851072218,-1580.772601
0.03720836187,-0.000930148635,-1.488237816,0.001316839319,-0.0003866906842,890.9710165,-0.7733813685,-1329.226206
0.03737612875,-0.0009169299106,-1.467087857,0.001255346111,-0.0003384162008,1049.040782,-0.6768324016,-1112.894219
0.03751994443,-0.000903228801,-1.445166082,0.00119998685,-0.0002967580485,1240.141068,-0.593516097,-927.3353304
0.03764549846,-0.0008889145342,-1.422263255,0.001149751731,-0.0002608371965,1472.632247,-0.5216743929,-768.5565345
0.0377572154,-0.0008737851478,-1.398056236,0.001103622755,-0.0002298376075,1757.867954,-0.4596752149,-632.8904289
0.03786893234,-0.0008557590304,-1.369214449,0.001056201643,-0.0002004426126,2153.118583,-0.4008852252,-506.0502688
0.03796004809,-0.0008383679744,-1.341388759,0.001016604737,-0.0001782367631,2590.401484,-0.3564735262,-412.0763766
0.03804807462,-0.0008187835249,-1.31005364,0.0009775930462,-0.0001588095213,3140.056653,-0.3176190425,-332.0027876
0.03813751646,-0.0007956515258,-1.273042441,0.0009372175263,-0.0001415660005,3841.03659,-0.283132001,-263.7452058
0.03822705044,-0.0007689608637,-1.230337382,0.0008960823297,-0.000127121466,4658.953488,-0.254242932,-210.1483481
0.03831658441,-0.0007387806921,-1.182049107,0.0008542546186,-0.0001154739265,5495.391833,-0.2309478529,-171.1697401
0.03840611839,-0.0007055384859,-1.128861578,0.0008117613922,-0.0001062229062,6205.927917,-0.2124458125,-144.7518425
0.03849565236,-0.0006699101581,-1.071856253,0.0007686314076,-9.872124944e-05,6685.843671,-0.1974424989,-127.5764356
0.03858996554,-0.000630556174,-1.008889878,0.0007225444586,-9.198828463e-05,6934.670733,-0.1839765693,-115.7732049
0.0386996942,-0.0005832125023,-0.9331400037,0.0006681291,-8.491659766e-05,6984.337227,-0.1698331953,-106.3192106
0.03884009559,-0.0005210623684,-0.8336997895,0.0005973513657,-7.628899731e-05,6844.151825,-0.1525779946,-96.93490579
0.03904257461,-0.0004293678561,-0.6869885698,0.0004932622507,-6.389439456e-05,6459.550191,-0.1277887891,-84.63253897
0.03933333063,-0.0002946975355,-0.4715160567,0.0003403948621,-4.56973266e-05,5634.353447,-0.0913946532,-66.59513984
0.03968721153,-0.0001279484818,-0.2047175709,0.0001506109627,-2.266248086e-05,3884.453779,-0.04532496172,-41.93873216
0.0400165821,2.207383902e-05,0.03531814243,-2.775364475e-05,5.679805735e-06,1824.438551,0.01135961147,15.40489522
0.04019731048,0.0001060956676,0.1697530682,-0.0001256024159,1.950674823e-05,3547.859983,0.03901349645,38.07512138
0.04037803885,0.0001914752863,0.3063604582,-0.0002230494293,3.157414298e-05,4691.960148,0.06314828596,51.95992689
0.04071084727,0.0003475487033,0.5560779253,-0.0004004044569,5.285575357e-05,5999.976076,0.1057115071,73.7524195
0.04109389937,0.0005225431909,0.8360691054,-0.0005990340229,7.649083199e-05,6849.020824,0.152981664,97.14128065
0.04135853779,0.0006381762041,1.021081927,-0.0007313857924,9.32095883e-05,6904.843145,0.1864191766,117.6784414
0.04148809337,0.0006913756163,1.106200986,-0.0007943931342,0.0001030175179,6430.433351,0.2060350359,136.8938494
0.04157005289,0.0007228842909,1.156614865,-0.0008335762283,0.0001106919374,5866.77587,0.2213838749,156.8842726
0.04163452215,0.0007460672196,1.193707551,-0.0008640062282,0.0001179390086,5307.436485,0.2358780171,178.9794921
0.04168865327,0.0007642502703,1.222800432,-0.0008892787881,0.0001250285178,4798.290185,0.2500570357,202.7959186
0.0417367324,0.0007793339888,1.246934382,-0.0009115057441,0.0001321717554,4344.895293,0.2643435107,228.3780818
0.04178481153,0.0007933807418,1.269409187,-0.0009335193222,0.0001401385804,3911.27922,0.2802771608,258.2693992
0.04183289065,0.0008063929874,1.29022878,-0.0009553134748,0.0001489204874,3511.042428,0.2978409748,292.4292316
0.04188096978,0.0008184022248,1.30944356,-0.0009768822303,0.0001584800055,3151.252501,0.3169600111,330.6691785
0.04192904891,0.000829461407,1.327138251,-0.0009982197249,0.0001687583179,2833.716723,0.3375166359,372.6918273
0.04197712803,0.0008396368192,1.343418911,-0.001019320224,0.0001796834049,2556.747587,0.3593668099,418.1323202
0.04202520716,0.0008490009868,1.358401579,-0.001040178135,0.0001911771487,2316.746922,0.3823542975,466.5946112
0.04207328629,0.0008576273194,1.372203711,-0.001060788014,0.0002031606943,2109.348439,0.4063213885,517.6788231
0.04212136541,0.0008655865371,1.384938459,-0.00108114456,0.0002155580229,1930.122596,0.4311160459,570.9994847
0.04216944454,0.0008729445799,1.396711328,-0.001101242619,0.000228298039,1774.951032,0.456596078,626.1961817
0.04221752367,0.0008797616043,1.407618567,-0.001121077172,0.0002413155677,1640.187234,0.4826311354,682.9386551
0.0422656028,0.0008860917019,1.417746723,-0.001140643333,0.0002545516306,1522.694074,0.5091032611,740.92821
0.04231368192,0.0008919830568,1.427172891,-0.001159936338,0.0002679532815,1419.818132,0.535906563,799.8968844
0.04236185825,0.0008974890782,1.435982525,-0.001178989705,0.0002815006265,1329.164927,0.5630012531,859.7267065
0.0424107477,0.0009027089719,1.444334355,-0.001198035276,0.0002953263039,1247.97842,0.5906526077,920.9812773
0.04246063782,0.0009076899128,1.45230386,-0.001217164893,0.0003094749804,1174.685332,0.6189499608,983.8436379
0.04251189885,0.0009124778427,1.459964548,-0.001236493409,0.0003240155664,1107.946336,0.6480311329,1048.609337
0.04256482314,0.00091710281,1.467364496,-0.001256096239,0.0003389934287,1046.812895,0.6779868574,1115.473041
0.04261971422,0.000921589481,1.47454317,-0.001276043066,0.0003544535848,990.5233955,0.7089071696,1184.630445
0.04267685974,0.0009259556858,1.481529097,-0.001296386861,0.0003704311752,938.4895292,0.7408623504,1256.235002
0.04273655663,0.00093021525,1.4883444,-0.001317171912,0.0003869566616,890.2349379,0.7739133232,1330.420533
0.0427991108,0.0009343783106,1.495005297,-0.001338431998,0.0004040536876,845.3740171,0.8081073751,1407.291199
0.04286484504,0.0009384520611,1.501523298,-0.00136019098,0.0004217389186,803.5899427,0.8434778373,1486.920394
0.04293410754,0.000942441277,1.507906043,-0.001382462847,0.0004400215697,764.6189788,0.8800431393,1569.348309
0.04300727948,0.0009463485586,1.514157694,-0.001405250572,0.0004589020131,728.2402567,0.9178040262,1654.575391
0.04308478483,0.0009501744903,1.520279184,-0.001428544564,0.0004783700741,694.2679902,0.9567401482,1742.554391
0.04316710189,0.0009539176539,1.526268246,-0.001452320202,0.0004984025477,662.5461793,0.9968050954,1833.178904
0.04325477814,0.0009575745224,1.532119236,-0.001476534373,0.0005189598502,632.9450375,1.0379197,1926.267963
0.0433484494,0.0009611392021,1.537822723,-0.001501120615,0.0005399814127,605.3590181,1.079962825,2021.544906
0.04344886578,0.0009646029867,1.543364779,-0.001525982301,0.0005613793141,579.7063675,1.122758628,2118.608206
0.04355692759,0.0009679536474,1.548725836,-0.001550982998,0.0005830293502,555.930392,1.1660587,2216.890601
0.04367373693,0.0009711743301,1.553878928,-0.00157593256,0.0006047582299,534.0029682,1.20951646,2315.600539
0.04380067506,0.0009742418297,1.558786928,-0.001600566552,0.000626324722,513.9313542,1.252649444,2413.63601
0.04393953179,0.0009771239654,1.563398345,-0.001624515938,0.0006473919722,495.7695417,1.294783944,2509.45806
0.04409270446,0.0009797746937,1.56763951,-0.001647254597,0.0006674799034,479.6418919,1.334959807,2600.873496
0.04426359809,0.000982125975,1.57140156,-0.001668014225,0.0006858882504,465.7836059,1.371776501,2684.683644
0.04445746308,0.000984071041,1.574513666,-0.001685618318,0.000701547277,454.628647,1.403094554,2756.003547
0.04468360103,0.0009854245307,1.576679249,-0.001698103829,0.0007126792986,447.027777,1.425358597,2806.719279
0.04496385636,0.000985788995,1.577262392,-0.001701499425,0.0007157104303,445.0033331,1.431420861,2820.530628
0.04543363032,0.0009831587014,1.573053922,-0.001677311848,0.0006941531466,459.826541,1.388306293,2722.323366
0.04576108721,0.0009787816297,1.566050608,-0.001638654495,0.0006598728649,485.6204494,1.31974573,2566.249995
0.04608854411,0.0009720168769,1.555227003,-0.001582612918,0.0006105960412,528.4121788,1.221192082,2342.130584
0.04641600101,0.0009623699499,1.53979192,-0.001509842955,0.0005474730054,596.1164021,1.094946011,2055.51713
0.04674345791,0.0009489810402,1.518369664,-0.001421170722,0.000472189682,704.6941398,0.9443793641,1714.616482
0.04697423634,0.0009365016202,1.498402592,-0.00134965203,0.0004131504097,823.3398344,0.8263008194,1448.236616
0.04716408668,0.0009236511619,1.477841859,-0.001285531221,0.0003618800589,965.6226288,0.7237601178,1217.897291
0.04732621496,0.0009102006952,1.456321112,-0.001227181857,0.0003169811614,1139.241803,0.6339623229,1017.258597
0.04746530456,0.0008962488311,1.43399813,-0.001174607615,0.0002783587842,1349.129755,0.5567175683,845.8337301
0.04758753067,0.0008815768983,1.410523037,-0.001126570576,0.0002449936778,1605.746858,0.4899873556,699.0258536
0.04769703883,0.0008659584487,1.385533518,-0.001082129777,0.0002161713283,1922.036593,0.4323426565,573.6480483
0.04780654699,0.0008473597881,1.355775661,-0.001036413786,0.0001890539974,2357.717018,0.3781079949,457.6002896
0.04789685163,0.0008292459423,1.326793508,-0.0009977890639,0.0001685431216,2839.749193,0.3370862432,371.8035128
0.04798617869,0.0008083848257,1.293415721,-0.0009587871087,0.000150402283,3450.532188,0.300804566,298.2923998
0.04807781708,0.0007835590973,1.253694556,-0.0009179804785,0.0001344213812,4215.013676,0.2688427624,236.6916229
0.04819365997,0.0007470118498,1.19521896,-0.0008652846738,0.000118272824,5282.32629,0.236545648,180.0579848
0.04827536006,0.0007180307327,1.148849172,-0.0008274024344,0.0001093717017,5968.80424,0.2187434033,153.1672151
0.04835706015,0.0006868822171,1.099011547,-0.0007889504553,0.0001020682382,6492.078953,0.2041364764,134.712718
0.04844141065,0.0006529918748,1.044787,-0.0007486770949,9.568522006e-05,6823.320409,0.1913704401,121.8490452
0.0485359326,0.0006135281454,0.9816450326,-0.0007028865723,8.935842687e-05,6976.326446,0.1787168537,111.9741603
0.0486500895,0.0005644413736,0.9031061978,-0.000646706445,8.226507134e-05,6958.873899,0.1645301427,103.2737606
0.04880237361,0.0004973198948,0.7957118316,-0.0005703847042,7.306480941e-05,6759.193311,0.1461296188,93.68090642
0.04902760215,0.0003956162209,0.6329859534,-0.000454960951,5.934473013e-05,6283.662662,0.1186894603,80.16251727
0.04933389745,0.0002539162301,0.4062659682,-0.0002940635636,4.014733342e-05,5304.224451,0.08029466683,60.95069846
0.04970237936,8.071161178e-05,0.1291385788,-9.643941764e-05,1.572780587e-05,3107.995458,0.03145561174,33.06478957
0.04982904937,2.221583791e-05,0.03554534065,-2.792548169e-05,5.709643778e-06,1828.116206,0.01141928756,15.47280378
0.04987054323,4.15218239e-06,0.006643491823,-5.452489407e-06,1.300307017e-06,1332.453604,0.002600614034,3.967659959
0.04991203708,-1.330774238e-05,-0.02129238782,1.702731986e-05,-3.719577476e-06,1590.889075,-0.007439154951,-10.65061299
0.04995353094,-3.188116324e-05,-0.05100986119,3.951064486e-05,-7.629481622e-06,2070.978414,-0.01525896324,-19.60057018
0.05000502202,-5.563133243e-05,-0.08901013189,6.741129707e-05,-1.177996464e-05,2611.223227,-0.02355992928,-27.12598893
0.05006965521,-8.590912609e-05,-0.1374546017,0.0001024240115,-1.651488537e-05,3202.806426,-0.03302977073,-34.1522034
0.05015904714,-0.0001281208942,-0.2049934307,0.0001508080185,-2.26871243e-05,3886.971863,-0.0453742486,-41.96803956
0.0502886399,-0.0001894960246,-0.3031936394,0.000220796221,-3.13001964e-05,4669.983267,-0.06260039279,-51.66481723
0.0504848645,-0.000282188835,-0.4515021361,0.0003261867894,-4.399795439e-05,5538.037834,-0.08799590878,-64.8774881
0.05075565947,-0.0004087020627,-0.6539233003,0.0004698111152,-6.110905244e-05,6354.001606,-0.1222181049,-81.89730823
0.05108411869,-0.0005584056494,-0.8934490391,0.0006398288666,-8.142321716e-05,6947.002421,-0.1628464343,-102.34402
0.05130984954,-0.0006567821927,-1.050851508,0.000753125955,-9.634376227e-05,6796.916408,-0.1926875245,-123.0324179
0.05141967775,-0.0007016820173,-1.122691228,0.0008069971731,-0.0001053151557,6271.684743,-0.2106303115,-142.4512437
0.05149690378,-0.0007312263875,-1.16996222,0.0008443338393,-0.0001131074518,5678.800759,-0.2262149036,-163.9477051
0.05155718614,-0.0007527654804,-1.204424769,0.0008731485822,-0.0001203831018,5125.960044,-0.2407662035,-186.9797597
0.05160831056,-0.000769829051,-1.231726482,0.0008973491266,-0.0001275200756,4633.015723,-0.2550401512,-211.5634499
0.05165423925,-0.0007841518431,-1.254642949,0.000918898385,-0.0001347465419,4196.734657,-0.2694930837,-237.9023733
0.05170016794,-0.0007975007575,-1.276001212,0.000940260483,-0.0001427597255,3783.908689,-0.2855194509,-268.3493669
0.05174609664,-0.000809885439,-1.295816702,0.0009614300426,-0.0001515446036,3405.136442,-0.3030892072,-302.8302051
0.05179202533,-0.0008213397567,-1.314143611,0.0009824017559,-0.0001610619992,3065.425885,-0.3221239985,-341.1474609
0.05183795402,-0.0008319149613,-1.331063938,0.001003170409,-0.0001712554482,2765.494457,-0.3425108964,-383.0154218
0.05188388272,-0.000841672783,-1.346676453,0.001023730901,-0.0001820581181,2503.299637,-0.3641162362,-428.0954044
0.05192981141,-0.0008506795769,-1.361087323,0.001044078249,-0.0001933986725,2275.337065,-0.386797345,-476.0256813
0.0519757401,-0.0008590019635,-1.374403142,0.001064207597,-0.0002052056334,2077.553932,-0.4104112667,-526.4437432
0.0520216688,-0.0008667039374,-1.3867263,0.00108411421,-0.0002174102721,1905.906243,-0.4348205443,-579.0010554
0.05206759749,-0.0008738451771,-1.398152283,0.001103793473,-0.0002299482962,1756.652996,-0.4598965923,-633.3716661
0.05211352618,-0.0008804802343,-1.408768375,0.001123240889,-0.0002427606549,1626.480907,-0.4855213098,-689.2563247
0.05215945488,-0.0008866583096,-1.418653295,0.001142452068,-0.0002557937586,1512.531114,-0.5115875173,-746.3836027
0.05220538357,-0.0008924233892,-1.427877423,0.001161422726,-0.0002689993369,1412.375131,-0.5379986738,-804.5091731
0.05225164199,-0.0008978520211,-1.436563234,0.00118028222,-0.0002824301988,1323.371964,-0.5648603976,-863.8392904
0.05229865379,-0.0009030169187,-1.44482707,0.00119919023,-0.0002961733111,1243.33022,-0.5923466222,-924.7397282
0.05234672298,-0.000907964905,-1.452743848,0.001218249493,-0.0003102845884,1170.754925,-0.6205691769,-987.445619
0.05239615625,-0.0009127343174,-1.460374908,0.001237555951,-0.0003248216337,1104.471543,-0.6496432673,-1052.204046
0.05244722622,-0.0009173529995,-1.467764799,0.001257183901,-0.0003398309019,1043.596896,-0.6796618038,-1119.215781
0.05250020164,-0.0009218427642,-1.474948423,0.001277197559,-0.0003553547945,987.4319781,-0.710709589,-1188.665839
0.05255534498,-0.0009262200525,-1.481952084,0.001297649363,-0.0003714293101,935.4235554,-0.7428586203,-1260.712316
0.05261292435,-0.0009304975503,-1.488796081,0.001318583442,-0.000388085892,887.1220448,-0.776171784,-1335.494122
0.05267321701,-0.0009346847867,-1.495495659,0.00134003548,-0.0004053506931,842.1588306,-0.8107013862,-1413.127297
0.05273651437,-0.00093878866,-1.502061856,0.001362032662,-0.0004232440017,800.228403,-0.8464880035,-1493.702099
0.05280312965,-0.0009428139603,-1.508502337,0.001384594056,-0.0004417800957,761.0737681,-0.8835601915,-1577.282081
0.05287340377,-0.0009467635769,-1.514821723,0.00140772961,-0.0004609660334,724.4774209,-0.9219320668,-1663.898405
0.05294771329,-0.0009506386708,-1.521021873,0.001431439021,-0.0004808003499,690.2540951,-0.9616006998,-1753.54374
0.0530264794,-0.0009544387153,-1.527101944,0.001455709801,-0.0005012710856,658.2457874,-1.002542171,-1846.163147
0.05311017938,-0.0009581614517,-1.533058323,0.001480514644,-0.0005223531924,628.3181819,-1.044706385,-1941.642125
0.05319936102,-0.0009618027326,-1.538884372,0.001505807739,-0.000544005006,600.3583839,-1.088010012,-2039.790408
0.05329466155,-0.0009653562321,-1.544569971,0.001531519673,-0.000566163441,574.2738325,-1.132326882,-2140.31993
0.05339683332,-0.0009688129859,-1.550100777,0.001557550394,-0.0005887374085,549.9923918,-1.177474817,-2242.81467
0.05350677924,-0.0009721606834,-1.555457093,0.001583759303,-0.0006115986196,527.4638694,-1.223197239,-2346.688554
0.05362560377,-0.0009753825871,-1.560612139,0.001609951037,-0.0006345684503,506.6634698,-1.269136901,-2451.125361
0.053754689,-0.0009784558645,-1.565529383,0.001635854556,-0.0006573986918,487.5981359,-1.314797384,-2554.990692
0.05389582114,-0.000981349064,-1.570158502,0.001661092433,-0.0006797433691,470.3169186,-1.359486738,-2656.703141
0.05405138463,-0.0009840174747,-1.57442796,0.001685128187,-0.0007011107122,454.9321657,-1.402221424,-2754.014895
0.05422474639,-0.0009863954347,-1.578232696,0.001707181241,-0.000720785806,441.65559,-1.441571612,-2843.658503
0.05442105172,-0.0009883807685,-1.58140923,0.001726063596,-0.000737682827,430.8752442,-1.475365654,-2920.672505
0.05464926706,-0.0009897984312,-1.58367749,0.001739815062,-0.0007500166304,423.3427469,-1.500033261,-2976.903496
0.05492967514,-0.0009902841526,-1.584454644,0.00174457881,-0.0007542946574,420.7931457,-1.508589315,-2996.410364
0.05536500149,-0.0009883247997,-1.58131968,0.001725525335,-0.0007372005352,431.1754293,-1.47440107,-2918.473855
0.05571691201,-0.00098421407,-1.574742512,0.001686928582,-0.000702714512,453.819225,-1.405429024,-2761.320378
0.05606882253,-0.0009775560619,-1.564089699,0.001628175651,-0.0006506195891,493.1034173,-1.301239178,-2524.141977
0.05642073306,-0.0009678322252,-1.54853156,0.001550060621,-0.0005822283959,556.7746093,-1.164456792,-2213.25154
0.05677264358,-0.0009541158492,-1.526585359,0.001453606285,-0.0004994904356,660.9071708,-0.9989808713,-1838.106897
0.05701148719,-0.0009417114237,-1.506738278,0.001378314402,-0.0004366029785,771.6086002,-0.873205957,-1553.928019
0.05720747444,-0.0009289602894,-1.486336463,0.001310948708,-0.0003819884186,904.2001608,-0.7639768372,-1308.105248
0.05737402401,-0.0009156770512,-1.465083282,0.001249951927,-0.0003342748753,1065.316756,-0.6685497506,-1094.393967
0.05751654051,-0.0009019366992,-1.443098719,0.001195154428,-0.0002932177289,1259.703858,-0.5864354578,-911.6281297
0.05764121107,-0.0008875565285,-1.420090446,0.001145339281,-0.0002577827523,1496.538171,-0.5155655046,-755.12412
0.05775227331,-0.0008723416426,-1.395746628,0.001099546256,-0.0002272046132,1787.28578,-0.4544092264,-621.4450355
0.05786333555,-0.0008542187926,-1.366750068,0.001052472999,-0.0001982542063,2189.684101,-0.3965084126,-496.7041345
0.05795411372,-0.0008367042587,-1.338726814,0.001013081758,-0.0001763774989,2634.921944,-0.3527549977,-404.30987
0.05804221186,-0.0008168975604,-1.307036097,0.0009740941539,-0.0001571965935,3195.587069,-0.314393187,-325.4820648
0.05813176498,-0.0007935056544,-1.269609047,0.0009337217357,-0.0001402160813,3907.413439,-0.2804321627,-258.5656198
0.05822366942,-0.0007658243964,-1.225319034,0.0008915393995,-0.0001257150031,4752.004684,-0.2514300062,-205.1929596
0.05831557386,-0.0007345110466,-1.175217675,0.0008486253072,-0.0001141142606,5600.546225,-0.2282285213,-166.9852319
0.0584074783,-0.0007000657958,-1.120105273,0.0008050088092,-0.0001049430135,6298.205221,-0.2098860269,-141.5246762
0.05849938275,-0.0006632297319,-1.061167571,0.0007607212669,-9.749153495e-05,6746.303726,-0.1949830699,-125.1722952
0.05859754047,-0.0006220570086,-0.9952912137,0.0007127172344,-9.066022577e-05,6959.465263,-0.1813204515,-113.8058101
0.05871349191,-0.0005718313696,-0.9149301914,0.0006551337042,-8.330233459e-05,6971.112877,-0.1666046692,-104.4421924
0.0588652217,-0.0005044362636,-0.8070980217,0.0005784654611,-7.402919756e-05,6785.933737,-0.1480583951,-94.64698937
0.05908857602,-0.0004029035343,-0.6446456549,0.0004632308703,-6.032733603e-05,6323.175522,-0.1206546721,-81.12896922
0.0593962006,-0.000259877044,-0.4158032704,0.0003008374615,-4.096041747e-05,5355.495193,-0.08192083494,-61.78433872
0.05976653008,-8.524075918e-05,-0.1363852147,0.0001016548824,-1.64141232e-05,3190.758759,-0.0328282464,-34.01445034
0.05990170347,-2.264306518e-05,-0.03622890428,2.844198928e-05,-5.798924108e-06,1839.161343,-0.01159784822,-15.67564808
0.05999591113,1.785390425e-05,0.02856624681,-2.262245817e-05,4.768553916e-06,1713.632224,0.009537107833,13.2655634
0.06009011879,6.101302109e-05,0.09762083375,-7.366640618e-05,1.265338508e-05,2723.682878,0.02530677017,28.52174598
0.06019818622,0.0001118056505,0.1788890408,-0.0001321438058,2.033815528e-05,3639.281336,0.04067631057,39.11634259
0.06034934939,0.0001832504229,0.2932006766,-0.0002136850065,3.043458359e-05,4599.447405,0.06086916717,50.72819936
0.06058024247,0.0002919529232,0.4671246771,-0.0003372775777,4.532465449e-05,5613.570749,0.09064930897,66.21917197
0.06089296037,0.0004368829034,0.6990126455,-0.0005017900892,6.490718581e-05,6496.291889,0.1298143716,85.62678499
0.0612622882,0.0006021692164,0.9634707462,-0.000689833831,8.766461465e-05,6987.894335,0.1753292293,109.7191259
0.06142561503,0.0006712398406,1.073983745,-0.0007702111833,9.897134273e-05,6672.790095,0.1979426855,128.0797232
0.06152290076,0.0007098667343,1.135786775,-0.0008171427299,0.0001072759956,6127.947774,0.2145519913,147.4931625
0.06159510797,0.0007366853984,1.178696637,-0.0008514844774,0.000114799079,5547.472052,0.229598158,169.0818758
0.06165329904,0.0007568673673,1.210987788,-0.0008788398473,0.00012197248,5011.13022,0.24394496,192.3066094
0.06170360939,0.0007731613142,1.237058103,-0.0009022511241,0.0001290898098,4532.808148,0.2581796197,217.1765332
0.06175391973,0.0007883260431,1.261321669,-0.0009254330332,0.00013710699,4067.74629,0.2742139801,246.7528258
0.06179842453,0.0008007886157,1.281261785,-0.0009457430878,0.000144954472,3682.595217,0.2899089441,276.8688036
0.06184292932,0.0008123735937,1.29979775,-0.000965863419,0.0001534898253,3330.26696,0.3069796506,310.5895703
0.06188743412,0.0008231158189,1.31698531,-0.0009857893165,0.0001626734975,3014.028317,0.3253469951,347.7152501
0.06193193891,0.0008330631247,1.332900999,-0.001005516158,0.0001724530329,2733.873042,0.3449060658,387.980311
0.0619764437,0.0008422709153,1.347633465,-0.001025039419,0.0001827685042,2487.728623,0.3655370083,431.0810376
0.0620209485,0.0008507977035,1.361276326,-0.001044354686,0.0001935569823,2272.441882,0.3871139646,476.6983432
0.06206545329,0.0008587018117,1.373922899,-0.001063457649,0.0002047558368,2084.466434,0.4095116736,524.5146122
0.06210995808,0.0008660391789,1.385662686,-0.001082344107,0.0002163049283,1920.284794,0.4326098566,574.2248925
0.06215446288,0.0008728620664,1.396579306,-0.001101009966,0.0002281478999,1776.63507,0.4562957998,625.5434883
0.06219896767,0.0008792184248,1.40674948,-0.001119451231,0.000240232806,1650.610185,0.4804656119,678.2071722
0.06224347246,0.0008851517102,1.416242736,-0.001137664002,0.0002525122922,1539.681623,0.5050245845,731.9761064
0.06228818881,0.0008907265005,1.425162401,-0.001155729384,0.0002650028834,1441.244754,0.5300057669,786.8949396
0.06233357095,0.0008960242902,1.433638864,-0.001173820096,0.0002777958061,1352.772371,0.5555916123,843.3448105
0.06237988958,0.0009010914403,1.441746304,-0.001192027041,0.0002909356011,1272.650397,0.5818712021,901.5085816
0.06242744736,0.000905969157,1.449550651,-0.00121044668,0.0003044775229,1199.553299,0.6089550458,961.6210947
0.06247649997,0.0009106863568,1.457098171,-0.001229149589,0.0003184632317,1132.499908,0.6369264634,1023.860465
0.06252730473,0.0009152663725,1.464426196,-0.001248199215,0.0003329328428,1070.702773,0.6658656856,1088.400412
0.0625801091,0.0009197267206,1.471562753,-0.001267646863,0.0003479201422,1013.540156,0.6958402844,1155.388293
0.06263516517,0.0009240810828,1.478529732,-0.001287536261,0.0003634551779,960.5051029,0.7269103558,1224.956091
0.06269273374,0.0009283399856,1.485343977,-0.001307903826,0.00037956384,911.1799625,0.7591276801,1297.218144
0.0627530864,0.0009325111636,1.492017862,-0.001328777853,0.0003962666892,865.2188939,0.7925333784,1372.265559
0.06281651428,0.0009366002397,1.498560384,-0.001350179591,0.0004135793513,822.3300392,0.8271587026,1450.167701
0.06288333243,0.0009406109069,1.504977451,-0.001372122218,0.0004315113108,782.2659569,0.8630226216,1530.966536
0.0629538873,0.0009445451509,1.511272241,-0.001394610092,0.000450064941,744.8151721,0.9001298819,1614.672045
0.06302856431,0.0009484033122,1.5174453,-0.001417637153,0.0004692338409,709.7965571,0.9384676819,1701.25452
0.06310779777,0.0009521840833,1.523494533,-0.001441184823,0.0004890007395,677.05507,0.9780014791,1790.634886
0.06319208309,0.000955884398,1.529415037,-0.001465219009,0.0005093346106,646.458954,1.018669221,1882.671448
0.06328199272,0.0009594992125,1.53519874,-0.001489686023,0.0005301868103,617.8980759,1.060373621,1977.142165
0.06337819723,0.0009630211385,1.540833822,-0.001514506943,0.0005514858047,591.2834422,1.102971609,2073.7205
0.06348149426,0.000966439877,1.546303803,-0.001539569757,0.0005731298797,566.5480215,1.146259759,2171.942045
0.06359284921,0.0009697413605,1.551586177,-0.001564718257,0.0005949768969,543.6492,1.189953794,2271.157665
0.06371345463,0.0009729064386,1.556650302,-0.001589735916,0.0006168294771,522.5736527,1.233658954,2370.465759
0.0638448224,0.0009759088597,1.561454176,-0.00161432208,0.0006384132199,503.3457629,1.27682644,2468.612718
0.06398893587,0.0009787120243,1.565939239,-0.001638055287,0.000659343263,486.0423296,1.318686526,2563.840176
0.06414849913,0.0009812630951,1.570020952,-0.001660330315,0.0006790672197,470.821309,1.358134439,2653.624532
0.06432745561,0.0009834827023,1.573572324,-0.001680251689,0.0006967689865,457.9736867,1.393537973,2734.238022
0.06453213722,0.0009852426009,1.576388161,-0.001696414195,0.0007111715938,448.0418432,1.422343188,2799.849744
0.06477465467,0.0009863075256,1.578092041,-0.001706355142,0.0007200476167,442.1392745,1.440095233,2840.294488
0.06508928544,0.0009860918866,1.577747019,-0.001704332279,0.0007182403924,443.328039,1.436480785,2832.059048
0.0656510589,0.0009811333325,1.569813332,-0.00165918168,0.0006780483475,471.5836873,1.356096695,2648.984243
0.06595792586,0.0009756955007,1.561112801,-0.001612546942,0.0006368514413,504.6881467,1.273702883,2461.508364
0.06628615667,0.0009673150378,1.54770406,-0.001546144412,0.0005788293738,560.3849678,1.157658748,2197.817266
0.06661438747,0.0009556121538,1.528979446,-0.001463416537,0.0005078043836,648.6624517,1.015608767,1875.741659
0.06687265694,0.0009433104969,1.509296795,-0.001387447167,0.00044413667,756.3753323,0.88827334,1587.915649
0.06708183403,0.0009306373705,1.489019793,-0.001319284061,0.0003886466907,885.5841266,0.7772933814,1338.014386
0.06725784881,0.000917440305,1.467904488,-0.001257563988,0.000340123683,1042.476818,0.6802473661,1120.524941
0.06740749517,0.0009037895378,1.44606326,-0.00120210363,0.0002983140918,1231.736576,0.5966281836,934.2424356
0.06753765544,0.0008895183752,1.4232294,-0.00115173222,0.0002622138444,1462.107752,0.5244276887,774.6145718
0.06765301289,0.0008744433068,1.399109291,-0.00110549897,0.0002310556631,1744.583842,0.4621113263,638.1899053
0.06776837034,0.0008564256989,1.370281118,-0.001057830046,0.0002014043469,2137.426342,0.4028086937,510.1626404
0.06786194289,0.0008390902071,1.342544331,-0.001018147379,0.0001790571723,2571.213406,0.3581143447,415.5092029
0.0679519018,0.0008196258369,1.311401339,-0.0009791690553,0.0001595432184,3115.38197,0.3190864367,334.9765893
0.06804383117,0.0007964485799,1.274317728,-0.0009385255998,0.0001420770198,3816.403243,0.2841540396,265.7134905
0.06813576054,0.0007696511214,1.231441794,-0.0008970892487,0.0001274381274,4638.337557,0.2548762547,211.2718686
0.06822970496,0.0007385540778,1.181686524,-0.000853954329,0.0001154002512,5501.06819,0.2308005025,170.9406655
0.06832364939,0.0007041566654,1.126650665,-0.0008100511316,0.0001058944661,6229.89173,0.2117889322,143.9126313
0.06841759382,0.0006671961484,1.067513837,-0.0007654125206,9.821637219e-05,6711.424095,0.1964327444,126.5753002
0.06851632376,0.00062640989,1.002255824,-0.0007177461195,9.133622947e-05,6947.824351,0.1826724589,114.7941863
0.0686318174,0.000577026722,0.9232427553,-0.0006610631903,8.403646828e-05,6978.051774,0.1680729366,105.2862983
0.06878089582,0.0005115448332,0.8184717331,-0.0005865389271,7.499409394e-05,6811.590731,0.1499881879,95.61923725
0.06899798234,0.0004137976191,0.6620761905,-0.0004755935313,6.179591223e-05,6380.647996,0.1235918245,82.57209803
0.06930256978,0.0002732066472,0.4371306355,-0.0003159828122,4.277616499e-05,5466.26857,0.08555232998,63.637105
0.06966861061,0.0001011718421,0.1618749474,-0.000119956917,1.878507482e-05,3466.920931,0.03757014964,37.15573349
0.06985221691,1.625338619e-05,0.0260054179,-2.066157105e-05,4.408184862e-06,1670.825548,0.008816369725,12.38576586
0.06994948018,-2.562613698e-05,-0.04100181916,3.203587264e-05,-6.409735666e-06,1915.468039,-0.01281947133,-17.03406702
0.07006390376,-7.862243679e-05,-0.1257958989,9.403146452e-05,-1.540902773e-05,3069.146532,-0.03081805546,-32.61662307
0.07017973183,-0.0001332930018,-0.2132688028,0.0001567178368,-2.342483498e-05,3961.57257,-0.04684966996,-42.84003834
0.07036372082,-0.0002203894619,-0.3526231391,0.0002559482007,-3.555873874e-05,4993.845619,-0.07111747749,-56.19087962
0.0706284186,-0.0003448785873,-0.5518057397,0.0003973733808,-5.249479354e-05,5982.953653,-0.1049895871,-73.39402588
0.07096669867,-0.0005008708324,-0.8013933318,0.0005744166763,-7.354584389e-05,6772.663812,-0.1470916878,-94.16214476
0.0713020192,-0.0006489922863,-1.038387658,0.0007439944514,-9.50021651e-05,6848.628475,-0.1900043302,-120.6552006
0.07142250759,-0.0006985258766,-1.117641403,0.0008031184128,-0.0001045925362,6322.906608,-0.2091850724,-140.6616962
0.07149471133,-0.0007263540564,-1.16216649,0.0008380272178,-0.0001116731615,5790.501329,-0.223346323,-159.7137545
0.07155514572,-0.0007482214875,-1.19715438,0.0008669270252,-0.0001187055377,5249.934076,-0.2374110754,-181.4623139
0.07160720908,-0.0007658533008,-1.225365281,0.0008915809248,-0.000125727624,4751.152086,-0.251455248,-205.2375276
0.07165397137,-0.0007806607049,-1.249057128,0.0009135261097,-0.0001328654048,4304.19957,-0.2657308096,-230.9298311
0.07170073365,-0.0007944635594,-1.271141695,0.000935277558,-0.0001408139986,3877.774479,-0.2816279971,-260.8564334
0.07174749593,-0.0008072651336,-1.291624214,0.0009568295952,-0.0001495644616,3484.513404,-0.2991289232,-294.9742967
0.07179425821,-0.000819095992,-1.310553587,0.000978176615,-0.000159080623,3130.893939,-0.3181612461,-333.1014808
0.07184102049,-0.0008300068492,-1.328010959,0.0009993131075,-0.0001693062584,2818.47524,-0.3386125167,-374.953637
0.07188778278,-0.000840060986,-1.344097578,0.00102023368,-0.0001801726935,2545.555926,-0.3603453871,-420.1828198
0.07193454506,-0.0008493276331,-1.358924213,0.001040933066,-0.0001916054331,2308.649463,-0.3832108662,-468.411314
0.07198130734,-0.0008578769559,-1.372603129,0.001061406135,-0.0002035291796,2103.54861,-0.4070583592,-519.2572488
0.07202806962,-0.0008657766843,-1.385242695,0.001081647888,-0.0002158712036,1925.985236,-0.4317424072,-572.3517969
0.0720748319,-0.0008730901183,-1.396944189,0.001101653453,-0.0002285633352,1771.983795,-0.4571266704,-627.3493398
0.07212159419,-0.0008798751477,-1.407800236,0.001121418086,-0.0002415429388,1638.015329,-0.4830858775,-683.9324468
0.07216835647,-0.0008861839539,-1.417894326,0.00114093716,-0.000254753206,1521.035466,-0.509506412,-741.8133754
0.07221511875,-0.0008920631292,-1.427301007,0.001160206159,-0.00026814303,1418.462134,-0.53628606,-800.7334311
0.07226199841,-0.0008975673578,-1.436107772,0.001179268082,-0.0002817007244,1327.913609,-0.5634014487,-860.6118996
0.0723095673,-0.0009027914806,-1.444466369,0.001198344373,-0.0002955528928,1246.731492,-0.5911057856,-921.9866671
0.07235810294,-0.0009077819951,-1.452451192,0.001217527737,-0.0003097457415,1173.367882,-0.6194914829,-985.0482114
0.07240795343,-0.0009125835348,-1.460133656,0.001236930936,-0.0003243474008,1106.513169,-0.6486948017,-1050.089123
0.07245939586,-0.0009172256888,-1.467561102,0.001256630079,-0.0003394043906,1045.232227,-0.6788087811,-1117.309615
0.07251271559,-0.000921732726,-1.474772362,0.001276695611,-0.000354962885,988.7739183,-0.7099257699,-1186.910915
0.0725681827,-0.0009261223679,-1.481795789,0.001297182446,-0.0003710600782,936.5553354,-0.7421201564,-1259.056008
0.07262607396,-0.0009304084191,-1.488653471,0.001318137311,-0.0003877288919,888.1037575,-0.7754577837,-1333.890079
0.07268667412,-0.0009346012244,-1.495361959,0.00133959775,-0.0004049965258,843.0342972,-0.8099930516,-1411.5336
0.07275028096,-0.0009387082501,-1.5019332,0.001361592084,-0.0004228838339,801.0301956,-0.8457676677,-1492.079164
0.07281721397,-0.0009427347107,-1.508375537,0.001384140127,-0.0004414054161,761.8262963,-0.8828108323,-1575.5916
0.07288782017,-0.0009466837866,-1.514694059,0.001407252107,-0.0004605683205,725.1993675,-0.9211366411,-1662.101881
0.07296248254,-0.0009505568322,-1.520890931,0.001430927613,-0.0004803707809,690.9601078,-0.9607415617,-1751.601191
0.07304162923,-0.0009543534257,-1.526965481,0.001455153615,-0.0005008001897,658.9477939,-1.001600379,-1844.031548
0.07312574543,-0.0009580713372,-1.53291414,0.001479901814,-0.0005218304769,629.0263717,-1.043660954,-1939.273721
0.07321538822,-0.000961706369,-1.53873019,0.001505124842,-0.0005434184732,601.0820443,-1.086836946,-2037.130522
0.07331120626,-0.0009652520636,-1.544403302,0.001530751061,-0.000565498997,575.0220551,-1.130997994,-2137.304276
0.07341396625,-0.0009686992268,-1.549918763,0.001556677296,-0.0005879780691,550.7747766,-1.175956138,-2239.365734
0.0735245899,-0.0009720351901,-1.555256304,0.001582758592,-0.0006107234016,528.2913192,-1.221446803,-2342.710541
0.07364420707,-0.0009752426832,-1.560388293,0.001608793485,-0.0006335508018,507.5491744,-1.267101604,-2446.497033
0.07377423546,-0.0009782980768,-1.565276923,0.001634502194,-0.0006562041171,488.5589926,-1.312408234,-2549.554539
0.07391651508,-0.00098116873,-1.569869968,0.001659494625,-0.0006783258953,471.3755961,-1.356651791,-2650.249264
0.07407351279,-0.0009838080063,-1.57409281,0.001683214488,-0.0006994064819,456.121052,-1.398812964,-2746.251794
0.07424874016,-0.0009861470583,-1.577835293,0.001704849344,-0.0007187022854,443.0235803,-1.437404571,-2834.163883
0.07444762596,-0.0009880777752,-1.58092444,0.001723153711,-0.0007350759356,432.502895,-1.470151871,-2908.789075
0.07467983349,-0.0009894120304,-1.583059249,0.001736044517,-0.0007466324862,425.3823254,-1.493264972,-2961.473591
0.07496829508,-0.0009897435055,-1.583589609,0.001739278062,-0.0007495345565,423.6320539,-1.499069113,-2974.705427
0.07546487891,-0.0009868855442,-1.579016871,0.001711802435,-0.0007249168908,438.9688729,-1.449833782,-2862.484741
0.07579560934,-0.0009824252123,-1.57188034,0.001670696933,-0.0006882717206,464.0494571,-1.376543441,-2695.537319
0.07613070903,-0.0009755130966,-1.560820954,0.0016110328,-0.0006355197038,505.8386537,-1.271039408,-2455.450649
0.07646580872,-0.0009656858799,-1.545097408,0.001533958383,-0.0005682725034,571.9124751,-1.136545007,-2149.890941
0.07680090841,-0.0009520584614,-1.523293538,0.001440385529,-0.0004883270676,678.1185916,-0.9766541352,-1787.59069
0.07703272584,-0.0009396110192,-1.503377631,0.001366560829,-0.0004269498099,792.0730365,-0.8538996198,-1510.403524
0.07722363752,-0.0009268150848,-1.482904136,0.001300503998,-0.0003736889137,928.5574932,-0.7473778273,-1270.850351
0.07738657179,-0.0009134566561,-1.46153065,0.001240563593,-0.0003271069368,1094.739046,-0.6542138736,-1062.398515
0.07752629405,-0.0008996277175,-1.439404348,0.001186673154,-0.0002870454369,1295.350794,-0.5740908737,-884.2713418
0.07764886607,-0.0008851279652,-1.416204744,0.001137588983,-0.0002524610182,1540.112807,-0.5049220364,-731.7515453
0.07775838909,-0.0008697507115,-1.391601138,0.001092359207,-0.0002226084958,1841.062684,-0.4452169916,-601.5009749
0.07786791212,-0.0008514504998,-1.3623208,0.001045886495,-0.000194435995,2256.487496,-0.3888719899,-480.4371609
0.07795784541,-0.0008337026544,-1.333924247,0.001006830976,-0.0001731283211,2716.345711,-0.3462566422,-390.783538
0.07804586543,-0.000813477947,-1.301564715,0.0009678520912,-0.0001543741442,3297.209447,-0.3087482884,-314.1299656
0.07813541479,-0.0007896018543,-1.263362967,0.0009274557172,-0.0001378538629,4028.261692,-0.2757077258,-249.5747253
0.07823368867,-0.0007593311511,-1.214929842,0.0008822946566,-0.0001229635055,4940.932704,-0.245927011,-195.6736727
0.07835363525,-0.0007169594294,-1.147135087,0.0008260474941,-0.0001090880647,5990.583199,-0.2181761295,-152.3826757
0.07844716362,-0.0006805844885,-1.088935182,0.0007813694976,-0.0001007850091,6571.016729,-0.2015700183,-131.8741254
0.07854069198,-0.0006421511785,-1.027441886,0.0007360109187,-9.385974016e-05,6886.169475,-0.1877194803,-118.7325227
0.07864723709,-0.0005966949104,-0.9547118567,0.0006835569728,-8.686206239e-05,6989.554994,-0.1737241248,-108.6958406
0.07877917798,-0.0005388108344,-0.8620973351,0.0006175269897,-7.871615529e-05,6898.597332,-0.1574323106,-99.445616
0.07896384856,-0.0004558517132,-0.7293627411,0.0005233158106,-6.746409741e-05,6585.167697,-0.1349281948,-88.13874667
0.07923726048,-0.0003301156192,-0.5281849907,0.0003806134891,-5.049786991e-05,5886.205962,-0.1009957398,-71.40699173
0.07957780822,-0.0001703013802,-0.2724822084,0.0001989350484,-2.863366814e-05,4447.199682,-0.05726733629,-48.75752545
0.07989107779,-2.362377423e-05,-0.03779803877,2.962581109e-05,-6.002036857e-06,1864.404395,-0.01200407371,-16.13315417
0.08002018468,3.258739085e-05,0.05213982536,-4.035016212e-05,7.76277127e-06,2088.165713,0.01552554254,19.86985727
0.08015066702,9.338108093e-05,0.1494097295,-0.0001110142561,1.763317515e-05,3334.684804,0.0352663503,35.65448968
0.08029657493,0.0001623109995,0.2596975991,-0.0001898286146,2.751761517e-05,4348.971494,0.05503523034,47.51946138
0.08053249793,0.0002735794024,0.4377270438,-0.0003164062977,4.282689535e-05,5469.291896,0.08565379071,63.68870416
0.08085402766,0.0004230530556,0.676884889,-0.0004860964101,6.304335449e-05,6428.003969,0.126086709,83.79706706
0.08123452709,0.0005940633183,0.9505013093,-0.0006805423668,8.647904845e-05,6989.533146,0.1729580969,108.2167997
0.08140627434,0.0006671406591,1.067425055,-0.0007653467528,9.820609367e-05,6711.932393,0.1964121873,126.5551884
0.08150698819,0.0007073974518,1.131835923,-0.0008140679789,0.000106670527,6172.978439,0.2133410541,145.9079143
0.08158076148,0.0007349830848,1.175972936,-0.000849244603,0.0001142615182,5589.109278,0.2285230364,167.4344661
0.08163970587,0.0007555637518,1.208902003,-0.0008770230925,0.0001214593407,5047.908827,0.2429186813,190.5766685
0.08169039196,0.0007720897726,1.235343636,-0.0009006678864,0.0001285781138,4565.13904,0.2571562275,215.3396033
0.08174107806,0.0007874692562,1.25995081,-0.0009240814987,0.0001366122426,4094.251459,0.2732244851,244.8889636
0.08178569886,0.0008000458995,1.280073439,-0.0009444963233,0.0001444504238,3705.446742,0.2889008476,274.9061442
0.08183031966,0.0008117362277,1.298777964,-0.0009647216098,0.0001529853821,3349.395401,0.3059707641,308.5735008
0.08187494046,0.0008225744249,1.31611908,-0.0009847525944,0.0001621781695,3029.654864,0.324356339,345.6942565
0.08191956126,0.0008326082533,1.332173205,-0.001004584601,0.0001719763474,2746.377037,0.3439526948,386.0029917
0.08196418205,0.0008418934796,1.347029567,-0.001024213053,0.0001823195735,2497.547321,0.364639147,429.1938979
0.08200880285,0.000850489253,1.360782805,-0.001043633483,0.00019314423,2280.006995,0.38628846,474.9443976
0.08205342365,0.0008584546745,1.373527479,-0.001062841532,0.000204386857,2090.17051,0.408773714,522.9326667
0.08209804445,0.0008658465066,1.38535441,-0.001081832949,0.0002159864423,1924.46769,0.4319728846,572.849322
0.08214266525,0.000872717815,1.396348504,-0.001100603591,0.0002278857762,1779.582181,0.4557715523,624.4043374
0.08218728605,0.0008791173006,1.406587681,-0.001119149417,0.0002400321163,1652.556629,0.4800642325,677.3304415
0.08223190685,0.0008850890968,1.416142555,-0.001137466482,0.0002523773851,1540.818834,0.5047547703,731.3841273
0.08227666958,0.0008906900431,1.425104069,-0.001155608083,0.0002649180402,1441.870563,0.5298360804,786.5212131
0.08232207332,0.0008960089742,1.433614359,-0.001173766434,0.0002777574603,1353.021149,0.5555149205,843.175333
0.08236837867,0.0009010920434,1.441747269,-0.001192029263,0.0002909372196,1272.641117,0.5818744393,901.5157588
0.08241589962,0.0009059825313,1.44957205,-0.001210498443,0.0003045159121,1199.358189,0.6090318243,961.7917281
0.08246489155,0.0009107099175,1.457135868,-0.001229245292,0.0003185353744,1132.173773,0.6370707488,1024.181894
0.08251561519,0.0009152983578,1.464477372,-0.001248335465,0.000333037107,1070.282383,0.666074214,1088.865969
0.08256831851,0.0009197658095,1.471625295,-0.001267821359,0.0003480555494,1013.052049,0.6961110989,1155.994108
0.08262325433,0.0009241263664,1.478602186,-0.001287747977,0.0003636216105,959.9675688,0.7272432211,1225.702067
0.08268068295,0.0009283908271,1.485425323,-0.001308152635,0.0003797618079,910.605954,0.7595236158,1298.106945
0.08274087558,0.0009325671917,1.492107507,-0.001329064704,0.0003964975126,864.6169328,0.7929950251,1373.303461
0.08280412187,0.0009366612705,1.498658033,-0.001350506311,0.0004138450402,821.7057271,0.8276900805,1451.364071
0.08287073505,0.0009406769324,1.505083092,-0.001372491607,0.0004318146748,781.6225438,0.8636293496,1532.334345
0.08294105894,0.0009446163175,1.511386108,-0.001395025963,0.0004504096452,744.1541336,0.9008192903,1616.228137
0.08301547559,0.0009484799183,1.517567869,-0.001418104464,0.0004696245454,709.1178945,0.9392490907,1703.020257
0.08309441491,0.000952266583,1.523626533,-0.001441709852,0.0004894432692,676.3575209,0.9788865383,1792.63693
0.08317836668,0.0009559734178,1.529557469,-0.001465809628,0.0005098362101,645.7400591,1.01967242,1884.942929
0.08326789604,0.0009595955791,1.535352927,-0.001490352066,0.0005307564873,617.1541495,1.061512975,1979.724253
0.08336366407,0.0009631259247,1.541001479,-0.001515260736,0.0005521348115,590.5094217,1.104269623,2076.664602
0.08346645578,0.0009665544703,1.546487152,-0.001540426866,0.0005738723953,565.7371681,1.147744791,2175.312924
0.08357721951,0.0009698675688,1.55178811,-0.001565698584,0.0005958310152,542.7925909,1.19166203,2275.037946
0.08369712412,0.0009730466521,1.556874643,-0.001590865329,0.0006178186772,521.6593546,1.235637354,2374.962636
0.0838276465,0.000976066288,1.561706061,-0.001615634771,0.0006395684831,502.3576003,1.279136966,2473.867609
0.08397071885,0.0009788911559,1.566225849,-0.001639598109,0.0006607069534,484.9573626,1.321413907,2570.046411
0.08412896001,0.000981470399,1.570352638,-0.00166216937,0.0006806989706,469.6059689,1.361397941,2661.054173
0.08430616106,0.0009837280736,1.573964918,-0.001682485449,0.0006987573749,456.5755652,1.39751475,2743.295041
0.08450833482,0.0009855425824,1.576868132,-0.001699202108,0.0007136595258,446.3710208,1.427319052,2811.185605
0.08474671103,0.000986694707,1.578711531,-0.001709999902,0.0007233051945,440.0130226,1.446610389,2855.139858
0.08505119045,0.0009866653785,1.578664606,-0.001709723245,0.0007230578662,440.1737165,1.446115732,2854.012699
0.08572968597,0.0009804172442,1.568667591,-0.001652872633,0.0006724553888,475.8135263,1.344910778,2623.519375
0.08602924698,0.000974625273,1.559400437,-0.001603707407,0.0006290821342,511.4766764,1.258164268,2426.174048
0.08636371892,0.0009654436585,1.544709854,-0.00153216583,0.0005667221711,573.6466205,1.133444342,2142.854154
0.08669819087,0.0009526078878,1.52417262,-0.001443886809,0.0004912789208,673.4792855,0.9825578417,1800.943338
0.08694090647,0.0009402167127,1.50434674,-0.001369922355,0.0004297056426,786.1180909,0.8594112852,1522.826039
0.08713914285,0.0009274724478,1.483955917,-0.001303679058,0.0003762066101,921.0279315,0.7524132203,1282.148517
0.08730755548,0.0009141542116,1.462646738,-0.001243489675,0.0003293354634,1085.415716,0.6586709269,1072.342398
0.08745138805,0.0009003686439,1.44058983,-0.001189373424,0.0002890047799,1283.815325,0.5780095597,892.9516101
0.08757716193,0.0008859189582,1.417470333,-0.001140093749,0.0002541747908,1525.803968,0.5083495816,739.2739002
0.08768922097,0.0008706051279,1.392968205,-0.001094711138,0.0002241060103,1823.190007,0.4482120206,607.9941596
0.08780128001,0.0008523417391,1.363746783,-0.001047991106,0.0001956493669,2234.829233,0.3912987338,485.6009538
0.08789290108,0.0008346716446,1.335474631,-0.00100883434,0.0001741626952,2689.907654,0.3483253904,395.083059
0.08798216358,0.0008145996155,1.303359385,-0.0009698853453,0.0001552857298,3263.749612,0.3105714595,317.7879943
0.08807330833,0.0007907751662,1.265240266,-0.0009293266208,0.0001385514545,3991.938935,0.2771029091,252.2198432
0.08816810821,0.0007621798141,1.219487703,-0.0008863247837,0.0001241449697,4858.711994,0.2482899394,199.7314268
0.08826290809,0.0007298307829,1.167729253,-0.0008425205541,0.0001126897712,5711.336408,0.2253795424,162.7026228
0.08835770796,0.0006942953167,1.110872507,-0.0007979461015,0.0001036507848,6387.941227,0.2073015696,138.3864098
0.08845250784,0.0006563651278,1.050184205,-0.0007526358895,9.627076163e-05,6799.940247,0.1925415233,122.8996147
0.08855534512,0.0006133618256,0.9813789209,-0.0007026951416,8.933331597e-05,6976.581721,0.1786666319,111.9397095
0.08867864342,0.0005601394625,0.89622314,-0.0006418040603,8.166459778e-05,6950.575089,0.1633291956,102.6090222
0.08884352278,0.0004871149395,0.7793839032,-0.0005587989923,7.168405281e-05,6719.135373,0.1433681056,92.305627
0.08908887797,0.0003757187235,0.6011499576,-0.0004323791859,5.666046244e-05,6171.247368,0.1133209249,77.51754349
0.0894124848,0.0002252560248,0.3604096398,-0.0002614826546,3.622662977e-05,5041.370396,0.07245325954,56.89026115
0.08980023589,4.311771189e-05,0.06898833902,-5.278465088e-05,9.666938987e-06,2335.976382,0.01933387797,23.50159713
0.09004100577,-6.445306421e-05,-0.1031249027,7.765601644e-05,-1.320295223e-05,2793.814676,-0.02640590445,-29.37352674
0.09028177566,-0.0001781287752,-0.2850060403,0.0002078521129,-2.972333769e-05,4540.221654,-0.05944667539,-49.95364055
0.0905820929,-0.0003197160763,-0.511545722,0.0003688059262,-4.908984991e-05,5815.261912,-0.09817969982,-70.00117232
0.09102372823,-0.0005231876479,-0.8371002367,0.0005997663523,-7.657870439e-05,6851.122471,-0.1531574088,-97.23125008
0.09129199006,-0.0006413426848,-1.026148296,0.0007350694025,-9.372671771e-05,6890.148689,-0.1874534354,-118.5145495
0.09141871635,-0.0006937811431,-1.110049829,0.000797319357,-0.0001035382138,6395.565051,-0.2070764277,-138.119084
0.09149842429,-0.000724666107,-1.159465771,0.000835857889,-0.0001111917819,5827.950957,-0.2223835639,-158.3186871
0.09156128053,-0.0007474596593,-1.195935455,0.0008658920598,-0.0001184324005,5270.365515,-0.236864801,-180.5747994
0.09161422261,-0.0007654038114,-1.224646098,0.0008909340653,-0.0001255302539,4764.399894,-0.2510605079,-204.546726
0.09166135903,-0.0007803334278,-1.248533485,0.0009130266554,-0.0001326932276,4314.246776,-0.2653864552,-230.2954442
0.09170849545,-0.0007942448547,-1.270791767,0.0009349216704,-0.0001406768158,3884.540451,-0.2813536316,-260.3303967
0.09175563187,-0.0008071409784,-1.291425565,0.0009566133089,-0.0001494723305,3488.286811,-0.2989446609,-294.6098951
0.09180276828,-0.0008190527879,-1.310484461,0.0009780958391,-0.0001590430511,3132.160195,-0.3180861023,-332.9492534
0.0918499047,-0.0008300320062,-1.32805121,0.0009993636291,-0.0001693316229,2817.773294,-0.3386632459,-375.0584105
0.09189704112,-0.0008401432533,-1.344229205,0.001020411167,-0.0001802679142,2543.388724,-0.3605358283,-420.5820378
0.09194417754,-0.0008494572139,-1.359131542,0.001041233075,-0.0001917758608,2305.442442,-0.3835517216,-469.1344691
0.09199131396,-0.0008580454725,-1.372872756,0.001061824109,-0.0002037786362,2099.639944,-0.4075572725,-520.3260822
0.09203845038,-0.0008659770559,-1.385563289,0.001082179164,-0.0002162021084,1921.632721,-0.4324042168,-573.7809415
0.0920855868,-0.0008733163998,-1.39730624,0.001102293269,-0.0002289768691,1767.378205,-0.4579537382,-629.1471579
0.09213272322,-0.0008801223628,-1.40819578,0.001122161579,-0.0002420392162,1633.294689,-0.4840784323,-686.1019039
0.09217985964,-0.0008864479363,-1.418316698,0.001141779372,-0.0002553314359,1516.297746,-0.5106628718,-744.3528613
0.09222699606,-0.0008923403839,-1.427744614,0.001161142043,-0.000268801659,1413.775589,-0.537603318,-803.6374883
0.09227421606,-0.0008978510449,-1.436561672,0.001180278734,-0.000282427689,1323.387515,-0.5648553779,-863.8282
0.09232212124,-0.0009030786922,-1.444925908,0.00119942234,-0.0002963436476,1242.399674,-0.5926872952,-925.4956568
0.09237098737,-0.0009080698786,-1.452911806,0.001218664324,-0.000310594445,1169.25772,-0.6211888899,-988.8243272
0.09242117257,-0.0009128703351,-1.460592536,0.0012381206,-0.0003252502652,1102.632816,-0.6505005304,-1054.115742
0.09247295733,-0.0009175099563,-1.46801593,0.001257867706,-0.0003403577495,1041.584039,-0.680715499,-1121.570526
0.09252663263,-0.0009220134077,-1.475221452,0.001277977121,-0.0003559637129,985.3543346,-0.7119274259,-1191.392669
0.09258247268,-0.0009263985933,-1.482237749,0.001298504022,-0.0003721054285,933.3583275,-0.7442108569,-1263.745432
0.09264075889,-0.0009306794655,-1.489087145,0.001319495323,-0.0003888158574,885.1216123,-0.7776317147,-1338.77411
0.09270178063,-0.0009348664379,-1.495786301,0.00134098841,-0.0004061219725,840.258732,-0.812243945,-1416.598093
0.09276584064,-0.0009389670035,-1.502347206,0.001363011222,-0.0004240442185,798.4528649,-0.848088437,-1497.308071
0.09283326394,-0.0009429863608,-1.508778177,0.001385582914,-0.0004425965532,759.439219,-0.8851931063,-1580.965921
0.09290440386,-0.0009469276365,-1.515084218,0.001408712755,-0.0004617851183,722.9952202,-0.9235702365,-1667.598455
0.09297965071,-0.0009507920917,-1.521267347,0.001432399008,-0.0004816069168,688.9324691,-0.9632138336,-1757.191225
0.09305944138,-0.0009545791689,-1.52732667,0.001456626883,-0.0005020477138,657.091352,-1.004095428,-1849.678803
0.09314427168,-0.0009582864519,-1.533258323,0.001481365751,-0.0005230792992,627.3371494,-1.046158598,-1944.932173
0.09323471187,-0.0009619094931,-1.539055189,0.001506565188,-0.0005446556948,599.557664,-1.08931139,-2042.741304
0.09333142726,-0.0009654415003,-1.5447064,0.001532149509,-0.0005667080084,573.6620952,-1.133416017,-2142.79156
0.09343520613,-0.000968872829,-1.550196526,0.001558010145,-0.0005891373158,549.5812677,-1.178274632,-2244.631088
0.09354699873,-0.0009721901937,-1.55550431,0.001583994835,-0.000611804641,527.2694811,-1.223609282,-2347.624969
0.09366797391,-0.0009753754604,-1.560600737,0.001609892028,-0.0006345165671,506.7085495,-1.269033134,-2450.889388
0.09379960465,-0.0009784037559,-1.565446009,0.001635407674,-0.0006570039184,487.9152412,-1.314007837,-2553.194176
0.09394381436,-0.0009812405992,-1.569984959,0.001660131008,-0.0006788904083,470.9533866,-1.357780817,-2652.819512
0.09410319947,-0.0009838364043,-1.574138247,0.001683473661,-0.0006996372563,455.959687,-1.399274513,-2747.302997
0.0942815006,-0.0009861174055,-1.577787849,0.001704571395,-0.0007184539892,443.1871895,-1.436907978,-2833.03242
0.09448460388,-0.0009879661902,-1.580745904,0.001722084642,-0.0007341184516,433.1039061,-1.468236903,-2904.424559
0.0947233404,-0.0009891734287,-1.582677486,0.00173372463,-0.0007445512017,426.6467941,-1.489102403,-2951.984505
0.09502550859,-0.0009892580742,-1.582812919,0.001734546893,-0.0007452888188,426.1977746,-1.490577638,-2955.347433
0.09568279811,-0.0009837950539,-1.574072086,0.001683096806,-0.0006993017518,456.1946708,-1.398603504,-2745.772465
0.09598337277,-0.0009784548469,-1.565527755,0.001635845957,-0.0006573911099,487.6043265,-1.31478222,-2554.955597
0.09631940389,-0.0009699235393,-1.551877663,0.001566134148,-0.0005962106089,542.4131403,-1.192421218,-2276.760855
0.09665543501,-0.0009579987604,-1.532798017,0.001479408749,-0.000521409989,629.5973157,-1.042819978,-1937.368338
0.09692075287,-0.0009453915208,-1.512626433,0.001399577144,-0.000454185623,736.9907089,-0.908371246,-1633.276857
0.09713058006,-0.0009327018477,-1.492322956,0.001329754712,-0.0003970528643,863.1718453,-0.7941057286,-1375.801217
0.09730580509,-0.000919618381,-1.47138941,0.001267163473,-0.0003475450925,1014.894155,-0.695090185,-1153.710939
0.09745580676,-0.0009060186315,-1.44962981,0.001210638068,-0.0003046194362,1198.831688,-0.6092388725,-962.2524668
0.09758596468,-0.000891850644,-1.42696103,0.00115949051,-0.0002676398659,1422.062958,-0.5352797318,-798.5156358
0.09770124698,-0.0008769092116,-1.403054739,0.001112628331,-0.000235719119,1695.5282,-0.4714382379,-658.5059952
0.09781652929,-0.0008590630895,-1.374500943,0.001064360173,-0.0002052970839,2076.148241,-0.4105941679,-526.8376673
0.09790987433,-0.0008419268302,-1.347082928,0.001024286022,-0.0001823591915,2496.678768,-0.3647183829,-429.3602153
0.09799902251,-0.0008228162931,-1.316506069,0.0009852153616,-0.0001623990685,3022.669205,-0.324798137,-346.595069
0.09808990786,-0.0008001121805,-1.280179489,0.0009446073995,-0.000144495219,3703.406529,-0.288990438,-275.080378
0.09818079321,-0.0007738299856,-1.238127977,0.0009032425922,-0.0001294126066,4512.584553,-0.2588252132,-218.338499
0.0982833308,-0.0007398693296,-1.183790927,0.0008556996076,-0.000115830278,5467.977139,-0.231660556,-172.281424
0.09838586839,-0.0007019015719,-1.123042515,0.0008072677836,-0.0001053662117,6268.03492,-0.2107324234,-142.5787904
0.09848840598,-0.0006609149522,-1.057463924,0.0007579902524,-9.707530015e-05,6765.323461,-0.1941506003,-124.3847478
0.09859506543,-0.000616131686,-0.9858106975,0.0007058845205,-8.975283458e-05,6971.974243,-0.1795056692,-112.5195245
0.09872221447,-0.0005609406755,-0.8975050807,0.0006427169369,-8.177626143e-05,6952.182596,-0.1635525229,-102.7320327
0.09889118477,-0.0004856743517,-0.7770789627,0.0005571636621,-7.148931039e-05,6713.3261,-0.1429786208,-92.11228248
0.09914331118,-0.000370606538,-0.5929704608,0.0004265769645,-5.597042652e-05,6141.254593,-0.111940853,-76.83623799
0.09947332444,-0.0002165499928,-0.3464799886,0.0002515812946,-3.503130175e-05,4955.715521,-0.07006260351,-55.63677193
0.09986938298,-3.055962306e-05,-0.04889539689,3.793743441e-05,-7.377811347e-06,2038.617376,-0.01475562269,-19.08632831
0.1,2.630763527e-05,0.04209221643,-3.285403658e-05,6.546401316e-06,1932.703189,0.01309280263,17.33112551
