time,l.i,c.v,r1.i,r.i,opAmp.out.i,opAmp.out.v
0,0,10,0.0009999332711,9.332043897e-07,-0.001000866476,10.00933204
1e-06,0.009999934221,9.999802645,0.000999913537,9.331859736e-07,-0.001000846723,10.00913451
9.654099178e-06,0.09648180138,9.981608731,0.0009980942669,9.314881095e-07,-0.0009990257551,9.990923612
3.059959591e-05,0.3041142656,9.815744577,0.0009815089584,9.160095939e-07,-0.000982424968,9.824904673
6.226773214e-05,0.6069131458,9.244372475,0.0009243755609,8.626888984e-07,-0.0009252382498,9.252999364
0.0001022900779,0.953919103,8.004762304,0.0008004228155,7.47007933e-07,-0.0008011698235,8.012232383
0.0001534088376,1.307330693,5.703243421,0.000570286285,5.322291803e-07,-0.0005708185142,5.708565713
0.0002136121207,1.55013379,2.266454882,0.0002266303644,2.115065648e-07,-0.000226841871,2.268569948
0.0002796810692,1.563953961,-1.854123696,-0.0001853999972,-1.730276374e-07,0.0001855730248,-1.855853972
0.0003457500176,1.312110045,-5.65974885,-0.0005659371181,-5.281702478e-07,0.0005664652884,-5.665030552
0.0004273102422,0.7018888235,-8.975029652,-0.0008974430759,-8.375537079e-07,0.0008982806296,-8.98340519
0.0005123707089,-0.1235830277,-9.969815279,-0.0009969150005,-9.303875394e-07,0.000997845388,-9.979119155
0.0005974311756,-0.9145873345,-8.183989772,-0.0008183443664,-7.63733519e-07,0.0008191080999,-8.191627107
0.0006890522818,-1.476271856,-3.736546664,-0.0003736297328,-3.486961753e-07,0.000373978429,-3.740033625
0.0007866109307,-1.549627173,2.280105455,0.0002279953306,2.127804422e-07,-0.000228208111,2.282233259
0.0008841695796,-1.058724912,7.466514256,0.0007466016024,6.967783888e-07,-0.0007472983808,7.47348204
0.0009902276132,-0.09766027895,9.981161446,0.0009980495414,9.314463687e-07,-0.0009989809878,9.990475909
0.001096285647,0.9051902212,8.22512551,0.0008224576657,7.675723241e-07,-0.000823225238,8.232801233
0.00120234368,1.520732666,2.949771009,0.0002949574174,2.752739257e-07,-0.0002952326913,2.952523748
0.001313793907,1.465397606,-3.901839196,-0.0003901578831,-3.64121347e-07,0.0003905220044,-3.905480409
0.001425244133,0.7203668614,-8.917026046,-0.0008916431023,-8.321407859e-07,0.0008924752431,-8.925347454
0.00154393321,-0.4337797459,-9.621395571,-0.0009620753546,-8.978728593e-07,0.0009629732275,-9.6303743
0.001662622287,-1.357658532,-5.218379602,-0.0005218031386,-4.869814758e-07,0.00052229012,-5.223249417
0.001784118927,-1.555110675,2.127422138,0.0002127280177,1.98531968e-07,-0.0002129265497,2.129407458
0.001905615566,-0.8894724254,8.292484974,0.0008291931625,7.738583388e-07,-0.0008299670209,8.300223557
0.002027112205,0.2698237289,9.855187237,0.0009854529612,9.196904002e-07,-0.0009863726516,9.864384141
0.002148608845,1.279364769,5.948234812,0.0005947837893,5.550918844e-07,-0.0005953388812,5.953785731
0.002270105484,1.578853399,-1.259993763,-0.0001259909685,-1.175831712e-07,0.0001261085517,-1.261169595
0.002391602123,1.002074165,-7.76890845,-0.000776839004,-7.249979478e-07,0.0007775640019,-7.77615843
0.002513098762,-0.1308573755,-9.966048049,-0.0009965383026,-9.300359799e-07,0.0009974683386,-9.975348409
0.002634595402,-1.1911605,-6.632003682,-0.0006631561136,-6.189014956e-07,0.000663775015,-6.638192697
0.002756092041,-1.590364685,0.3828112776,3.827857331e-05,3.572411652e-08,-3.831429742e-05,0.3831685188
0.00287758868,-1.106912016,7.185151032,0.0007184671574,6.705214491e-07,-0.0007191376789,7.191856246
0.00299908532,-0.009121604447,9.999701817,0.0009999034548,9.331765642e-07,-0.001000836631,10.00903358
0.003120581959,1.093729117,7.264389479,0.0007263904735,6.779160159e-07,-0.0007270683895,7.271168639
0.003242078598,1.589555454,0.4973297789,4.972965926e-05,4.641103333e-08,-4.97760703e-05,0.4977938893
0.003363575238,1.203173869,-6.545735521,-0.0006545298731,-6.108509129e-07,0.0006551407241,-6.55184403
0.003485071877,0.1490287973,-9.955888447,-0.0009955224102,-9.290878813e-07,0.000996451498,-9.965179326
0.003606568516,-0.9878254852,-7.840493576,-0.0007839970389,-7.316783032e-07,0.0007847287172,-7.847810359
0.003728065156,-1.576432074,-1.373611003,-0.0001373519343,-1.281859819e-07,0.0001374801203,-1.374892863
0.003849561795,-1.290114061,5.855615865,0.0005855225126,5.464486436e-07,-0.0005860689612,5.861080351
0.003971058434,-0.2877803541,9.834947979,0.0009834291704,9.178016638e-07,-0.0009843469721,9.844125996
0.004092789852,0.8762309234,8.347740758,0.0008347183723,7.790148329e-07,-0.0008354973871,8.355530906
0.00421452127,1.552140963,2.210480681,0.0002210333179,2.062830278e-07,-0.0002212396009,2.212543512
0.004337222752,1.358410247,-5.210219995,-0.0005209872322,-4.862200176e-07,0.0005214734523,-5.215082195
0.004459924233,0.3964835607,-9.684465913,-0.0009683819679,-9.037586112e-07,0.0009692857265,-9.693503499
0.004584129341,-0.8026760582,-8.634763851,-0.0008634187663,-8.057999539e-07,0.0008642245662,-8.64282185
0.004708334449,-1.537290617,-2.587766238,-0.0002587593559,-2.414914816e-07,0.0002590008474,-2.590181153
0.004833860014,-1.375616108,5.028747398,0.0005028411835,4.692849152e-07,-0.0005033104684,5.033440247
0.004959385578,-0.4016887901,9.67594095,0.0009675295285,9.02963058e-07,-0.0009684324916,9.68497058
0.005085950129,0.818347268,8.576432259,0.0008575859964,8.003564242e-07,-0.0008583863528,8.584435823
0.00521251468,1.547569753,2.333145729,0.0002332990041,2.177301839e-07,-0.0002335167343,2.335323031
0.005339390552,1.34696772,-5.326009898,-0.0005325654499,-4.970255823e-07,0.0005330624755,-5.330980154
0.005466266425,0.3347458302,-9.775935699,-0.0009775283362,-9.122946119e-07,0.0009784406308,-9.785058645
0.005593142298,-0.879175427,-8.335321673,-0.0008334765466,-7.778558784e-07,0.0008342544025,-8.343100232
0.005720018171,-1.563342654,-1.872232582,-0.000187210765,-1.747175667e-07,0.0001873854826,-1.873979758
0.005846894044,-1.305509886,5.718958197,0.0005718576578,5.336956901e-07,-0.0005723913534,5.724295154
0.005973769917,-0.2610380042,9.864146881,0.0009863488657,9.205265181e-07,-0.0009872693923,9.873352146
0.00610064579,0.9407202235,8.065644659,0.0008065106447,7.52689501e-07,-0.0008072633342,8.073171554
0.006227521663,1.575640409,1.407163324,0.0001407069425,1.313170992e-07,-0.0001408382596,1.408476495
0.006354397536,1.261150686,-6.099189899,-0.0006098782907,-5.691790794e-07,0.0006104474698,-6.10488169
0.006481273409,0.1867508192,-9.930431239,-0.0009929768592,-9.267122035e-07,0.0009939035714,-9.939698361
0.006608149281,-1.000173284,-7.778042711,-0.0007777523691,-7.25850361e-07,0.0007784782194,-7.785301214
0.006735025154,-1.584435724,-0.9389717457,-9.389090891e-05,-8.762525559e-08,9.397853417e-05,-0.9398479982
0.006861901027,-1.213988756,6.465859984,0.0006465428524,6.033968927e-07,-0.0006471462493,6.471893953
0.0069887769,-0.1120494059,9.974641696,0.00099739761,9.308379428e-07,-0.0009983284479,9.983950076
0.007115652773,1.057402482,7.473155315,0.000747265664,6.973981354e-07,-0.0007479630621,7.480129297
0.007242528646,1.58970909,0.4686985705,4.686672948e-05,4.37391564e-08,-4.691046864e-05,0.469135962
0.007369404519,1.164128957,-6.818153587,-0.0006817698619,-6.362730864e-07,0.000682406135,-6.824516318
0.007496280392,0.03709981364,-9.996680244,-0.0009996013177,-9.328945897e-07,0.001000534212,-10.00600919
0.007623156265,-1.112280636,-7.151660373,-0.0007151183151,-6.673960862e-07,0.0007157857112,-7.158334334
0.007750032137,-1.591448828,0.002610865762,2.610691541e-07,2.436471393e-10,-2.613128013e-07,0.002613302099
0.00787690801,-1.11168215,7.155287807,0.0007154810343,6.677346e-07,-0.0007161487689,7.161965153
0.008003783883,0.03793135857,9.996498157,0.0009995831102,9.328775973e-07,-0.001000515988,10.00582693
0.008130659756,1.164685793,6.814272691,0.0006813817982,6.359109195e-07,-0.0006820177091,6.8206318
0.008257535629,1.589651113,-0.4739089359,-4.738773125e-05,-4.422538999e-08,4.743195664e-05,-0.4743511898
0.008384411502,1.056764942,-7.476513452,-0.0007476014552,-6.977115181e-07,0.0007482991667,-7.483490567
0.008511287375,-0.1128773323,-9.974096102,-0.0009973430542,-9.307870277e-07,0.0009982738412,-9.983403972
0.008638163248,-1.214501496,-6.461742393,-0.0006461311208,-6.030126373e-07,0.0006467341334,-6.467772519
0.008765039121,-1.584319981,0.9441480503,9.440850484e-05,8.810831062e-08,-9.449661315e-05,0.9450291335
0.008891914993,-0.9994994317,7.781116694,0.0007780597469,7.261372265e-07,-0.0007787858841,7.788378067
0.009018790866,0.1875715205,9.929524136,0.000992886155,9.266275523e-07,-0.0009938127826,9.938790412
0.009145666739,1.261617047,6.094853254,0.0006094446551,5.687743818e-07,-0.0006100134295,6.100540998
0.009272542612,1.575467324,-1.412282986,-0.0001412188746,-1.317948683e-07,0.0001413506694,-1.413600934
0.009399418485,0.9400129342,-8.068420667,-0.0008067882271,-7.529485594e-07,0.0008075411756,-8.075950153
0.009526294358,-0.2618478978,-9.862881595,-0.0009862223456,-9.20408441e-07,0.000987142754,-9.872085679
0.009653170231,-1.305927751,-5.714420955,-0.0005714039638,-5.332722727e-07,0.0005719372361,-5.719753678
0.009780046104,-1.563112863,1.877273208,0.0001877147939,1.7518796e-07,-0.0001878899819,1.879025087
0.009906921977,-0.8784377012,8.337786962,0.0008337230591,7.780859403e-07,-0.0008345011451,8.345567822
0.01,0.0001287327005,9.99911757,0.000999845034,9.331220421e-07,-0.001000778156,10.00844879
